temp,sg,time,comment,id,type,__acc_reading_doc_id,__acc_reading_data_id,timepoint,pressure,ph
16.8,,1687701600000,,manual,manual,R6Qw4Kt8oJpLmUsd2eMm5U08M1B9dM$0$manual$manual$0,zx2S8oREh2gFmlYqRDmpFnPFIcLNkC,2023-06-25T14:00:00.000Z
16.6,,1687687200000,,manual,manual,R6Qw4Kt8oJpLmUsd2eMm5U08M1B9dM$0$manual$manual$0,gBil7OcIkedYMMKgxr985YlA1gWjCi,2023-06-25T10:00:00.000Z
18,,1687672800000,,manual,manual,R6Qw4Kt8oJpLmUsd2eMm5U08M1B9dM$0$manual$manual$0,47sftjec4b00xLbmvaEqCIdqEwXVio,2023-06-25T06:00:00.000Z
17,,1687658400000,,manual,manual,R6Qw4Kt8oJpLmUsd2eMm5U08M1B9dM$0$manual$manual$0,Ltxw6h3Rvm4Et0QcjlaYwOixUPkL0L,2023-06-25T02:00:00.000Z
16.3,,1687644000000,,manual,manual,R6Qw4Kt8oJpLmUsd2eMm5U08M1B9dM$0$manual$manual$0,HFGlaFj4IcFtVv4Dnv2U2l7eE0Z55w,2023-06-24T22:00:00.000Z
17,,1687629600000,,manual,manual,R6Qw4Kt8oJpLmUsd2eMm5U08M1B9dM$0$manual$manual$0,nJcS8vs8MlgN5KGR7P7ncpsekZcRRP,2023-06-24T18:00:00.000Z
16.7,,1687615200000,,manual,manual,R6Qw4Kt8oJpLmUsd2eMm5U08M1B9dM$0$manual$manual$0,4nlTeCiBILIuVMlppHwmiM4z8bImVQ,2023-06-24T14:00:00.000Z
17.1,,1687600800000,,manual,manual,R6Qw4Kt8oJpLmUsd2eMm5U08M1B9dM$0$manual$manual$0,xQVMis3z5TVTrvm2F8Y2WxpKJlF8Gn,2023-06-24T10:00:00.000Z
16.5,,1687586400000,,manual,manual,R6Qw4Kt8oJpLmUsd2eMm5U08M1B9dM$0$manual$manual$0,lppoydvA2pbWj6KE0PCktEfevs0Fd0,2023-06-24T06:00:00.000Z
16.4,,1687572000000,,manual,manual,R6Qw4Kt8oJpLmUsd2eMm5U08M1B9dM$0$manual$manual$0,u5IWtq8wqeP9IqChlOkA3A39mu5XjS,2023-06-24T02:00:00.000Z
17.4,,1687557600000,,manual,manual,R6Qw4Kt8oJpLmUsd2eMm5U08M1B9dM$0$manual$manual$0,KRyjZs0EGXt7rcYzT6Pm4HkcbcALp6,2023-06-23T22:00:00.000Z
16.4,,1687543200000,,manual,manual,R6Qw4Kt8oJpLmUsd2eMm5U08M1B9dM$0$manual$manual$0,TLXqv5KIggCzSCb2C95vBNMPLKiRH8,2023-06-23T18:00:00.000Z
17.7,,1687528800000,,manual,manual,R6Qw4Kt8oJpLmUsd2eMm5U08M1B9dM$0$manual$manual$0,0yey3EA8GY9iwwKA9h0bBhtWp1D6Mb,2023-06-23T14:00:00.000Z
16.7,,1687514400000,,manual,manual,R6Qw4Kt8oJpLmUsd2eMm5U08M1B9dM$0$manual$manual$0,FwBqpI4toFKfL6N4sZ5oKc1bOkeYhT,2023-06-23T10:00:00.000Z
16.2,,1687500000000,,manual,manual,R6Qw4Kt8oJpLmUsd2eMm5U08M1B9dM$0$manual$manual$0,SnloDMJAn45Q3LMW6URIUZf4igBDl9,2023-06-23T06:00:00.000Z
16.3,,1687485600000,,manual,manual,R6Qw4Kt8oJpLmUsd2eMm5U08M1B9dM$0$manual$manual$0,0BdThd18cUdphXdQTQQIIPpDrTloJe,2023-06-23T02:00:00.000Z
17.6,,1687471200000,,manual,manual,R6Qw4Kt8oJpLmUsd2eMm5U08M1B9dM$0$manual$manual$0,A7KbYVUsUqywsHFJTQmEm2SlqyZp8q,2023-06-22T22:00:00.000Z
16.7,,1687456800000,,manual,manual,R6Qw4Kt8oJpLmUsd2eMm5U08M1B9dM$0$manual$manual$0,AHUP6YHNXnhfodp6rrmyAR54rU7c9w,2023-06-22T18:00:00.000Z
16.5,,1687442400000,,manual,manual,R6Qw4Kt8oJpLmUsd2eMm5U08M1B9dM$0$manual$manual$0,OKZMzh7zzQn0n5RxRqdG3KC5DKj2tB,2023-06-22T14:00:00.000Z
17.3,,1687428000000,,manual,manual,R6Qw4Kt8oJpLmUsd2eMm5U08M1B9dM$0$manual$manual$0,5e58yg4EvXPOQVOb3pmwPy7l6rC7ph,2023-06-22T10:00:00.000Z
16.7,,1687413600000,,manual,manual,R6Qw4Kt8oJpLmUsd2eMm5U08M1B9dM$0$manual$manual$0,sAOHtQHcNHuLiM9jk1d8qhxISD79tT,2023-06-22T06:00:00.000Z
16.3,,1687399200000,,manual,manual,R6Qw4Kt8oJpLmUsd2eMm5U08M1B9dM$0$manual$manual$0,LDvBZ2Ha3YuLFHlmIro1iaJhfbHWAe,2023-06-22T02:00:00.000Z
17.7,,1687384800000,,manual,manual,R6Qw4Kt8oJpLmUsd2eMm5U08M1B9dM$0$manual$manual$0,wnRvzQTUFspxiOCkes9ZljH6qkPSth,2023-06-21T22:00:00.000Z
16.6,,1687370400000,,manual,manual,R6Qw4Kt8oJpLmUsd2eMm5U08M1B9dM$0$manual$manual$0,BhyWRemBG5bYiLXoqIWPXYNJiV1l35,2023-06-21T18:00:00.000Z
18,,1687356000000,,manual,manual,R6Qw4Kt8oJpLmUsd2eMm5U08M1B9dM$0$manual$manual$0,6U9bQ7UexooXDbL0BlsMEiL7ri9CSE,2023-06-21T14:00:00.000Z
16.9,,1687341600000,,manual,manual,R6Qw4Kt8oJpLmUsd2eMm5U08M1B9dM$0$manual$manual$0,pndHsYIiCKbpYd6TpjxaUswLuSWTMY,2023-06-21T10:00:00.000Z
16.5,,1687327200000,,manual,manual,R6Qw4Kt8oJpLmUsd2eMm5U08M1B9dM$0$manual$manual$0,uiMkO9lYhXm5ZlN1tRILNoTL5lWp0e,2023-06-21T06:00:00.000Z
17.8,,1687312800000,,manual,manual,R6Qw4Kt8oJpLmUsd2eMm5U08M1B9dM$0$manual$manual$0,x3zyAHhuZ9UQ2tBTw8N2wlIkVX55BE,2023-06-21T02:00:00.000Z
16.8,,1687298400000,,manual,manual,R6Qw4Kt8oJpLmUsd2eMm5U08M1B9dM$0$manual$manual$0,5PZ88M3IOJjPRQ963UpeHzMM0YqqAF,2023-06-20T22:00:00.000Z
16.5,,1687284000000,,manual,manual,R6Qw4Kt8oJpLmUsd2eMm5U08M1B9dM$0$manual$manual$0,I13ujjKWHFevjp6QvkKx1KvTkmVWOi,2023-06-20T18:00:00.000Z
16.8,,1687269600000,,manual,manual,R6Qw4Kt8oJpLmUsd2eMm5U08M1B9dM$0$manual$manual$0,42ObGtqGwJEUjqAcWQSOTvKsCwoc0q,2023-06-20T14:00:00.000Z
17.1,,1687255200000,,manual,manual,R6Qw4Kt8oJpLmUsd2eMm5U08M1B9dM$0$manual$manual$0,Ru6L6gzXRLVa2yoSnTfpsoNMrIVHYb,2023-06-20T10:00:00.000Z
17.4,,1687240800000,,manual,manual,R6Qw4Kt8oJpLmUsd2eMm5U08M1B9dM$0$manual$manual$0,G6XNJNY6Zz1nTvbgOH0ybLstF569Gb,2023-06-20T06:00:00.000Z
16.6,,1687226400000,,manual,manual,R6Qw4Kt8oJpLmUsd2eMm5U08M1B9dM$0$manual$manual$0,5hZQq2sg98kybJULGpkUGX8MXMQL2O,2023-06-20T02:00:00.000Z
16.8,,1687212000000,,manual,manual,R6Qw4Kt8oJpLmUsd2eMm5U08M1B9dM$0$manual$manual$0,Q81GGYsXkDqA77v9NtJZRXq4VnSe00,2023-06-19T22:00:00.000Z
17,,1687197600000,,manual,manual,R6Qw4Kt8oJpLmUsd2eMm5U08M1B9dM$0$manual$manual$0,35RISTLB2k81Uo0MJ2jJcqp915aWlH,2023-06-19T18:00:00.000Z
16.5,,1687183200000,,manual,manual,R6Qw4Kt8oJpLmUsd2eMm5U08M1B9dM$0$manual$manual$0,YEMkiC5J3NWgHaI5RAcLXtyCG6gBOM,2023-06-19T14:00:00.000Z
17.5,,1687168800000,,manual,manual,R6Qw4Kt8oJpLmUsd2eMm5U08M1B9dM$0$manual$manual$0,VPHEzY6gtczxnA57yLa1wVDimJU2iX,2023-06-19T10:00:00.000Z
16.6,,1687154400000,,manual,manual,R6Qw4Kt8oJpLmUsd2eMm5U08M1B9dM$0$manual$manual$0,PrkOP0Kt5NF30KU7De0UtyDBMZuaPR,2023-06-19T06:00:00.000Z
16.4,,1687140000000,,manual,manual,R6Qw4Kt8oJpLmUsd2eMm5U08M1B9dM$0$manual$manual$0,RsWfyaapIY4Xb6zQNzgMoJlEq97LDC,2023-06-19T02:00:00.000Z
17.3,,1687125600000,,manual,manual,R6Qw4Kt8oJpLmUsd2eMm5U08M1B9dM$0$manual$manual$0,suqeplOwbCUgSHfYvEd9ttr4NDyteV,2023-06-18T22:00:00.000Z
16.5,,1687111200000,,manual,manual,R6Qw4Kt8oJpLmUsd2eMm5U08M1B9dM$0$manual$manual$0,rozPTmmMLPTmxWUVqlNZO9kfdf07tJ,2023-06-18T18:00:00.000Z
17.7,,1687096800000,,manual,manual,R6Qw4Kt8oJpLmUsd2eMm5U08M1B9dM$0$manual$manual$0,vDC4Mpfcv25KpZCAu2Lo7KpUhbRDl6,2023-06-18T14:00:00.000Z
16.3,,1687082400000,,manual,manual,R6Qw4Kt8oJpLmUsd2eMm5U08M1B9dM$0$manual$manual$0,BNiD71vIqzipqcWwVR7bYJoMiBhVJm,2023-06-18T10:00:00.000Z
17.7,,1687068000000,,manual,manual,R6Qw4Kt8oJpLmUsd2eMm5U08M1B9dM$0$manual$manual$0,aJyncL3baXY58ywFhgMhNMHrAc9f1R,2023-06-18T06:00:00.000Z
17.1,,1687053600000,,manual,manual,R6Qw4Kt8oJpLmUsd2eMm5U08M1B9dM$0$manual$manual$0,SxEgawJ1WYBeJ7daXO29Jq6BnZUGB5,2023-06-18T02:00:00.000Z
16.3,,1687039200000,,manual,manual,R6Qw4Kt8oJpLmUsd2eMm5U08M1B9dM$0$manual$manual$0,skwyC1rgz4PJ5650eCrslnyH41RyML,2023-06-17T22:00:00.000Z
17.7,,1687024800000,,manual,manual,R6Qw4Kt8oJpLmUsd2eMm5U08M1B9dM$0$manual$manual$0,gS7oeMxpMCw45o37j2HlImOMTz8OLM,2023-06-17T18:00:00.000Z
16.4,,1687010400000,,manual,manual,R6Qw4Kt8oJpLmUsd2eMm5U08M1B9dM$0$manual$manual$0,GifiaV5zbFFo66RUfqXSsrCj3xYde7,2023-06-17T14:00:00.000Z
17.9,,1686996000000,,manual,manual,R6Qw4Kt8oJpLmUsd2eMm5U08M1B9dM$0$manual$manual$0,Hikw9mR3938A2TjEV4Z4Gv3q6wWdfU,2023-06-17T10:00:00.000Z
17.4,,1686981600000,,manual,manual,R6Qw4Kt8oJpLmUsd2eMm5U08M1B9dM$0$manual$manual$0,on7kWe5XMFSfVdrfeBXLm1e3TWOcvS,2023-06-17T06:00:00.000Z
16.9,,1686967200000,,manual,manual,R6Qw4Kt8oJpLmUsd2eMm5U08M1B9dM$0$manual$manual$0,z7iHf7G1Zh6OcDKuOqf0ooSNk0Jyuv,2023-06-17T02:00:00.000Z
16.5,,1686952800000,,manual,manual,R6Qw4Kt8oJpLmUsd2eMm5U08M1B9dM$0$manual$manual$0,UAOGLPbj6PYyWNSP1slsYjphav3PBz,2023-06-16T22:00:00.000Z
17.5,,1686938400000,,manual,manual,R6Qw4Kt8oJpLmUsd2eMm5U08M1B9dM$0$manual$manual$0,DCwue8QDzUMWkS8wTavm1etoYAeoa5,2023-06-16T18:00:00.000Z
16.5,,1686924000000,,manual,manual,R6Qw4Kt8oJpLmUsd2eMm5U08M1B9dM$0$manual$manual$0,hgMSOawVCeZPtKATACdKP1GG7N7hRV,2023-06-16T14:00:00.000Z
17.5,,1686909600000,,manual,manual,R6Qw4Kt8oJpLmUsd2eMm5U08M1B9dM$0$manual$manual$0,JnmdnMwGvFksETYBTr6kEQEbYRbFjz,2023-06-16T10:00:00.000Z
16.6,,1686895200000,,manual,manual,R6Qw4Kt8oJpLmUsd2eMm5U08M1B9dM$0$manual$manual$0,o6IwS687cdRA7bGKwqtvvuQlPTDsHX,2023-06-16T06:00:00.000Z
16.3,,1686880800000,,manual,manual,R6Qw4Kt8oJpLmUsd2eMm5U08M1B9dM$0$manual$manual$0,gcWSiY0dPdrLpQQ9MKKpeRxpmxhLOq,2023-06-16T02:00:00.000Z
17.7,,1686866400000,,manual,manual,R6Qw4Kt8oJpLmUsd2eMm5U08M1B9dM$0$manual$manual$0,tjYTXqC5DyIJHhGMVGyK1G6hqRNyxG,2023-06-15T22:00:00.000Z
16.5,,1686852000000,,manual,manual,R6Qw4Kt8oJpLmUsd2eMm5U08M1B9dM$0$manual$manual$0,P8ywNbevZf88qNw5TEBYT7Qm8CM9iX,2023-06-15T18:00:00.000Z
17.8,,1686837600000,,manual,manual,R6Qw4Kt8oJpLmUsd2eMm5U08M1B9dM$0$manual$manual$0,F68L5Ztbd760gaqRDLmKJV5sWjQY1d,2023-06-15T14:00:00.000Z
16.5,,1686823200000,,manual,manual,R6Qw4Kt8oJpLmUsd2eMm5U08M1B9dM$0$manual$manual$0,7vy39Jbbu6arhHurGGsMZeASBbYoUf,2023-06-15T10:00:00.000Z
16.4,,1686808800000,,manual,manual,R6Qw4Kt8oJpLmUsd2eMm5U08M1B9dM$0$manual$manual$0,kQNFL6f8UupL9EIAPIA3gzZiB9Z2Ip,2023-06-15T06:00:00.000Z
17.4,,1686794400000,,manual,manual,R6Qw4Kt8oJpLmUsd2eMm5U08M1B9dM$0$manual$manual$0,Nh4KBTfLWxBuBX3vYaBRiz6sgqzY1i,2023-06-15T02:00:00.000Z
16.3,,1686780000000,,manual,manual,R6Qw4Kt8oJpLmUsd2eMm5U08M1B9dM$0$manual$manual$0,nGN1zAlfhVHbCuzbkxE4AH2C3VM7tE,2023-06-14T22:00:00.000Z
18,,1686765600000,,manual,manual,R6Qw4Kt8oJpLmUsd2eMm5U08M1B9dM$0$manual$manual$0,1m1qw8v7UxEKOGZl02NbsmoQbTTzlP,2023-06-14T18:00:00.000Z
16.8,,1686751200000,,manual,manual,R6Qw4Kt8oJpLmUsd2eMm5U08M1B9dM$0$manual$manual$0,EZotydecQr7AZCRrB1J6UZHYQxSNk9,2023-06-14T14:00:00.000Z
17.3,,1686736800000,,manual,manual,R6Qw4Kt8oJpLmUsd2eMm5U08M1B9dM$0$manual$manual$0,9tHRXLwYmD0w53kLJ33NveOoSF4LEN,2023-06-14T10:00:00.000Z
17.5,,1686722400000,,manual,manual,R6Qw4Kt8oJpLmUsd2eMm5U08M1B9dM$0$manual$manual$0,Z5kOqnbwjg0V83QG12XsoBehDi5Pad,2023-06-14T06:00:00.000Z
16.8,,1686708000000,,manual,manual,R6Qw4Kt8oJpLmUsd2eMm5U08M1B9dM$0$manual$manual$0,3HUP4fuOwrS3bikoeUP1WM6ms3mJxH,2023-06-14T02:00:00.000Z
16.3,,1686693600000,,manual,manual,R6Qw4Kt8oJpLmUsd2eMm5U08M1B9dM$0$manual$manual$0,GuRQR4UdoZDnAptIXdIqt5QJQ6qOoL,2023-06-13T22:00:00.000Z
17.1,,1686679200000,,manual,manual,R6Qw4Kt8oJpLmUsd2eMm5U08M1B9dM$0$manual$manual$0,ZHO92dUhRpumaXyYJjCX0jb8vBWRrT,2023-06-13T18:00:00.000Z
16.5,,1686664800000,,manual,manual,R6Qw4Kt8oJpLmUsd2eMm5U08M1B9dM$0$manual$manual$0,pwDjmbFVqby4d7AbkolyrmftOtND0c,2023-06-13T14:00:00.000Z
17.3,,1686650400000,,manual,manual,R6Qw4Kt8oJpLmUsd2eMm5U08M1B9dM$0$manual$manual$0,CZS691XmsPAvSUP5DlWbtt88pQEzAo,2023-06-13T10:00:00.000Z
16.2,,1686636000000,,manual,manual,R6Qw4Kt8oJpLmUsd2eMm5U08M1B9dM$0$manual$manual$0,70QZuTllPVpDvxHPauGtDG6NecvYSl,2023-06-13T06:00:00.000Z
18.1,,1686621600000,,manual,manual,R6Qw4Kt8oJpLmUsd2eMm5U08M1B9dM$0$manual$manual$0,9AZqwYRC45JfBe7nmSvuLXwiidzoNT,2023-06-13T02:00:00.000Z
16.7,,1686607200000,,manual,manual,R6Qw4Kt8oJpLmUsd2eMm5U08M1B9dM$0$manual$manual$0,9zangCJ88OjGaQmA2gprFXGdqSMksJ,2023-06-12T22:00:00.000Z
17.9,,1686592800000,,manual,manual,R6Qw4Kt8oJpLmUsd2eMm5U08M1B9dM$0$manual$manual$0,CMLd2slLLcGMtvULWhqORhjCWWSbqR,2023-06-12T18:00:00.000Z
16.7,,1686578400000,,manual,manual,R6Qw4Kt8oJpLmUsd2eMm5U08M1B9dM$0$manual$manual$0,9pfY66sRrlgfV7aBmloPRcG2nNVPTA,2023-06-12T14:00:00.000Z
17.3,,1686564000000,,manual,manual,R6Qw4Kt8oJpLmUsd2eMm5U08M1B9dM$0$manual$manual$0,mIFpVTnQSNa1RQhZkYPnQdcUuEW3hq,2023-06-12T10:00:00.000Z
19.3,,1686549600000,,manual,manual,R6Qw4Kt8oJpLmUsd2eMm5U08M1B9dM$0$manual$manual$0,2Hj0bYbIS9nqLfbuOcEPQ4AjSp8vwZ,2023-06-12T06:00:00.000Z
20.8,,1686535200000,,manual,manual,R6Qw4Kt8oJpLmUsd2eMm5U08M1B9dM$0$manual$manual$0,tVf6dzq5hOQcm1dtpgXC1JsesIsSMo,2023-06-12T02:00:00.000Z
19.3,,1686520800000,,manual,manual,R6Qw4Kt8oJpLmUsd2eMm5U08M1B9dM$0$manual$manual$0,i90PMyZrcu4n6ZpDk6OSwwuQ9ae4Cf,2023-06-11T22:00:00.000Z
20.1,,1686506400000,,manual,manual,R6Qw4Kt8oJpLmUsd2eMm5U08M1B9dM$0$manual$manual$0,gJOQIgmKYNJCu1QyrUGw7Ge3qVIFL1,2023-06-11T18:00:00.000Z
19.1,,1686492000000,,manual,manual,R6Qw4Kt8oJpLmUsd2eMm5U08M1B9dM$0$manual$manual$0,stDkUqfodtrgKrfRCdbMfDubrluUuy,2023-06-11T14:00:00.000Z
20.8,,1686477600000,,manual,manual,R6Qw4Kt8oJpLmUsd2eMm5U08M1B9dM$0$manual$manual$0,oUILR52D5vCkOibZUXz5I2nVwwMOsB,2023-06-11T10:00:00.000Z
19.8,,1686463200000,,manual,manual,R6Qw4Kt8oJpLmUsd2eMm5U08M1B9dM$0$manual$manual$0,L1fip7qg0Hr8en3nMQoeFiCBJOWKLr,2023-06-11T06:00:00.000Z
21,,1686448800000,,manual,manual,R6Qw4Kt8oJpLmUsd2eMm5U08M1B9dM$0$manual$manual$0,AwLGswcrXEVZKBmb2Z9xix1IjBTleA,2023-06-11T02:00:00.000Z
18.9,,1686434400000,,manual,manual,R6Qw4Kt8oJpLmUsd2eMm5U08M1B9dM$0$manual$manual$0,PKTXLqSlJU7O2GjhhdNYDv011VGGcu,2023-06-10T22:00:00.000Z
20.5,,1686420000000,,manual,manual,R6Qw4Kt8oJpLmUsd2eMm5U08M1B9dM$0$manual$manual$0,7bA6zMaQ3gLvkABYtOF9njnTOzbkll,2023-06-10T18:00:00.000Z
20.7,,1686405600000,,manual,manual,R6Qw4Kt8oJpLmUsd2eMm5U08M1B9dM$0$manual$manual$0,BLj1cBKmlm9JyMAoqgS8ZkjgY2yY9M,2023-06-10T14:00:00.000Z
20.7,,1686391200000,,manual,manual,R6Qw4Kt8oJpLmUsd2eMm5U08M1B9dM$0$manual$manual$0,h0MVTbOeYrPZK3I4TYBeUr4tltP7op,2023-06-10T10:00:00.000Z
20.7,,1686376800000,,manual,manual,R6Qw4Kt8oJpLmUsd2eMm5U08M1B9dM$0$manual$manual$0,o8ZUqvc0STbsmHY7OfWTV9q59uKvS8,2023-06-10T06:00:00.000Z
19,,1686362400000,,manual,manual,R6Qw4Kt8oJpLmUsd2eMm5U08M1B9dM$0$manual$manual$0,JnSVybGpxoFq6ATiscRRCjAO8nUBvo,2023-06-10T02:00:00.000Z
20.9,,1686348000000,,manual,manual,R6Qw4Kt8oJpLmUsd2eMm5U08M1B9dM$0$manual$manual$0,1FMd7QCwidJag9BHQeikTAHO4rSkgV,2023-06-09T22:00:00.000Z
20.4,,1686333600000,,manual,manual,R6Qw4Kt8oJpLmUsd2eMm5U08M1B9dM$0$manual$manual$0,05JiVhheTpp67Y8t3av9GLmwZtIQ7R,2023-06-09T18:00:00.000Z
20.3,,1686319200000,,manual,manual,R6Qw4Kt8oJpLmUsd2eMm5U08M1B9dM$0$manual$manual$0,eZt3LvxBxyqwSN2D2vSbToJYO7O1kK,2023-06-09T14:00:00.000Z
20.3,,1686304800000,,manual,manual,R6Qw4Kt8oJpLmUsd2eMm5U08M1B9dM$0$manual$manual$0,XM0WBGfERHWyC0dx9dDtjE54zfiH24,2023-06-09T10:00:00.000Z
19.9,,1686290400000,,manual,manual,R6Qw4Kt8oJpLmUsd2eMm5U08M1B9dM$0$manual$manual$0,bFfNNrT1FwyMsozSkts2B8ycdedEw1,2023-06-09T06:00:00.000Z
19.2,,1686276000000,,manual,manual,R6Qw4Kt8oJpLmUsd2eMm5U08M1B9dM$0$manual$manual$0,vGDOzwkkbFi0LFEYWNGAA4TlSdMcNd,2023-06-09T02:00:00.000Z
19.2,,1686261600000,,manual,manual,R6Qw4Kt8oJpLmUsd2eMm5U08M1B9dM$0$manual$manual$0,xOG81KOzhi61BZd288WhUIefiOIIDp,2023-06-08T22:00:00.000Z
19.2,,1686247200000,,manual,manual,R6Qw4Kt8oJpLmUsd2eMm5U08M1B9dM$0$manual$manual$0,gy6YTB6777E1VZTQRpDft4rvgEE2zQ,2023-06-08T18:00:00.000Z
19.2,,1686232800000,,manual,manual,R6Qw4Kt8oJpLmUsd2eMm5U08M1B9dM$0$manual$manual$0,fHwTjNYyBxsYYVdgO3wVMcwRjnqam8,2023-06-08T14:00:00.000Z
19.3,,1686218400000,,manual,manual,R6Qw4Kt8oJpLmUsd2eMm5U08M1B9dM$0$manual$manual$0,oE78s9kHpdDx8R9fBgsnWSvnWrluXb,2023-06-08T10:00:00.000Z
20.3,,1686204000000,,manual,manual,R6Qw4Kt8oJpLmUsd2eMm5U08M1B9dM$0$manual$manual$0,vVNS8rduPSOePfuQSjoca3KPwJDMxK,2023-06-08T06:00:00.000Z
19.3,,1686189600000,,manual,manual,R6Qw4Kt8oJpLmUsd2eMm5U08M1B9dM$0$manual$manual$0,S9OegXB6pQdaTTQtNZQbNMuXd1sNSU,2023-06-08T02:00:00.000Z
19.4,,1686175200000,,manual,manual,R6Qw4Kt8oJpLmUsd2eMm5U08M1B9dM$0$manual$manual$0,QM74SJWnOMkTEfGRlXH9Uz6Rmw8GWC,2023-06-07T22:00:00.000Z
19.4,,1686160800000,,manual,manual,R6Qw4Kt8oJpLmUsd2eMm5U08M1B9dM$0$manual$manual$0,HzfjXrLw1BUtMFxaRvq0VJoGykQ7c1,2023-06-07T18:00:00.000Z
19.4,,1686146400000,,manual,manual,R6Qw4Kt8oJpLmUsd2eMm5U08M1B9dM$0$manual$manual$0,qJEYsfULJxuFT33HT0PjaWAaOBE4mW,2023-06-07T14:00:00.000Z
19.8,,1686132000000,,manual,manual,R6Qw4Kt8oJpLmUsd2eMm5U08M1B9dM$0$manual$manual$0,HxLS60SfLCLFy7K0th1COsKpJAzjTd,2023-06-07T10:00:00.000Z
20.3,,1686117600000,,manual,manual,R6Qw4Kt8oJpLmUsd2eMm5U08M1B9dM$0$manual$manual$0,Ckcg3gPWs6bd561l8UL8dAMqzXW4zp,2023-06-07T06:00:00.000Z
19,,1686103200000,,manual,manual,R6Qw4Kt8oJpLmUsd2eMm5U08M1B9dM$0$manual$manual$0,l2ZiWSAsDevSSZq6Oi6MzkOvxAp12h,2023-06-07T02:00:00.000Z
19.8,,1686088800000,,manual,manual,R6Qw4Kt8oJpLmUsd2eMm5U08M1B9dM$0$manual$manual$0,ROVsA0k97xjqsOE82x4Mtm0dDXRu8c,2023-06-06T22:00:00.000Z
20.1,,1686074400000,,manual,manual,R6Qw4Kt8oJpLmUsd2eMm5U08M1B9dM$0$manual$manual$0,kJaxRtOVTPyuAMBB8d7HcpMf91Ku27,2023-06-06T18:00:00.000Z
20.2,,1686060000000,,manual,manual,R6Qw4Kt8oJpLmUsd2eMm5U08M1B9dM$0$manual$manual$0,2JVXj5ujaVF1MNagpU5qnf3nP7AjEx,2023-06-06T14:00:00.000Z
20.1,,1686045600000,,manual,manual,R6Qw4Kt8oJpLmUsd2eMm5U08M1B9dM$0$manual$manual$0,cqlLAKY2NmRrHGqozUzj6ZONFTGWM6,2023-06-06T10:00:00.000Z
19.2,,1686031200000,,manual,manual,R6Qw4Kt8oJpLmUsd2eMm5U08M1B9dM$0$manual$manual$0,neboaGCFeM1IJsiS4VO31vnURLIPyz,2023-06-06T06:00:00.000Z
20.3,,1686016800000,,manual,manual,R6Qw4Kt8oJpLmUsd2eMm5U08M1B9dM$0$manual$manual$0,PA9sfhwqRTg27NGmyUSjMz20QESLe2,2023-06-06T02:00:00.000Z
19.2,,1686002400000,,manual,manual,R6Qw4Kt8oJpLmUsd2eMm5U08M1B9dM$0$manual$manual$0,bLq1Yzm00b2uU6aFC7vuoW9Ja4uXur,2023-06-05T22:00:00.000Z
19.1,,1685988000000,,manual,manual,R6Qw4Kt8oJpLmUsd2eMm5U08M1B9dM$0$manual$manual$0,iHVWyYuGIleh7oth7M8s0qzl1WV1tT,2023-06-05T18:00:00.000Z
19.3,,1685973600000,,manual,manual,R6Qw4Kt8oJpLmUsd2eMm5U08M1B9dM$0$manual$manual$0,Tbp5jdIZaVq3Hpk11wonm2ve4qkUDH,2023-06-05T14:00:00.000Z
19.7,,1685959200000,,manual,manual,R6Qw4Kt8oJpLmUsd2eMm5U08M1B9dM$0$manual$manual$0,6NU3rC7CX8lPVwGZSBpgrzBrOCHVUh,2023-06-05T10:00:00.000Z
20.2,,1685944800000,,manual,manual,R6Qw4Kt8oJpLmUsd2eMm5U08M1B9dM$0$manual$manual$0,Nf2n7nTBrqOKfkVvGQ26n0FoSrHwcF,2023-06-05T06:00:00.000Z
19,,1685930400000,,manual,manual,R6Qw4Kt8oJpLmUsd2eMm5U08M1B9dM$0$manual$manual$0,gpImcIbtpGGuLTSVeCaRWIYNaUOmmD,2023-06-05T02:00:00.000Z
19.9,,1685916000000,,manual,manual,R6Qw4Kt8oJpLmUsd2eMm5U08M1B9dM$0$manual$manual$0,jn7vpzxbrsBl1ymoypFd4Q02XT9nkk,2023-06-04T22:00:00.000Z
20.4,,1685901600000,,manual,manual,R6Qw4Kt8oJpLmUsd2eMm5U08M1B9dM$0$manual$manual$0,z7BUyipONjVlszUnpzz5QzeJsw2ICJ,2023-06-04T18:00:00.000Z
20.4,,1685887200000,,manual,manual,R6Qw4Kt8oJpLmUsd2eMm5U08M1B9dM$0$manual$manual$0,mXNQJtSy5SJUXd1awFA0ztWlTt64ke,2023-06-04T14:00:00.000Z
20.1,,1685872800000,,manual,manual,R6Qw4Kt8oJpLmUsd2eMm5U08M1B9dM$0$manual$manual$0,EsMq0IW2fAhprTzfuEJsRvXnPQEVYz,2023-06-04T10:00:00.000Z
19.4,,1685858400000,,manual,manual,R6Qw4Kt8oJpLmUsd2eMm5U08M1B9dM$0$manual$manual$0,2bAtxJwhbrtlkvoNWrPk7C5cSRv0J3,2023-06-04T06:00:00.000Z
20.2,,1685844000000,,manual,manual,R6Qw4Kt8oJpLmUsd2eMm5U08M1B9dM$0$manual$manual$0,pB9yynBvBd0QDO1KRfAkGQdlpqyBqM,2023-06-04T02:00:00.000Z
19,,1685829600000,,manual,manual,R6Qw4Kt8oJpLmUsd2eMm5U08M1B9dM$0$manual$manual$0,BX8C7KJ4dXGfo32PFjN8taJmauXq5I,2023-06-03T22:00:00.000Z
19.1,,1685815200000,,manual,manual,R6Qw4Kt8oJpLmUsd2eMm5U08M1B9dM$0$manual$manual$0,4ZNMCDiqvBedPv1eTlgnCQyVOZ2jHg,2023-06-03T18:00:00.000Z
19.1,,1685800800000,,manual,manual,R6Qw4Kt8oJpLmUsd2eMm5U08M1B9dM$0$manual$manual$0,JxVxZuuh3Z1CJ681gasqvKN4FzwKmg,2023-06-03T14:00:00.000Z
19.7,,1685786400000,,manual,manual,R6Qw4Kt8oJpLmUsd2eMm5U08M1B9dM$0$manual$manual$0,GhluLSNYzWUdk5TaDsfal2RP3PSnbI,2023-06-03T10:00:00.000Z
20.1,,1685772000000,,manual,manual,R6Qw4Kt8oJpLmUsd2eMm5U08M1B9dM$0$manual$manual$0,9OiiUagf0bvlkDSLRWiBjko3QJsuYm,2023-06-03T06:00:00.000Z
19.1,,1685757600000,,manual,manual,R6Qw4Kt8oJpLmUsd2eMm5U08M1B9dM$0$manual$manual$0,HISuu6tJSv7VOpavGIQewdVaJymqnf,2023-06-03T02:00:00.000Z
20.3,,1685743200000,,manual,manual,R6Qw4Kt8oJpLmUsd2eMm5U08M1B9dM$0$manual$manual$0,GA5G2L62MziK1kvES4NxKuaD9Ehhq9,2023-06-02T22:00:00.000Z
20.1,,1685728800000,,manual,manual,R6Qw4Kt8oJpLmUsd2eMm5U08M1B9dM$0$manual$manual$0,IRyiBIIa89QIL9iFeAaVIfkPd8wuQg,2023-06-02T18:00:00.000Z
19.3,,1685714400000,,manual,manual,R6Qw4Kt8oJpLmUsd2eMm5U08M1B9dM$0$manual$manual$0,W6A94YaSD2wUOHlaOI8dcf3o4xCKNY,2023-06-02T14:00:00.000Z
20.1,,1685700000000,,manual,manual,R6Qw4Kt8oJpLmUsd2eMm5U08M1B9dM$0$manual$manual$0,yMxRTZyEMZdR3ixx45oZMIp5Srr2p1,2023-06-02T10:00:00.000Z
18.8,,1685685600000,,manual,manual,R6Qw4Kt8oJpLmUsd2eMm5U08M1B9dM$0$manual$manual$0,NvD9YPydDbRicaD0XqecrnIGArc8C0,2023-06-02T06:00:00.000Z
20.1,,1685671200000,,manual,manual,R6Qw4Kt8oJpLmUsd2eMm5U08M1B9dM$0$manual$manual$0,ynrh8DwlAfAWG4b3qk64qgv6WtRErX,2023-06-02T02:00:00.000Z
19,,1685656800000,,manual,manual,R6Qw4Kt8oJpLmUsd2eMm5U08M1B9dM$0$manual$manual$0,yVKFtO6hrGfPZNaNlLoSfC3ID3rzQJ,2023-06-01T22:00:00.000Z
19.9,,1685642400000,,manual,manual,R6Qw4Kt8oJpLmUsd2eMm5U08M1B9dM$0$manual$manual$0,G3mTGZVkwD4mu7YEblc8aUEz7dK3u4,2023-06-01T18:00:00.000Z
20.2,,1685628000000,,manual,manual,R6Qw4Kt8oJpLmUsd2eMm5U08M1B9dM$0$manual$manual$0,0zgaQHaaGIKf0wdBftanVm5db4VhOy,2023-06-01T14:00:00.000Z
19.1,,1685613600000,,manual,manual,R6Qw4Kt8oJpLmUsd2eMm5U08M1B9dM$0$manual$manual$0,MtrdrPOPxX5chDVuuMFgM3XklHNS9Y,2023-06-01T10:00:00.000Z
20.1,,1685599200000,,manual,manual,R6Qw4Kt8oJpLmUsd2eMm5U08M1B9dM$0$manual$manual$0,kykcFq4VPLiynQAczcKCd8ufKTp654,2023-06-01T06:00:00.000Z
18.9,,1685584800000,,manual,manual,R6Qw4Kt8oJpLmUsd2eMm5U08M1B9dM$0$manual$manual$0,guq2n6tFDkgZ0RyVAKScRUOBQUSym1,2023-06-01T02:00:00.000Z
19.8,,1685570400000,,manual,manual,R6Qw4Kt8oJpLmUsd2eMm5U08M1B9dM$0$manual$manual$0,ZAhGDmzNOi4BWYQ9tIIKk3K8vJCW7x,2023-05-31T22:00:00.000Z
20.4,,1685556000000,,manual,manual,R6Qw4Kt8oJpLmUsd2eMm5U08M1B9dM$0$manual$manual$0,hqovhOeMF6JPXulMj6EMfeEIl29Xv9,2023-05-31T18:00:00.000Z
20.4,,1685541600000,,manual,manual,R6Qw4Kt8oJpLmUsd2eMm5U08M1B9dM$0$manual$manual$0,Qpa0XOEn6pDHYS9JV1QaiJDCInFQGD,2023-05-31T14:00:00.000Z
19,,1685527200000,,manual,manual,R6Qw4Kt8oJpLmUsd2eMm5U08M1B9dM$0$manual$manual$0,oMRa0UVu7FKpbJahbU298igQTGMS3c,2023-05-31T10:00:00.000Z
20.1,,1685512800000,,manual,manual,R6Qw4Kt8oJpLmUsd2eMm5U08M1B9dM$0$manual$manual$0,TfChvRnStfwhnJ6LEAeuwH0ugtwbpQ,2023-05-31T06:00:00.000Z
19,,1685498400000,,manual,manual,R6Qw4Kt8oJpLmUsd2eMm5U08M1B9dM$0$manual$manual$0,pSh9ZC0fh0Cq4fbYJwHcP4A7kJj67a,2023-05-31T02:00:00.000Z
19.9,,1685484000000,,manual,manual,R6Qw4Kt8oJpLmUsd2eMm5U08M1B9dM$0$manual$manual$0,Lm6reLR4XCqbOUHChLYmcKp2lq0so4,2023-05-30T22:00:00.000Z
20.2,,1685469600000,,manual,manual,R6Qw4Kt8oJpLmUsd2eMm5U08M1B9dM$0$manual$manual$0,vQsVEysAPOu1gXzPNzrbkYJFjWgznj,2023-05-30T18:00:00.000Z
19.3,,1685455200000,,manual,manual,R6Qw4Kt8oJpLmUsd2eMm5U08M1B9dM$0$manual$manual$0,yhbDrDCtj7U3aT03jtgrxmNkYgUaig,2023-05-30T14:00:00.000Z
20.1,,1685440800000,,manual,manual,R6Qw4Kt8oJpLmUsd2eMm5U08M1B9dM$0$manual$manual$0,79tK86RTrN3pVp6n9eqhNyNY374Rdv,2023-05-30T10:00:00.000Z
19,,1685426400000,,manual,manual,R6Qw4Kt8oJpLmUsd2eMm5U08M1B9dM$0$manual$manual$0,SQTjhphqEI8BWiWsHPgXPFMKUwAblz,2023-05-30T06:00:00.000Z
20.1,,1685412000000,,manual,manual,R6Qw4Kt8oJpLmUsd2eMm5U08M1B9dM$0$manual$manual$0,viZWZ2mH56UNceiIFwWPL4NFLzZhMG,2023-05-30T02:00:00.000Z
19.2,,1685397600000,,manual,manual,R6Qw4Kt8oJpLmUsd2eMm5U08M1B9dM$0$manual$manual$0,Q7uTq3L8H4F6bh8pTdbtO2VH831emH,2023-05-29T22:00:00.000Z
19.4,,1685383200000,,manual,manual,R6Qw4Kt8oJpLmUsd2eMm5U08M1B9dM$0$manual$manual$0,DIhe0pUOJRdeR3o0R8P3v5sVaiuj4t,2023-05-29T18:00:00.000Z
20.2,,1685368800000,,manual,manual,R6Qw4Kt8oJpLmUsd2eMm5U08M1B9dM$0$manual$manual$0,F86nwGbhzmWx7sDOQGXkXuZMKHGabs,2023-05-29T14:00:00.000Z
20.1,,1685354400000,,manual,manual,R6Qw4Kt8oJpLmUsd2eMm5U08M1B9dM$0$manual$manual$0,uWDdO17uvmMekPYOhYZlrPlRWXxoQY,2023-05-29T10:00:00.000Z
19.4,,1685340000000,,manual,manual,R6Qw4Kt8oJpLmUsd2eMm5U08M1B9dM$0$manual$manual$0,EpR8VKdkHMypAht03G5DZ0SL0PWp8u,2023-05-29T06:00:00.000Z
20.2,,1685325600000,,manual,manual,R6Qw4Kt8oJpLmUsd2eMm5U08M1B9dM$0$manual$manual$0,9FGJ4IFVkUDBfVLZmBvZgXmcoSUqnd,2023-05-29T02:00:00.000Z
19.2,,1685311200000,,manual,manual,R6Qw4Kt8oJpLmUsd2eMm5U08M1B9dM$0$manual$manual$0,DS69DWFmVwPVZ8wAny1m9gO2mgaojt,2023-05-28T22:00:00.000Z
19.4,,1685296800000,,manual,manual,R6Qw4Kt8oJpLmUsd2eMm5U08M1B9dM$0$manual$manual$0,8sQNATtaNfrnD1Pr5RWCXp4ullmPl1,2023-05-28T18:00:00.000Z
19.5,,1685282400000,,manual,manual,R6Qw4Kt8oJpLmUsd2eMm5U08M1B9dM$0$manual$manual$0,OBRdD8K0SuIFKEesm69fe749hRnNSQ,2023-05-28T14:00:00.000Z
20.1,,1685268000000,,manual,manual,R6Qw4Kt8oJpLmUsd2eMm5U08M1B9dM$0$manual$manual$0,UR8N6O2FAZ2CqdutVlIy6jIE45v79Z,2023-05-28T10:00:00.000Z
19.9,,1685253600000,,manual,manual,R6Qw4Kt8oJpLmUsd2eMm5U08M1B9dM$0$manual$manual$0,hWBEjMh8lwuOC3p2Rnv0GvriZgjwBs,2023-05-28T06:00:00.000Z
19.4,,1685239200000,,manual,manual,R6Qw4Kt8oJpLmUsd2eMm5U08M1B9dM$0$manual$manual$0,8jm3kcnFp6jrd2VpOOmDDqh8kNIjPq,2023-05-28T02:00:00.000Z
20.4,,1685224800000,,manual,manual,R6Qw4Kt8oJpLmUsd2eMm5U08M1B9dM$0$manual$manual$0,XnP8Cj93uFs0TgqgYjzgnzkl4PvbJ6,2023-05-27T22:00:00.000Z
20.4,,1685210400000,,manual,manual,R6Qw4Kt8oJpLmUsd2eMm5U08M1B9dM$0$manual$manual$0,x9xjgRK49DfYxfGRxlJg58YtHziQo6,2023-05-27T18:00:00.000Z
19.1,,1685196000000,,manual,manual,R6Qw4Kt8oJpLmUsd2eMm5U08M1B9dM$0$manual$manual$0,BWQDD3XqPGZNKNxXRcydBYtmbsfakA,2023-05-27T14:00:00.000Z
20.1,,1685181600000,,manual,manual,R6Qw4Kt8oJpLmUsd2eMm5U08M1B9dM$0$manual$manual$0,qjFTLo8tNIXidlr1M76PV4mtccNiuW,2023-05-27T10:00:00.000Z
19.2,,1685167200000,,manual,manual,R6Qw4Kt8oJpLmUsd2eMm5U08M1B9dM$0$manual$manual$0,GKMhmaIMY4c1L78XFyuU7R1Yq81IlW,2023-05-27T06:00:00.000Z
19.9,,1685152800000,,manual,manual,R6Qw4Kt8oJpLmUsd2eMm5U08M1B9dM$0$manual$manual$0,r2Vc9SgZiZlr0NvTD7dIXwDj9nHz6u,2023-05-27T02:00:00.000Z
19.5,,1685138400000,,manual,manual,R6Qw4Kt8oJpLmUsd2eMm5U08M1B9dM$0$manual$manual$0,giy5YjXweU6TFUwoDmloDHAVrVLlDB,2023-05-26T22:00:00.000Z
19.4,,1685124000000,,manual,manual,R6Qw4Kt8oJpLmUsd2eMm5U08M1B9dM$0$manual$manual$0,NkfgqFsm2QjwV9xb4QpyRSxr9Jym1J,2023-05-26T18:00:00.000Z
20.3,,1685109600000,,manual,manual,R6Qw4Kt8oJpLmUsd2eMm5U08M1B9dM$0$manual$manual$0,dP1jnBPQPEzJKhxkLBbK0kNFiXTsxe,2023-05-26T14:00:00.000Z
19.3,,1685095200000,,manual,manual,R6Qw4Kt8oJpLmUsd2eMm5U08M1B9dM$0$manual$manual$0,TT2GupGEVcfPTYX5RiCEUIQBeW3y2N,2023-05-26T10:00:00.000Z
20,,1685080800000,,manual,manual,R6Qw4Kt8oJpLmUsd2eMm5U08M1B9dM$0$manual$manual$0,GNRadja8HhKxkUG314TBuzGpQTNJzG,2023-05-26T06:00:00.000Z
19.1,,1685066400000,,manual,manual,R6Qw4Kt8oJpLmUsd2eMm5U08M1B9dM$0$manual$manual$0,gUL5TNFSgWtmsv7Y5ljJzl41pUGZgc,2023-05-26T02:00:00.000Z
19.9,,1685052000000,,manual,manual,R6Qw4Kt8oJpLmUsd2eMm5U08M1B9dM$0$manual$manual$0,MByI6nwtx5FZ2LRM0OiNgqNPERsr0g,2023-05-25T22:00:00.000Z
20.3,,1685037600000,,manual,manual,R6Qw4Kt8oJpLmUsd2eMm5U08M1B9dM$0$manual$manual$0,Z09XNQKFeYLQ16EdEzEQM1Z1Avi4uf,2023-05-25T18:00:00.000Z
19,,1685023200000,,manual,manual,R6Qw4Kt8oJpLmUsd2eMm5U08M1B9dM$0$manual$manual$0,ZsceWuFIJnKDCnTPciAH6A5OyysiVn,2023-05-25T14:00:00.000Z
20.1,,1685008800000,,manual,manual,R6Qw4Kt8oJpLmUsd2eMm5U08M1B9dM$0$manual$manual$0,rACNbjvcERNsbjcjMwwf2Dnz7ti27R,2023-05-25T10:00:00.000Z
19.1,,1684994400000,,manual,manual,R6Qw4Kt8oJpLmUsd2eMm5U08M1B9dM$0$manual$manual$0,kmnGTnhKP1OkLk29GnXitoQ92H3qsB,2023-05-25T06:00:00.000Z
19.9,,1684980000000,,manual,manual,R6Qw4Kt8oJpLmUsd2eMm5U08M1B9dM$0$manual$manual$0,gTPkchhXTz5iT4LYAUzdMOKalry9Oi,2023-05-25T02:00:00.000Z
19.6,,1684965600000,,manual,manual,R6Qw4Kt8oJpLmUsd2eMm5U08M1B9dM$0$manual$manual$0,iKc0Wn4aTIXLfaeGOrh1mKjdowrS7m,2023-05-24T22:00:00.000Z
19.5,,1684951200000,,manual,manual,R6Qw4Kt8oJpLmUsd2eMm5U08M1B9dM$0$manual$manual$0,laJUzplNISiK3jDE2uel3XAfxKphMm,2023-05-24T18:00:00.000Z
20.2,,1684936800000,,manual,manual,R6Qw4Kt8oJpLmUsd2eMm5U08M1B9dM$0$manual$manual$0,cZVlWLmwZMiYaBvG3YiXTNg1bdmnuV,2023-05-24T14:00:00.000Z
19,,1684922400000,,manual,manual,R6Qw4Kt8oJpLmUsd2eMm5U08M1B9dM$0$manual$manual$0,51xZTFjPSUcTJvXfqLRTHKDS3ZGuR1,2023-05-24T10:00:00.000Z
20.1,,1684908000000,,manual,manual,R6Qw4Kt8oJpLmUsd2eMm5U08M1B9dM$0$manual$manual$0,Gg966gtE0hozaGSn7ULp2lkg7PpFkE,2023-05-24T06:00:00.000Z
19,,1684893600000,,manual,manual,R6Qw4Kt8oJpLmUsd2eMm5U08M1B9dM$0$manual$manual$0,mPkg5DEBWN8Irusb0L7RNJk5pHaT1J,2023-05-24T02:00:00.000Z
20,,1684879200000,,manual,manual,R6Qw4Kt8oJpLmUsd2eMm5U08M1B9dM$0$manual$manual$0,ql1gDINcoX4BvhX7NCt8Nlj0gqFEXH,2023-05-23T22:00:00.000Z
20.1,,1684864800000,,manual,manual,R6Qw4Kt8oJpLmUsd2eMm5U08M1B9dM$0$manual$manual$0,fQfdWciDRgsT7IoSTYKc04GQM1sAF4,2023-05-23T18:00:00.000Z
19.2,,1684850400000,,manual,manual,R6Qw4Kt8oJpLmUsd2eMm5U08M1B9dM$0$manual$manual$0,7TMzMLbFJwLl80oA7kV5Qu6UNLrgNK,2023-05-23T14:00:00.000Z
20,,1684836000000,,manual,manual,R6Qw4Kt8oJpLmUsd2eMm5U08M1B9dM$0$manual$manual$0,DmFh6jplNEjAqnhBpsMFkqAP4qiXMk,2023-05-23T10:00:00.000Z
20.1,,1684821600000,,manual,manual,R6Qw4Kt8oJpLmUsd2eMm5U08M1B9dM$0$manual$manual$0,wcvVQtbLXgnoj75jnrYSsBi4alJdcq,2023-05-23T06:00:00.000Z
19.4,,1684807200000,,manual,manual,R6Qw4Kt8oJpLmUsd2eMm5U08M1B9dM$0$manual$manual$0,BI1q0HQRJKhQIDkUHLwwYBembUfQkg,2023-05-23T02:00:00.000Z
19.8,,1684792800000,,manual,manual,R6Qw4Kt8oJpLmUsd2eMm5U08M1B9dM$0$manual$manual$0,CTcOAwFjHcm14B7uTyRGyX1HoHvXwC,2023-05-22T22:00:00.000Z
19.8,,1684778400000,,manual,manual,R6Qw4Kt8oJpLmUsd2eMm5U08M1B9dM$0$manual$manual$0,W5zXHuwquIdhvQdvqLXWQ8ya38ZeGn,2023-05-22T18:00:00.000Z
19.8,,1684764000000,,manual,manual,R6Qw4Kt8oJpLmUsd2eMm5U08M1B9dM$0$manual$manual$0,IlEhe4MGBpT9WLNkjPujJlQxkVd9iJ,2023-05-22T14:00:00.000Z
20,,1684749600000,,manual,manual,R6Qw4Kt8oJpLmUsd2eMm5U08M1B9dM$0$manual$manual$0,1jiVe91Kr12drNDnD11e9V8tVT5PqF,2023-05-22T10:00:00.000Z
20.3,,1684735200000,,manual,manual,R6Qw4Kt8oJpLmUsd2eMm5U08M1B9dM$0$manual$manual$0,jG12VYe6T0RarDuVb515SOvuLJYNH9,2023-05-22T06:00:00.000Z
19,,1684720800000,,manual,manual,R6Qw4Kt8oJpLmUsd2eMm5U08M1B9dM$0$manual$manual$0,DIpxd1vuNB9sNTLdsgsA5D10jUgkE7,2023-05-22T02:00:00.000Z
19.6,,1684706400000,,manual,manual,R6Qw4Kt8oJpLmUsd2eMm5U08M1B9dM$0$manual$manual$0,RGamwfz7NOR1qNbCgdyAKlVlnVBBTi,2023-05-21T22:00:00.000Z
19.8,,1684692000000,,manual,manual,R6Qw4Kt8oJpLmUsd2eMm5U08M1B9dM$0$manual$manual$0,HvtPnjdBcpzYArhSERt5abTXqvOZZW,2023-05-21T18:00:00.000Z
20,,1684677600000,,manual,manual,R6Qw4Kt8oJpLmUsd2eMm5U08M1B9dM$0$manual$manual$0,nK2Ck5YECaDdf2tjalpX8mbPF3GSNh,2023-05-21T14:00:00.000Z
20.3,,1684663200000,,manual,manual,R6Qw4Kt8oJpLmUsd2eMm5U08M1B9dM$0$manual$manual$0,3NE2sUpkFecg0kZ930l4UxuG694jxW,2023-05-21T10:00:00.000Z
19,,1684648800000,,manual,manual,R6Qw4Kt8oJpLmUsd2eMm5U08M1B9dM$0$manual$manual$0,YGukHAFzmVWL08VbOtnjCd2bXzyoSz,2023-05-21T06:00:00.000Z
19.9,,1684634400000,,manual,manual,R6Qw4Kt8oJpLmUsd2eMm5U08M1B9dM$0$manual$manual$0,pkMy2idcDCSZVbxS1ifqT7sraOveji,2023-05-21T02:00:00.000Z
20.4,,1684620000000,,manual,manual,R6Qw4Kt8oJpLmUsd2eMm5U08M1B9dM$0$manual$manual$0,X1CjXSasfoMhiR6iGVBByWs9zCw2kp,2023-05-20T22:00:00.000Z
19.1,,1684605600000,,manual,manual,R6Qw4Kt8oJpLmUsd2eMm5U08M1B9dM$0$manual$manual$0,RbZwDDuuXKhX97G0DgRufwkJw6Kr8X,2023-05-20T18:00:00.000Z
19.3,,1684591200000,,manual,manual,R6Qw4Kt8oJpLmUsd2eMm5U08M1B9dM$0$manual$manual$0,Xdqf4ZxEDAFhKXdCM4sEuzAwRu31gc,2023-05-20T14:00:00.000Z
20,,1684576800000,,manual,manual,R6Qw4Kt8oJpLmUsd2eMm5U08M1B9dM$0$manual$manual$0,Oy0HSLOgygfpMqw7CO3bMxKSxveIt4,2023-05-20T10:00:00.000Z
19.7,,1684562400000,,manual,manual,R6Qw4Kt8oJpLmUsd2eMm5U08M1B9dM$0$manual$manual$0,Gczn0jk4HOZKmZizCbMzXtVJi8LEth,2023-05-20T06:00:00.000Z
19.5,,1684548000000,,manual,manual,R6Qw4Kt8oJpLmUsd2eMm5U08M1B9dM$0$manual$manual$0,O5MKpwf2TF7YNSszNb1tobamoIieNn,2023-05-20T02:00:00.000Z
20.2,,1684533600000,,manual,manual,R6Qw4Kt8oJpLmUsd2eMm5U08M1B9dM$0$manual$manual$0,29HBEQeha6h2jQn5p0agMsgz5wmzbC,2023-05-19T22:00:00.000Z
19.1,,1684519200000,,manual,manual,R6Qw4Kt8oJpLmUsd2eMm5U08M1B9dM$0$manual$manual$0,llFieXBU2q9jDNVdrcCwuomQXKspKS,2023-05-19T18:00:00.000Z
19.9,,1684504800000,,manual,manual,R6Qw4Kt8oJpLmUsd2eMm5U08M1B9dM$0$manual$manual$0,XQkgUp7DZRBxgDdtlodTByjnIszjB5,2023-05-19T14:00:00.000Z
20,,1684490400000,,manual,manual,R6Qw4Kt8oJpLmUsd2eMm5U08M1B9dM$0$manual$manual$0,0KzQn6mzEpCBkKyIDtOXehFX3sfbPe,2023-05-19T10:00:00.000Z
19,,1684476000000,,manual,manual,R6Qw4Kt8oJpLmUsd2eMm5U08M1B9dM$0$manual$manual$0,TLdgXY5T5ral8Uch1aOHOi0Qg1Pq8i,2023-05-19T06:00:00.000Z
19.9,,1684461600000,,manual,manual,R6Qw4Kt8oJpLmUsd2eMm5U08M1B9dM$0$manual$manual$0,2KQWvJYotHHSvIALLdrlA5mayXCf6v,2023-05-19T02:00:00.000Z
19.2,,1684447200000,,manual,manual,R6Qw4Kt8oJpLmUsd2eMm5U08M1B9dM$0$manual$manual$0,XFX1npaiHN9XImvtJaXlYLXZUyiLEY,2023-05-18T22:00:00.000Z
20.1,,1684432800000,,manual,manual,R6Qw4Kt8oJpLmUsd2eMm5U08M1B9dM$0$manual$manual$0,hcesi68omRy6POXB268cH7hi0jFpBk,2023-05-18T18:00:00.000Z
18.9,,1684418400000,,manual,manual,R6Qw4Kt8oJpLmUsd2eMm5U08M1B9dM$0$manual$manual$0,UuOGiTzAMPagNIEu7xQ08xs5HxBrUo,2023-05-18T14:00:00.000Z
20.1,,1684404000000,,manual,manual,R6Qw4Kt8oJpLmUsd2eMm5U08M1B9dM$0$manual$manual$0,vLJmSoaCgH7d3kxNoEuqJfGd9a7ciz,2023-05-18T10:00:00.000Z
18.9,,1684389600000,,manual,manual,R6Qw4Kt8oJpLmUsd2eMm5U08M1B9dM$0$manual$manual$0,iqRJPdUI8gN8gwN6Tmncv90QNw4a7y,2023-05-18T06:00:00.000Z
20,,1684375200000,,manual,manual,R6Qw4Kt8oJpLmUsd2eMm5U08M1B9dM$0$manual$manual$0,oZJ4jlsE6wBDvszBXYRGU1cncFg2pY,2023-05-18T02:00:00.000Z
19,,1684360800000,,manual,manual,R6Qw4Kt8oJpLmUsd2eMm5U08M1B9dM$0$manual$manual$0,YtkJO0WT6LzyFXiML8xI103E7H6NxU,2023-05-17T22:00:00.000Z
20.1,,1684346400000,,manual,manual,R6Qw4Kt8oJpLmUsd2eMm5U08M1B9dM$0$manual$manual$0,bdsxD8zQ3s4Bz5lFkDnne7d5IK3pVP,2023-05-17T18:00:00.000Z
19,,1684332000000,,manual,manual,R6Qw4Kt8oJpLmUsd2eMm5U08M1B9dM$0$manual$manual$0,RBExQ7DT3NnyccwcnqtBgvG7rOeX3L,2023-05-17T14:00:00.000Z
20,,1684317600000,,manual,manual,R6Qw4Kt8oJpLmUsd2eMm5U08M1B9dM$0$manual$manual$0,FoYxTiJEW3CPZpEKcqUh7xnS0lxfXS,2023-05-17T10:00:00.000Z
19,,1684303200000,,manual,manual,R6Qw4Kt8oJpLmUsd2eMm5U08M1B9dM$0$manual$manual$0,02xOByhr3esgdh8QRAxawLyEVVXX9w,2023-05-17T06:00:00.000Z
20.1,,1684288800000,,manual,manual,R6Qw4Kt8oJpLmUsd2eMm5U08M1B9dM$0$manual$manual$0,nKJTF9VUJmCZOOM3ZpX3zcjYMl7fLo,2023-05-17T02:00:00.000Z
19,,1684274400000,,manual,manual,R6Qw4Kt8oJpLmUsd2eMm5U08M1B9dM$0$manual$manual$0,oiREfLZ3CIQExCcLMTvWPdWWjAYB55,2023-05-16T22:00:00.000Z
20,,1684260000000,,manual,manual,R6Qw4Kt8oJpLmUsd2eMm5U08M1B9dM$0$manual$manual$0,X4D4bwFbVhnJxUZioTTpkNSsZCXxmw,2023-05-16T18:00:00.000Z
19.8,,1684245600000,,manual,manual,R6Qw4Kt8oJpLmUsd2eMm5U08M1B9dM$0$manual$manual$0,RFhAVkzsMbmQEy1BrIntAW9UpK1QJ6,2023-05-16T14:00:00.000Z
19.5,,1684231200000,,manual,manual,R6Qw4Kt8oJpLmUsd2eMm5U08M1B9dM$0$manual$manual$0,fFMCE0yYVevnJ3H4VyGtlyCiAlLYFu,2023-05-16T10:00:00.000Z
19.7,,1684216800000,,manual,manual,R6Qw4Kt8oJpLmUsd2eMm5U08M1B9dM$0$manual$manual$0,M5VsfcQCyRBCJjstHeHwId06s9KwKf,2023-05-16T06:00:00.000Z
19,,1684202400000,,manual,manual,R6Qw4Kt8oJpLmUsd2eMm5U08M1B9dM$0$manual$manual$0,XJpOE9qIhB0Wg130rb9kjxGochVjvq,2023-05-16T02:00:00.000Z
20.2,,1684188000000,,manual,manual,R6Qw4Kt8oJpLmUsd2eMm5U08M1B9dM$0$manual$manual$0,ULdnNR9L7J6YK7JRaMktOasjj8VEgU,2023-05-15T22:00:00.000Z
19,,1684173600000,,manual,manual,R6Qw4Kt8oJpLmUsd2eMm5U08M1B9dM$0$manual$manual$0,vM891pS7uCJSODiYlcjabR0uzwjSsa,2023-05-15T18:00:00.000Z
20.2,,1684159200000,,manual,manual,R6Qw4Kt8oJpLmUsd2eMm5U08M1B9dM$0$manual$manual$0,53yTJIIvKuFVxHUah35QU9KPrbFapC,2023-05-15T14:00:00.000Z
19.3,,1684144800000,,manual,manual,R6Qw4Kt8oJpLmUsd2eMm5U08M1B9dM$0$manual$manual$0,KLuuE47SwfE87tJ8arAdHtn3ZwQfsu,2023-05-15T10:00:00.000Z
19.5,,1684130400000,,manual,manual,R6Qw4Kt8oJpLmUsd2eMm5U08M1B9dM$0$manual$manual$0,TLTXmpSuWlrSCw6fkQgGzm3sRjQSpO,2023-05-15T06:00:00.000Z
20.1,,1684116000000,,manual,manual,R6Qw4Kt8oJpLmUsd2eMm5U08M1B9dM$0$manual$manual$0,cXP9OtV5j2jYvLy7Jcjoh4mqcOIygy,2023-05-15T02:00:00.000Z
19.2,,1684101600000,,manual,manual,R6Qw4Kt8oJpLmUsd2eMm5U08M1B9dM$0$manual$manual$0,H1dAIKE9cRSdrXuJQZ7KfjmfXzOgUi,2023-05-14T22:00:00.000Z
19.8,,1684087200000,,manual,manual,R6Qw4Kt8oJpLmUsd2eMm5U08M1B9dM$0$manual$manual$0,UKhT0gCEJBllfRBNbcxJok4A3kX6d0,2023-05-14T18:00:00.000Z
20.3,,1684072800000,,manual,manual,R6Qw4Kt8oJpLmUsd2eMm5U08M1B9dM$0$manual$manual$0,D2nSNttKuRzZBzaD1AdwAX4MCrQYml,2023-05-14T14:00:00.000Z
20.3,,1684058400000,,manual,manual,R6Qw4Kt8oJpLmUsd2eMm5U08M1B9dM$0$manual$manual$0,QJUpdG9DehSVnITX1zurG7ctlRbWlq,2023-05-14T10:00:00.000Z
19.1,,1684044000000,,manual,manual,R6Qw4Kt8oJpLmUsd2eMm5U08M1B9dM$0$manual$manual$0,NdvQzn82x51PP5QVcodKxbIyfJWKo0,2023-05-14T06:00:00.000Z
20.4,,1684029600000,,manual,manual,R6Qw4Kt8oJpLmUsd2eMm5U08M1B9dM$0$manual$manual$0,E9Aj3Qfdaq1t9OByQIgPanKEjLYQGn,2023-05-14T02:00:00.000Z
19,,1684015200000,,manual,manual,R6Qw4Kt8oJpLmUsd2eMm5U08M1B9dM$0$manual$manual$0,ZxujMRUDk95BJlZSpxnSX2FvRHPy7o,2023-05-13T22:00:00.000Z
19.2,,1684000800000,,manual,manual,R6Qw4Kt8oJpLmUsd2eMm5U08M1B9dM$0$manual$manual$0,Hyi9roFG500IJMygEGDTpSZsGKCGYL,2023-05-13T18:00:00.000Z
19.4,,1683986400000,,manual,manual,R6Qw4Kt8oJpLmUsd2eMm5U08M1B9dM$0$manual$manual$0,gpJUtRO1TnnofEr9jkeMMZI2UMd2JK,2023-05-13T14:00:00.000Z
20.1,,1683972000000,,manual,manual,R6Qw4Kt8oJpLmUsd2eMm5U08M1B9dM$0$manual$manual$0,u8DBUljbF5QC0SRey5EkxsGt56BCKr,2023-05-13T10:00:00.000Z
19.4,,1683957600000,,manual,manual,R6Qw4Kt8oJpLmUsd2eMm5U08M1B9dM$0$manual$manual$0,2PwkeqPruubakrbPa17PfFxXypR9kO,2023-05-13T06:00:00.000Z
19.8,,1683943200000,,manual,manual,R6Qw4Kt8oJpLmUsd2eMm5U08M1B9dM$0$manual$manual$0,jB94a33GafWBxgB68zQdvhXHVngc5t,2023-05-13T02:00:00.000Z
20.2,,1683928800000,,manual,manual,R6Qw4Kt8oJpLmUsd2eMm5U08M1B9dM$0$manual$manual$0,ODPEvfcuTeMWCsY8GNQfXM9NunFix8,2023-05-12T22:00:00.000Z
17.8,1.012,1683912000000,,manual,manual,R6Qw4Kt8oJpLmUsd2eMm5U08M1B9dM$0$manual$manual$0,4iQM8tdmyLMvIJLa8CMRwsYJ9nFQEw,2023-05-12T17:20:00.000Z,0.145038,4.33
19.1,,1683900000000,,manual,manual,R6Qw4Kt8oJpLmUsd2eMm5U08M1B9dM$0$manual$manual$0,zRd7oXjVdItd0whzYqask2Gp1JXMIX,2023-05-12T14:00:00.000Z,0.145038,
19.3,,1683885600000,,manual,manual,R6Qw4Kt8oJpLmUsd2eMm5U08M1B9dM$0$manual$manual$0,h8BOZeePn51Afd6WWYh5DC6VZGDr0l,2023-05-12T10:00:00.000Z,0.145038,
20.5,,1683869400000,,manual,manual,R6Qw4Kt8oJpLmUsd2eMm5U08M1B9dM$0$manual$manual$0,2p5lEfB3kywu3VU6YQfoVmIYbt5wXR,2023-05-12T05:30:00.000Z,0.145038,
19.3,,1683856800000,,manual,manual,R6Qw4Kt8oJpLmUsd2eMm5U08M1B9dM$0$manual$manual$0,Oin4nzO0y02BcMix6N8QNMfjRpgiza,2023-05-12T02:00:00.000Z,0.145038,
19.6,,1683842400000,,manual,manual,R6Qw4Kt8oJpLmUsd2eMm5U08M1B9dM$0$manual$manual$0,lHQmoGqlPdfsPOgq4SSRhrNHV684Yh,2023-05-11T22:00:00.000Z,0.145038,
19.2,,1683833400000,,manual,manual,R6Qw4Kt8oJpLmUsd2eMm5U08M1B9dM$0$manual$manual$0,I5Q1mUjqa9syYivH9Y50ZxEueQwcFv,2023-05-11T19:30:00.000Z,0.145038,
19,,1683824400000,,manual,manual,R6Qw4Kt8oJpLmUsd2eMm5U08M1B9dM$0$manual$manual$0,DxDZlpf7lbwinn5AQtJnG7u5wyK014,2023-05-11T17:00:00.000Z,0.145038,
20.2,,1683813600000,,manual,manual,R6Qw4Kt8oJpLmUsd2eMm5U08M1B9dM$0$manual$manual$0,2uN03vXgHjbfgtRqMde44eaqGy5rSY,2023-05-11T14:00:00.000Z,0.145038,
19,,1683799200000,,manual,manual,R6Qw4Kt8oJpLmUsd2eMm5U08M1B9dM$0$manual$manual$0,pvu0yuRQe9W6bRjXPLsJjoylS569Ds,2023-05-11T10:00:00.000Z,0.145038,
19.7,,1683781200000,,manual,manual,R6Qw4Kt8oJpLmUsd2eMm5U08M1B9dM$0$manual$manual$0,b1C6NmloEbEuSH3NYT4PRxizgMbZr5,2023-05-11T05:00:00.000Z,0.145038,
19.7,,1683770400000,,manual,manual,R6Qw4Kt8oJpLmUsd2eMm5U08M1B9dM$0$manual$manual$0,uLqfpE0CaFBYmCE12Iq7DeN49HaKQ2,2023-05-11T02:00:00.000Z,0.145038,
19.7,,1683756000000,,manual,manual,R6Qw4Kt8oJpLmUsd2eMm5U08M1B9dM$0$manual$manual$0,tedebHoOgJzIDkTBBsicowVtf0sFEG,2023-05-10T22:00:00.000Z,0.145038,
20.3,,1683747900000,,manual,manual,R6Qw4Kt8oJpLmUsd2eMm5U08M1B9dM$0$manual$manual$0,NCskDSnBqiq6rbbluD7LaBNTfgEHLi,2023-05-10T19:45:00.000Z,0.145038,
19.5,,1683745200000,,manual,manual,R6Qw4Kt8oJpLmUsd2eMm5U08M1B9dM$0$manual$manual$0,44EcP8Td5g4rJSzt85KNOsHjWXvCQz,2023-05-10T19:00:00.000Z,0.145038,
19.4,,1683737100000,,manual,manual,R6Qw4Kt8oJpLmUsd2eMm5U08M1B9dM$0$manual$manual$0,CWnQSIcmOXM2xxc0wQWw1We4hvuf1D,2023-05-10T16:45:00.000Z,0.145038,
20.3,,1683727200000,,manual,manual,R6Qw4Kt8oJpLmUsd2eMm5U08M1B9dM$0$manual$manual$0,YJwGXbcSakcegnvRiwsfnRTdjLMpjM,2023-05-10T14:00:00.000Z,0.145038,
20.4,,1683712800000,,manual,manual,R6Qw4Kt8oJpLmUsd2eMm5U08M1B9dM$0$manual$manual$0,7XqMyJfkLdUMQrrbnZMsKWpxuFf8QR,2023-05-10T10:00:00.000Z,0.145038,
19.2,,1683696600000,,manual,manual,R6Qw4Kt8oJpLmUsd2eMm5U08M1B9dM$0$manual$manual$0,sYGLFQiFOfV4DJGpK6XMqKaK0Oxrry,2023-05-10T05:30:00.000Z,0.145038,
19.3,,1683684000000,,manual,manual,R6Qw4Kt8oJpLmUsd2eMm5U08M1B9dM$0$manual$manual$0,NTCwGfg1WnrEfUZV4fYqMVC3rTY2NR,2023-05-10T02:00:00.000Z,0.145038,
19.1,,1683669600000,,manual,manual,R6Qw4Kt8oJpLmUsd2eMm5U08M1B9dM$0$manual$manual$0,X18GoVdxYyDhgOJ2UHuZt0boBFLOBw,2023-05-09T22:00:00.000Z,0.145038,
19.1,,1683656100000,,manual,manual,R6Qw4Kt8oJpLmUsd2eMm5U08M1B9dM$0$manual$manual$0,Ft0oBCwtDVShnpAeVAokwlcd5u853C,2023-05-09T18:15:00.000Z,0.145038,
20,,1683650700000,,manual,manual,R6Qw4Kt8oJpLmUsd2eMm5U08M1B9dM$0$manual$manual$0,ecZYjszPhU1irgp0lBRMgVr5pHCGki,2023-05-09T16:45:00.000Z,0.145038,
19.3,,1683640800000,,manual,manual,R6Qw4Kt8oJpLmUsd2eMm5U08M1B9dM$0$manual$manual$0,8i9dkOeFKhnmDd8W1kCwN1qH7JBbAZ,2023-05-09T14:00:00.000Z,0.145038,
19,,1683626400000,,manual,manual,R6Qw4Kt8oJpLmUsd2eMm5U08M1B9dM$0$manual$manual$0,UGVOHkpcYCIvmVtTLSreYzzLQbCo4I,2023-05-09T10:00:00.000Z,0.145038,
20.4,,1683608400000,,manual,manual,R6Qw4Kt8oJpLmUsd2eMm5U08M1B9dM$0$manual$manual$0,WkRgzuo72WA0c8muhhZBFLFSO13SmC,2023-05-09T05:00:00.000Z,0.145038,
19.8,,1683597600000,,manual,manual,R6Qw4Kt8oJpLmUsd2eMm5U08M1B9dM$0$manual$manual$0,H58xShkCEmopWomqkBwHjabHYijrFL,2023-05-09T02:00:00.000Z,0.145038,
19,,1683583200000,,manual,manual,R6Qw4Kt8oJpLmUsd2eMm5U08M1B9dM$0$manual$manual$0,OztQiWakJOkeLZvxKo0VFZu4BKTQEs,2023-05-08T22:00:00.000Z,0.145038,
19.1,,1683568800000,,manual,manual,R6Qw4Kt8oJpLmUsd2eMm5U08M1B9dM$0$manual$manual$0,oF5XACqMQRFbZSRilosYcP6INjQfAX,2023-05-08T18:00:00.000Z,0.145038,
19.3,,1683554400000,,manual,manual,R6Qw4Kt8oJpLmUsd2eMm5U08M1B9dM$0$manual$manual$0,N1LdzW7kFDCNLF8vJBjQZggVOKvUyf,2023-05-08T14:00:00.000Z,0.145038,
19.1,,1683540000000,,manual,manual,R6Qw4Kt8oJpLmUsd2eMm5U08M1B9dM$0$manual$manual$0,DYzvJYrN7IEG8HHrjbsAZMzbijFOQe,2023-05-08T10:00:00.000Z,0.145038,
19,,1683525600000,,manual,manual,R6Qw4Kt8oJpLmUsd2eMm5U08M1B9dM$0$manual$manual$0,Yb1GWh92mAvCXTQbQ3wdpsUYP7Of6T,2023-05-08T06:00:00.000Z,0.145038,
19.8,,1683511200000,,manual,manual,R6Qw4Kt8oJpLmUsd2eMm5U08M1B9dM$0$manual$manual$0,2L24bxenSMgZ4unCWuKbww4lwC7i2O,2023-05-08T02:00:00.000Z,0.145038,
19.9,,1683496800000,,manual,manual,R6Qw4Kt8oJpLmUsd2eMm5U08M1B9dM$0$manual$manual$0,WEpAzq86AuM1duwJnuFLHwwEFq8w48,2023-05-07T22:00:00.000Z,0.145038,
19.1,,1683482400000,,manual,manual,R6Qw4Kt8oJpLmUsd2eMm5U08M1B9dM$0$manual$manual$0,bVfFBPwGU72fUM7KfndGngp1YfnISb,2023-05-07T18:00:00.000Z,0.145038,
19.5,,1683471600000,,manual,manual,R6Qw4Kt8oJpLmUsd2eMm5U08M1B9dM$0$manual$manual$0,KOFf1iA0V2zZFer1sHAExIlkOc8Drp,2023-05-07T15:00:00.000Z,0.145038,
19.1,,1683468000000,,manual,manual,R6Qw4Kt8oJpLmUsd2eMm5U08M1B9dM$0$manual$manual$0,xzlxrq2HPKTuxqbB6zh4PHjGMc0gtD,2023-05-07T14:00:00.000Z,0.145038,
20.4,,1683453600000,,manual,manual,R6Qw4Kt8oJpLmUsd2eMm5U08M1B9dM$0$manual$manual$0,P9r3ebYtUiMn1ByWkspIs3RtI0wySf,2023-05-07T10:00:00.000Z,0.145038,
20.3,,1683437400000,,manual,manual,R6Qw4Kt8oJpLmUsd2eMm5U08M1B9dM$0$manual$manual$0,wipjaRU58GHYdf4KmpMUq0A6Hs7ixl,2023-05-07T05:30:00.000Z,0.145038,
19.2,,1683424800000,,manual,manual,R6Qw4Kt8oJpLmUsd2eMm5U08M1B9dM$0$manual$manual$0,oLEFFZHD4Rr2m1TDL4vqqnzxHbKQPx,2023-05-07T02:00:00.000Z,0.145038,
20.1,,1683410400000,,manual,manual,R6Qw4Kt8oJpLmUsd2eMm5U08M1B9dM$0$manual$manual$0,LM5vJY3Zupi6cAXCXITxkDJcVHUXfI,2023-05-06T22:00:00.000Z,0.145038,
19.2,,1683396000000,,manual,manual,R6Qw4Kt8oJpLmUsd2eMm5U08M1B9dM$0$manual$manual$0,iNDFbQNtOtEhkv3nxEsilk5lekY6Qy,2023-05-06T18:00:00.000Z,0.145038,
19.2,,1683381600000,,manual,manual,R6Qw4Kt8oJpLmUsd2eMm5U08M1B9dM$0$manual$manual$0,IOnHzY9hjJbTabwWKwKAs7nVOEwoDg,2023-05-06T14:00:00.000Z,0.145038,
19.5,,1683373500000,,manual,manual,R6Qw4Kt8oJpLmUsd2eMm5U08M1B9dM$0$manual$manual$0,TrdevMBj6kNBwjlwlNZLZd8Mpl4Hq8,2023-05-06T11:45:00.000Z,0.145038,
19.2,,1683367200000,,manual,manual,R6Qw4Kt8oJpLmUsd2eMm5U08M1B9dM$0$manual$manual$0,bYwFoH9oeKhnYuXPRfjdBVrU6VT1fr,2023-05-06T10:00:00.000Z,0.145038,
18.9,,1683356400000,,manual,manual,R6Qw4Kt8oJpLmUsd2eMm5U08M1B9dM$0$manual$manual$0,2VPdUYnexidS1dTbxioTc3y1kAwA1h,2023-05-06T07:00:00.000Z,0.145038,
19.3,,1683339300000,,manual,manual,R6Qw4Kt8oJpLmUsd2eMm5U08M1B9dM$0$manual$manual$0,9k6WBY8OKCaaQGgZTIALS3F6T4bs7Z,2023-05-06T02:15:00.000Z,0.145038,
20.1,,1683324000000,,manual,manual,R6Qw4Kt8oJpLmUsd2eMm5U08M1B9dM$0$manual$manual$0,g3jmluv2U9kPGSw2FHEDI2hQCbRZRl,2023-05-05T22:00:00.000Z,0.145038,
19.1,,1683316800000,,manual,manual,R6Qw4Kt8oJpLmUsd2eMm5U08M1B9dM$0$manual$manual$0,kSHQSlsEfzHCRybv9u38VYFuJTB0rs,2023-05-05T20:00:00.000Z,0.145038,
19.4,,1683309600000,,manual,manual,R6Qw4Kt8oJpLmUsd2eMm5U08M1B9dM$0$manual$manual$0,px5IFbMstJQM2gDc5KvCBgNp7A2ns5,2023-05-05T18:00:00.000Z,0.145038,
19.3,,1683296100000,,manual,manual,R6Qw4Kt8oJpLmUsd2eMm5U08M1B9dM$0$manual$manual$0,oB6FIGYYc9YKTisltfJQV1JD9To3jL,2023-05-05T14:15:00.000Z,0.145038,
19.2,,1683280800000,,manual,manual,R6Qw4Kt8oJpLmUsd2eMm5U08M1B9dM$0$manual$manual$0,o0uUxkB3KM4lpLpxckf8Op37wROZRg,2023-05-05T10:00:00.000Z,0.145038,
19,,1683266400000,,manual,manual,R6Qw4Kt8oJpLmUsd2eMm5U08M1B9dM$0$manual$manual$0,3c6LzplFWlc5kePaIFGIa6ICPnL8SA,2023-05-05T06:00:00.000Z,0.145038,
19.1,,1683252000000,,manual,manual,R6Qw4Kt8oJpLmUsd2eMm5U08M1B9dM$0$manual$manual$0,V1y7z8TV16ZWpKsOtB3k6vNZRd1zPl,2023-05-05T02:00:00.000Z,0.145038,
19,,1683237600000,,manual,manual,R6Qw4Kt8oJpLmUsd2eMm5U08M1B9dM$0$manual$manual$0,mR3YRcJkDCfbqFXIwugYgRtYNvcQ56,2023-05-04T22:00:00.000Z,0.145038,
19.2,,1683223200000,,manual,manual,R6Qw4Kt8oJpLmUsd2eMm5U08M1B9dM$0$manual$manual$0,qAK3q1YXWhZlmG4Wa7gcHF5DwBP420,2023-05-04T18:00:00.000Z,0.145038,
19.4,,1683208800000,,manual,manual,R6Qw4Kt8oJpLmUsd2eMm5U08M1B9dM$0$manual$manual$0,NMRppYQF1njzpbUSEriccu6wRMtMyG,2023-05-04T14:00:00.000Z,0.145038,
19.7,,1683194400000,,manual,manual,R6Qw4Kt8oJpLmUsd2eMm5U08M1B9dM$0$manual$manual$0,7JNQJpa9bW2mn0yekFeoG6s4e7jqZJ,2023-05-04T10:00:00.000Z,0.145038,
20.2,,1683180000000,,manual,manual,R6Qw4Kt8oJpLmUsd2eMm5U08M1B9dM$0$manual$manual$0,3hW0OoNpO0C5HxEwEwKqaFEovNYVLF,2023-05-04T06:00:00.000Z,0.145038,
19.2,,1683165600000,,manual,manual,R6Qw4Kt8oJpLmUsd2eMm5U08M1B9dM$0$manual$manual$0,7u365krqbYaj1CFEmZrvcLUSWrjDI1,2023-05-04T02:00:00.000Z,0.145038,
19.4,,1683151200000,,manual,manual,R6Qw4Kt8oJpLmUsd2eMm5U08M1B9dM$0$manual$manual$0,5qRyb2HYkSzna2MVYDwOVbluIRVr7E,2023-05-03T22:00:00.000Z,0.145038,
20.1,,1683147600000,,manual,manual,R6Qw4Kt8oJpLmUsd2eMm5U08M1B9dM$0$manual$manual$0,hpNkwDpRxlgX18qY2YZYM1uQK3BuDW,2023-05-03T21:00:00.000Z,0.145038,
19.3,,1683129600000,,manual,manual,R6Qw4Kt8oJpLmUsd2eMm5U08M1B9dM$0$manual$manual$0,PYW2O3gxtpUzVatfpTLXFLppoes90T,2023-05-03T16:00:00.000Z,0.145038,
19.3,,1683118800000,,manual,manual,R6Qw4Kt8oJpLmUsd2eMm5U08M1B9dM$0$manual$manual$0,szOojVRyh43BOF1hJBRSb9du5CLAQV,2023-05-03T13:00:00.000Z,0.145038,
19.1,,1683108000000,,manual,manual,R6Qw4Kt8oJpLmUsd2eMm5U08M1B9dM$0$manual$manual$0,ru0Xh1RQ1fSuUmcoHIB1MYBccqqZVl,2023-05-03T10:00:00.000Z,0.145038,
19.3,,1683100800000,,manual,manual,R6Qw4Kt8oJpLmUsd2eMm5U08M1B9dM$0$manual$manual$0,4U4GAxyGFsYalrm0ufUThEeRHAN1dq,2023-05-03T08:00:00.000Z,0.145038,
20,,1683086400000,,manual,manual,R6Qw4Kt8oJpLmUsd2eMm5U08M1B9dM$0$manual$manual$0,nzdOlLXHvPOphOZt7KrEoGHoWwFtMh,2023-05-03T04:00:00.000Z,0.145038,
19,,1683072000000,,manual,manual,R6Qw4Kt8oJpLmUsd2eMm5U08M1B9dM$0$manual$manual$0,TgWLQwqRRPvO7fqaUdD9rjnRspCAhs,2023-05-03T00:00:00.000Z,0.145038,
19.1,,1683050400000,,manual,manual,R6Qw4Kt8oJpLmUsd2eMm5U08M1B9dM$0$manual$manual$0,xzjikrbYIBUBLrFulcCZnZ8Kj7PJ2R,2023-05-02T18:00:00.000Z,0.145038,
19.4,,1683035100000,,manual,manual,R6Qw4Kt8oJpLmUsd2eMm5U08M1B9dM$0$manual$manual$0,RkUsgQjmAPG7yrxQhgCy5iT9nVMHh6,2023-05-02T13:45:00.000Z,0.145038,
19.1,,1683021600000,,manual,manual,R6Qw4Kt8oJpLmUsd2eMm5U08M1B9dM$0$manual$manual$0,VVh1R1ZYrX0di3vZY4m7v4sFB0jC1O,2023-05-02T10:00:00.000Z,0.145038,
19.6,,1683007200000,,manual,manual,R6Qw4Kt8oJpLmUsd2eMm5U08M1B9dM$0$manual$manual$0,tnIN9SfTUVc4v8nHmGgl01Wv0Trffx,2023-05-02T06:00:00.000Z,0.145038,
20.1,,1682992800000,,manual,manual,R6Qw4Kt8oJpLmUsd2eMm5U08M1B9dM$0$manual$manual$0,nyMTWabeELYQsDtnXMgRwwdAU75EDP,2023-05-02T02:00:00.000Z,0.145038,
19.8,,1682973000000,,manual,manual,R6Qw4Kt8oJpLmUsd2eMm5U08M1B9dM$0$manual$manual$0,fb1cc3tjtENeEzIexdhEJVclnAOgJE,2023-05-01T20:30:00.000Z,0.145038,
19,,1682964900000,,manual,manual,R6Qw4Kt8oJpLmUsd2eMm5U08M1B9dM$0$manual$manual$0,gKDGPE4RZsYM9hqE7rKKE73xHfIScK,2023-05-01T18:15:00.000Z,0.145038,
19.5,,1682936100000,,manual,manual,R6Qw4Kt8oJpLmUsd2eMm5U08M1B9dM$0$manual$manual$0,2tC0rsF64AuHn6FXII2w8Av1Wxcg2F,2023-05-01T10:15:00.000Z,0.145038,
20.4,1.044,1682922360000,,manual,manual,R6Qw4Kt8oJpLmUsd2eMm5U08M1B9dM$0$manual$manual$0,O53U242LeQ7w5wcMPVvtAHwXA70ULq,2023-05-01T06:26:00.000Z,0.145038,5.43