id,type,sg,comment,time,temp,__acc_reading_doc_id,__acc_reading_data_id,timepoint,pressure,ph
manual,manual,,,1662141600000,19.7,caV94IxYIflnlHyoPBlQn9L5dNDRo4$0$manual$manual$0,yAV9bSsOdJD2ikcZ9q9enXX4UIR9iA,2022-09-02T18:00:00.000Z
manual,manual,,,1662127200000,19.3,caV94IxYIflnlHyoPBlQn9L5dNDRo4$0$manual$manual$0,fkPneilUrDRJvnv4dxQ9GFgzxzAGr2,2022-09-02T14:00:00.000Z
manual,manual,,,1662112800000,19.3,caV94IxYIflnlHyoPBlQn9L5dNDRo4$0$manual$manual$0,H2T2uzxh5iJsgRqUfIABws8scjTplt,2022-09-02T10:00:00.000Z
manual,manual,,,1662098400000,19.6,caV94IxYIflnlHyoPBlQn9L5dNDRo4$0$manual$manual$0,wyH16cnLxh28RcC7c9ms7XYFFz78op,2022-09-02T06:00:00.000Z
manual,manual,,,1662084000000,19.7,caV94IxYIflnlHyoPBlQn9L5dNDRo4$0$manual$manual$0,rHwD4XNou1ZEQhbKq25CHXqF2HrOl5,2022-09-02T02:00:00.000Z
manual,manual,,,1662069600000,19.7,caV94IxYIflnlHyoPBlQn9L5dNDRo4$0$manual$manual$0,0HbFUSxAeztNLvhvBrSikeJpTdC9me,2022-09-01T22:00:00.000Z
manual,manual,,,1662055200000,19.5,caV94IxYIflnlHyoPBlQn9L5dNDRo4$0$manual$manual$0,N1zCRM4YeksrMtdGMfIrG6GOazUlyD,2022-09-01T18:00:00.000Z
manual,manual,,,1662040800000,19.2,caV94IxYIflnlHyoPBlQn9L5dNDRo4$0$manual$manual$0,EuE1NNaG4j4ZmOE1WZrCJw5i0rcoPB,2022-09-01T14:00:00.000Z
manual,manual,,,1662026400000,19.2,caV94IxYIflnlHyoPBlQn9L5dNDRo4$0$manual$manual$0,go4D7L9CyJstzFna72zUO7lJuDtPOV,2022-09-01T10:00:00.000Z
manual,manual,,,1662012000000,19.5,caV94IxYIflnlHyoPBlQn9L5dNDRo4$0$manual$manual$0,5ZAzVcyzQzR3nMKk9I15QIA1yJMJ0o,2022-09-01T06:00:00.000Z
manual,manual,,,1661997600000,19.7,caV94IxYIflnlHyoPBlQn9L5dNDRo4$0$manual$manual$0,E1Gsaz30OqoStLiqudED5fdsYLls4L,2022-09-01T02:00:00.000Z
manual,manual,,,1661983200000,19.7,caV94IxYIflnlHyoPBlQn9L5dNDRo4$0$manual$manual$0,nh8n73DkuQ6xdBLwI7cAn9aPn79Lzh,2022-08-31T22:00:00.000Z
manual,manual,,,1661968800000,19.5,caV94IxYIflnlHyoPBlQn9L5dNDRo4$0$manual$manual$0,AlAwa4fa7XmGpeK9i8jkbyrk1ErtkN,2022-08-31T18:00:00.000Z
manual,manual,,,1661954400000,19.4,caV94IxYIflnlHyoPBlQn9L5dNDRo4$0$manual$manual$0,k4kZU2jkZd5PQwjugeNrUyuyyGVVrC,2022-08-31T14:00:00.000Z
manual,manual,,,1661940000000,19.4,caV94IxYIflnlHyoPBlQn9L5dNDRo4$0$manual$manual$0,gzBYp9onVBHleGvAg2Nju764XoKYzX,2022-08-31T10:00:00.000Z
manual,manual,,,1661925600000,19.7,caV94IxYIflnlHyoPBlQn9L5dNDRo4$0$manual$manual$0,M06UHE55kgzuImrv0hTWXv8Kyy6CU2,2022-08-31T06:00:00.000Z
manual,manual,,,1661911200000,19.8,caV94IxYIflnlHyoPBlQn9L5dNDRo4$0$manual$manual$0,YOS7O1etmJdwIlduvouHr9Kqy0mVF7,2022-08-31T02:00:00.000Z
manual,manual,,,1661896800000,19.8,caV94IxYIflnlHyoPBlQn9L5dNDRo4$0$manual$manual$0,n27yEGFp5sUvqen1WOrO6B4i1QXnyj,2022-08-30T22:00:00.000Z
manual,manual,,,1661882400000,19.6,caV94IxYIflnlHyoPBlQn9L5dNDRo4$0$manual$manual$0,sPsxUoM3OelRzyO68y1DPMTOYd5reg,2022-08-30T18:00:00.000Z
manual,manual,,,1661868000000,19.2,caV94IxYIflnlHyoPBlQn9L5dNDRo4$0$manual$manual$0,3jdJIZhjKrHv1sSK1SFC6UYWXyYE8T,2022-08-30T14:00:00.000Z
manual,manual,,,1661853600000,19.2,caV94IxYIflnlHyoPBlQn9L5dNDRo4$0$manual$manual$0,ajh2TWSprp9M9eOOgzpelVRQ1wzXpt,2022-08-30T10:00:00.000Z
manual,manual,,,1661839200000,19.2,caV94IxYIflnlHyoPBlQn9L5dNDRo4$0$manual$manual$0,GahWqxsFgN5hd6Unc3vNZAJCB8DFjC,2022-08-30T06:00:00.000Z
manual,manual,,,1661824800000,19.2,caV94IxYIflnlHyoPBlQn9L5dNDRo4$0$manual$manual$0,bLbwbcGTds4hP3BHg4ImaKmlrDM2HE,2022-08-30T02:00:00.000Z
manual,manual,,,1661810400000,19.2,caV94IxYIflnlHyoPBlQn9L5dNDRo4$0$manual$manual$0,KCcDItn4si83lXuOEW7R6oGXyqINhR,2022-08-29T22:00:00.000Z
manual,manual,,,1661796000000,19.1,caV94IxYIflnlHyoPBlQn9L5dNDRo4$0$manual$manual$0,JKOK3eIbgbsJYjSGtFebd9mGnjvzQK,2022-08-29T18:00:00.000Z
manual,manual,,,1661781600000,19,caV94IxYIflnlHyoPBlQn9L5dNDRo4$0$manual$manual$0,xI458SKYiizU05OibSb84rjS6azj28,2022-08-29T14:00:00.000Z
manual,manual,,,1661767200000,19,caV94IxYIflnlHyoPBlQn9L5dNDRo4$0$manual$manual$0,PjXG4Ozyp3ojo77OftEGOcj9SJfKUM,2022-08-29T10:00:00.000Z
manual,manual,,,1661752800000,19.2,caV94IxYIflnlHyoPBlQn9L5dNDRo4$0$manual$manual$0,XbnlI2Y8OUVPZpO2f6bKWA4cIqFDF6,2022-08-29T06:00:00.000Z
manual,manual,,,1661738400000,19.4,caV94IxYIflnlHyoPBlQn9L5dNDRo4$0$manual$manual$0,738AxRBernBBArWvez6TIXkuf3kUK2,2022-08-29T02:00:00.000Z
manual,manual,,,1661724000000,19.4,caV94IxYIflnlHyoPBlQn9L5dNDRo4$0$manual$manual$0,7OHkDbpkjIch88tw9F5IONVRFtu2kc,2022-08-28T22:00:00.000Z
manual,manual,,,1661709600000,19.3,caV94IxYIflnlHyoPBlQn9L5dNDRo4$0$manual$manual$0,DJij93SXJKYqmnznRdxLUluGqJ7TFR,2022-08-28T18:00:00.000Z
manual,manual,,,1661695200000,19.1,caV94IxYIflnlHyoPBlQn9L5dNDRo4$0$manual$manual$0,7JBL01k401XCdMiVUY8NhXk218KIJP,2022-08-28T14:00:00.000Z
manual,manual,,,1661680800000,19.1,caV94IxYIflnlHyoPBlQn9L5dNDRo4$0$manual$manual$0,YGg4ZaspokyV8PDwNsZOlw3oOdH7vW,2022-08-28T10:00:00.000Z
manual,manual,,,1661666400000,19.2,caV94IxYIflnlHyoPBlQn9L5dNDRo4$0$manual$manual$0,ouJFYZ5bmYlC1D1UJ7Gy8EXLMKBadm,2022-08-28T06:00:00.000Z
manual,manual,,,1661652000000,19.6,caV94IxYIflnlHyoPBlQn9L5dNDRo4$0$manual$manual$0,12ZEveMWl0XUCsBtv80bivmswJDs2q,2022-08-28T02:00:00.000Z
manual,manual,,,1661637600000,19.6,caV94IxYIflnlHyoPBlQn9L5dNDRo4$0$manual$manual$0,FtBNXPJowGR0KjKkemVZkxa2lJx2CB,2022-08-27T22:00:00.000Z
manual,manual,,,1661623200000,19.6,caV94IxYIflnlHyoPBlQn9L5dNDRo4$0$manual$manual$0,FUALaYlZjUpjUA7aclHpLBsD1StboV,2022-08-27T18:00:00.000Z
manual,manual,,,1661608800000,19.5,caV94IxYIflnlHyoPBlQn9L5dNDRo4$0$manual$manual$0,e935sOws3yaLrbH6766zy8xl73yN6S,2022-08-27T14:00:00.000Z
manual,manual,,,1661594400000,19.5,caV94IxYIflnlHyoPBlQn9L5dNDRo4$0$manual$manual$0,bIaTAA1phH9znLaIVKXBoOMYkRs7Or,2022-08-27T10:00:00.000Z
manual,manual,,,1661580000000,19.7,caV94IxYIflnlHyoPBlQn9L5dNDRo4$0$manual$manual$0,RmpvVMjfTliT75n0eQ40cyzskKSBG6,2022-08-27T06:00:00.000Z
manual,manual,,,1661565600000,19.7,caV94IxYIflnlHyoPBlQn9L5dNDRo4$0$manual$manual$0,VgrFkhKzb1zURJi9ewIoDdZcmiFdNR,2022-08-27T02:00:00.000Z
manual,manual,,,1661551200000,19.7,caV94IxYIflnlHyoPBlQn9L5dNDRo4$0$manual$manual$0,5hfqhuhGoNNhXVYXZNjUwC7RRrgreO,2022-08-26T22:00:00.000Z
manual,manual,,,1661536800000,19.9,caV94IxYIflnlHyoPBlQn9L5dNDRo4$0$manual$manual$0,S5T3z02ci6GYloRbQhUQLZC00FyI3E,2022-08-26T18:00:00.000Z
manual,manual,,,1661522400000,19.9,caV94IxYIflnlHyoPBlQn9L5dNDRo4$0$manual$manual$0,mSjX3uXWwFztl0db10tOUDJpFFMcIl,2022-08-26T14:00:00.000Z
manual,manual,,,1661508000000,19.9,caV94IxYIflnlHyoPBlQn9L5dNDRo4$0$manual$manual$0,ytp7wqxuGvICGHnmnm6MGmDvGbiO9E,2022-08-26T10:00:00.000Z
manual,manual,,,1661493600000,19.2,caV94IxYIflnlHyoPBlQn9L5dNDRo4$0$manual$manual$0,RG2MUljIAQPJeDb3NQltlSVj2YnfqB,2022-08-26T06:00:00.000Z
manual,manual,,,1661479200000,19.4,caV94IxYIflnlHyoPBlQn9L5dNDRo4$0$manual$manual$0,3RHKjFKOq0x19VTmAiGytd5ISqTocA,2022-08-26T02:00:00.000Z
manual,manual,,,1661464800000,19.9,caV94IxYIflnlHyoPBlQn9L5dNDRo4$0$manual$manual$0,vrVvrW1bXnIOrLDESkh89gLdNb6rSY,2022-08-25T22:00:00.000Z
manual,manual,,,1661450400000,19.7,caV94IxYIflnlHyoPBlQn9L5dNDRo4$0$manual$manual$0,rOVswpfv0kuNse6E58SHx3TIMjRDmO,2022-08-25T18:00:00.000Z
manual,manual,,,1661436000000,19.8,caV94IxYIflnlHyoPBlQn9L5dNDRo4$0$manual$manual$0,R9HQnkkaH70tF5ZSwUJVO7mRnVLlsw,2022-08-25T14:00:00.000Z
manual,manual,,,1661421600000,19.8,caV94IxYIflnlHyoPBlQn9L5dNDRo4$0$manual$manual$0,Gw1sC60WivHwuOlswsEBiMY1Xt3qTJ,2022-08-25T10:00:00.000Z
manual,manual,,,1661407200000,19.7,caV94IxYIflnlHyoPBlQn9L5dNDRo4$0$manual$manual$0,cqOzawU75OehhD3P18QwxLuzVrhx6h,2022-08-25T06:00:00.000Z
manual,manual,,,1661392800000,19.6,caV94IxYIflnlHyoPBlQn9L5dNDRo4$0$manual$manual$0,Z3vSC2bxlwXmM1rpbZrP72N6Ol2Wil,2022-08-25T02:00:00.000Z
manual,manual,,,1661378400000,19.8,caV94IxYIflnlHyoPBlQn9L5dNDRo4$0$manual$manual$0,XvgYB4DY3Mo1imdaWzbHXVOzNvuMZf,2022-08-24T22:00:00.000Z
manual,manual,,,1661364000000,19.9,caV94IxYIflnlHyoPBlQn9L5dNDRo4$0$manual$manual$0,moFhKPv1U9VTXo7lO2reoUzzF1a8uR,2022-08-24T18:00:00.000Z
manual,manual,,,1661349600000,19.7,caV94IxYIflnlHyoPBlQn9L5dNDRo4$0$manual$manual$0,N0NgNvdky0GGoJlKp2DpAWs7hx8eMe,2022-08-24T14:00:00.000Z
manual,manual,,,1661335200000,19.9,caV94IxYIflnlHyoPBlQn9L5dNDRo4$0$manual$manual$0,QFDC0EsEUDvr86mwZOwo6Ovv7q8wbA,2022-08-24T10:00:00.000Z
manual,manual,,,1661320800000,19.5,caV94IxYIflnlHyoPBlQn9L5dNDRo4$0$manual$manual$0,knlnr7iPYFcVdUTwZMXIBJcj0ViONX,2022-08-24T06:00:00.000Z
manual,manual,,,1661306400000,19.9,caV94IxYIflnlHyoPBlQn9L5dNDRo4$0$manual$manual$0,RTwhR566AlBq7NTeFnHBrhI65dByD3,2022-08-24T02:00:00.000Z
manual,manual,,,1661292000000,19.8,caV94IxYIflnlHyoPBlQn9L5dNDRo4$0$manual$manual$0,h4oTOP4KRXY28NnWUVwoZlqDJ9MkKa,2022-08-23T22:00:00.000Z
manual,manual,,,1661277600000,19.9,caV94IxYIflnlHyoPBlQn9L5dNDRo4$0$manual$manual$0,QcIRKlRrHWiV2JtVChEchhrcelN9V2,2022-08-23T18:00:00.000Z
manual,manual,,,1661263200000,19.5,caV94IxYIflnlHyoPBlQn9L5dNDRo4$0$manual$manual$0,I2AMhVjUjKWhd0H8CmHfNMCXKWX6OR,2022-08-23T14:00:00.000Z
manual,manual,,,1661248800000,19.7,caV94IxYIflnlHyoPBlQn9L5dNDRo4$0$manual$manual$0,5j5JJpXHacNsfbvljl35BxPTLd21LF,2022-08-23T10:00:00.000Z
manual,manual,,,1661234400000,19.4,caV94IxYIflnlHyoPBlQn9L5dNDRo4$0$manual$manual$0,wDdHVfTZ93KaVEAwti0p65yM44cPww,2022-08-23T06:00:00.000Z
manual,manual,,,1661220000000,19.4,caV94IxYIflnlHyoPBlQn9L5dNDRo4$0$manual$manual$0,MsHI2qV79jYhuHwoGv80nJ0Uhnenys,2022-08-23T02:00:00.000Z
manual,manual,,,1661205600000,19.9,caV94IxYIflnlHyoPBlQn9L5dNDRo4$0$manual$manual$0,aN9Ef0eZ9MgAEEQFwQVqVdtGMZrquR,2022-08-22T22:00:00.000Z
manual,manual,,,1661191200000,19.4,caV94IxYIflnlHyoPBlQn9L5dNDRo4$0$manual$manual$0,gYJtwc3YG0SPnyrfen8QCHPVCozWj5,2022-08-22T18:00:00.000Z
manual,manual,,,1661176800000,19.7,caV94IxYIflnlHyoPBlQn9L5dNDRo4$0$manual$manual$0,8mEvGl1WxSdxIkmKLG0u0rhNr9bnHl,2022-08-22T14:00:00.000Z
manual,manual,,,1661162400000,19.7,caV94IxYIflnlHyoPBlQn9L5dNDRo4$0$manual$manual$0,peFt0Tug2jPqDb5OCCeHuCHjggXe5X,2022-08-22T10:00:00.000Z
manual,manual,,,1661148000000,19.7,caV94IxYIflnlHyoPBlQn9L5dNDRo4$0$manual$manual$0,Rm8zCgxQLo1fPojB2xPXip3kXYkvOk,2022-08-22T06:00:00.000Z
manual,manual,,,1661133600000,19.7,caV94IxYIflnlHyoPBlQn9L5dNDRo4$0$manual$manual$0,i4hWAsgRGxMyGYZQKuqsXmEDx3A7y3,2022-08-22T02:00:00.000Z
manual,manual,,,1661119200000,19.7,caV94IxYIflnlHyoPBlQn9L5dNDRo4$0$manual$manual$0,ZcsMnzl50hZR3Ng5un2K94Q9wB8qoa,2022-08-21T22:00:00.000Z
manual,manual,,,1661104800000,19.5,caV94IxYIflnlHyoPBlQn9L5dNDRo4$0$manual$manual$0,btpR6UDOWmTqLpt6DmIMKr2v7a3V0j,2022-08-21T18:00:00.000Z
manual,manual,,,1661090400000,19.3,caV94IxYIflnlHyoPBlQn9L5dNDRo4$0$manual$manual$0,UGv8tRJMP0EWIZL7DCTn6CSgRWvQzY,2022-08-21T14:00:00.000Z
manual,manual,,,1661076000000,19.3,caV94IxYIflnlHyoPBlQn9L5dNDRo4$0$manual$manual$0,6HSwgv1JPXvyHAFZfg3Q8dnlEoNBHF,2022-08-21T10:00:00.000Z
manual,manual,,,1661061600000,19.4,caV94IxYIflnlHyoPBlQn9L5dNDRo4$0$manual$manual$0,RJEA6Pw0TvxItaI2nygndiz3AihOfo,2022-08-21T06:00:00.000Z
manual,manual,,,1661047200000,19.4,caV94IxYIflnlHyoPBlQn9L5dNDRo4$0$manual$manual$0,Kg45NgwmzUNA3ONvcFOlgCAdHQIkuV,2022-08-21T02:00:00.000Z
manual,manual,,,1661032800000,19.4,caV94IxYIflnlHyoPBlQn9L5dNDRo4$0$manual$manual$0,Eqvh6xGPXPzFXKjuUrSfYEr1zBYW28,2022-08-20T22:00:00.000Z
manual,manual,,,1661018400000,19.9,caV94IxYIflnlHyoPBlQn9L5dNDRo4$0$manual$manual$0,j4UG3ZDTfx3YEOOzvVr8CKF9JVnxRD,2022-08-20T18:00:00.000Z
manual,manual,,,1661004000000,19.5,caV94IxYIflnlHyoPBlQn9L5dNDRo4$0$manual$manual$0,A9tRmmW12t0g6jAP5kTc5IOhpYwvxt,2022-08-20T14:00:00.000Z
manual,manual,,,1660989600000,19.9,caV94IxYIflnlHyoPBlQn9L5dNDRo4$0$manual$manual$0,HU7mIPzweyPlvaCy3Mu86JZys4Hahr,2022-08-20T10:00:00.000Z
manual,manual,,,1660975200000,19.9,caV94IxYIflnlHyoPBlQn9L5dNDRo4$0$manual$manual$0,MAv06HvzAkLnLlCNeNEHMT2L2WZVAw,2022-08-20T06:00:00.000Z
manual,manual,,,1660960800000,19.9,caV94IxYIflnlHyoPBlQn9L5dNDRo4$0$manual$manual$0,772l8J7rtuQhsr43hV0pjIWZY19Hhg,2022-08-20T02:00:00.000Z
manual,manual,,,1660946400000,19.8,caV94IxYIflnlHyoPBlQn9L5dNDRo4$0$manual$manual$0,tRZViOyKTiEwsbi46qjDgi9JsSFnqi,2022-08-19T22:00:00.000Z
manual,manual,,,1660932000000,18.7,caV94IxYIflnlHyoPBlQn9L5dNDRo4$0$manual$manual$0,y2McxfkpYlHTmm7fkjo0LYXPip5PvW,2022-08-19T18:00:00.000Z
manual,manual,,,1660917600000,19.5,caV94IxYIflnlHyoPBlQn9L5dNDRo4$0$manual$manual$0,dKHhmwIHotSPqdRQmaMlxP51Y99Ozt,2022-08-19T14:00:00.000Z
manual,manual,,,1660903200000,19.9,caV94IxYIflnlHyoPBlQn9L5dNDRo4$0$manual$manual$0,0eWtkzYFcSMxNoizMgNjVSz758DWWk,2022-08-19T10:00:00.000Z
manual,manual,,,1660888800000,19.9,caV94IxYIflnlHyoPBlQn9L5dNDRo4$0$manual$manual$0,23lFONUlaNJEurevo9GG2vlmCZw2gl,2022-08-19T06:00:00.000Z
manual,manual,,,1660874400000,19.9,caV94IxYIflnlHyoPBlQn9L5dNDRo4$0$manual$manual$0,E05vNsgwxVxeRx55LTIk3NZJiY6hsA,2022-08-19T02:00:00.000Z
manual,manual,,,1660860000000,19.8,caV94IxYIflnlHyoPBlQn9L5dNDRo4$0$manual$manual$0,ucdhr0PLJ8PtGgh0oxrUsVWXarY2Dz,2022-08-18T22:00:00.000Z
manual,manual,,,1660845600000,19.5,caV94IxYIflnlHyoPBlQn9L5dNDRo4$0$manual$manual$0,9VOZXybUCws5h9LRaaY217j6OufKEh,2022-08-18T18:00:00.000Z
manual,manual,,,1660831200000,19.6,caV94IxYIflnlHyoPBlQn9L5dNDRo4$0$manual$manual$0,dCe94AanUlaLyq7fPYKU1TD3nX0Txm,2022-08-18T14:00:00.000Z
manual,manual,,,1660816800000,19.9,caV94IxYIflnlHyoPBlQn9L5dNDRo4$0$manual$manual$0,t4W2UjtUagXxa3oifKzZWVldpDLF99,2022-08-18T10:00:00.000Z
manual,manual,,,1660802400000,19.9,caV94IxYIflnlHyoPBlQn9L5dNDRo4$0$manual$manual$0,7tbyKlYBMdYUMk0wvNXm3gVH0N37yB,2022-08-18T06:00:00.000Z
manual,manual,,,1660788000000,19.9,caV94IxYIflnlHyoPBlQn9L5dNDRo4$0$manual$manual$0,OPsgCigZShoQU4ZNMWUkZyOV8Vnhnd,2022-08-18T02:00:00.000Z
manual,manual,,,1660773600000,19.9,caV94IxYIflnlHyoPBlQn9L5dNDRo4$0$manual$manual$0,HlNhDeDyOoGeRdyI4JAf2UwZjvZekw,2022-08-17T22:00:00.000Z
manual,manual,,,1660759200000,19.7,caV94IxYIflnlHyoPBlQn9L5dNDRo4$0$manual$manual$0,Ir6hXrafEcyTbd3W1xxhPK3K2Z5rjs,2022-08-17T18:00:00.000Z
manual,manual,,,1660744800000,19.5,caV94IxYIflnlHyoPBlQn9L5dNDRo4$0$manual$manual$0,Jy1yBqT2X5KeVcmo3L522MKql8B0Xp,2022-08-17T14:00:00.000Z
manual,manual,,,1660730400000,19.7,caV94IxYIflnlHyoPBlQn9L5dNDRo4$0$manual$manual$0,qadNhwPtNVAPAT3Vo3uX6DSMRqyBH7,2022-08-17T10:00:00.000Z
manual,manual,,,1660716000000,19.7,caV94IxYIflnlHyoPBlQn9L5dNDRo4$0$manual$manual$0,pulfsssFOyZIqGxaKdXhdFTNNhnrqO,2022-08-17T06:00:00.000Z
manual,manual,,,1660701600000,19.9,caV94IxYIflnlHyoPBlQn9L5dNDRo4$0$manual$manual$0,S7vU8J4lCLRwCTMDVy3kZ4TJb82MXq,2022-08-17T02:00:00.000Z
manual,manual,,,1660687200000,18.7,caV94IxYIflnlHyoPBlQn9L5dNDRo4$0$manual$manual$0,OdalyTqnbJ9ugl122vE3IZEgv554kL,2022-08-16T22:00:00.000Z
manual,manual,,,1660672800000,18.5,caV94IxYIflnlHyoPBlQn9L5dNDRo4$0$manual$manual$0,YV6fOvf8sxkMrm4dMxs4D8kyyOYB3k,2022-08-16T18:00:00.000Z
manual,manual,,,1660658400000,19.6,caV94IxYIflnlHyoPBlQn9L5dNDRo4$0$manual$manual$0,7cpfbSNCb1kN1iYwYSrRbPcz7JKqFh,2022-08-16T14:00:00.000Z
manual,manual,,,1660644000000,19.9,caV94IxYIflnlHyoPBlQn9L5dNDRo4$0$manual$manual$0,pAoSY50xCa5aBzCA6Eu2INYPWMK1MG,2022-08-16T10:00:00.000Z
manual,manual,,,1660629600000,19.5,caV94IxYIflnlHyoPBlQn9L5dNDRo4$0$manual$manual$0,RGWlUXokLLwlrcvrvKkdeadmI2oLXJ,2022-08-16T06:00:00.000Z
manual,manual,,,1660615200000,19.8,caV94IxYIflnlHyoPBlQn9L5dNDRo4$0$manual$manual$0,oNFMSIBwTcj2R7jhA00TSx6ZxHl2pR,2022-08-16T02:00:00.000Z
manual,manual,,,1660600800000,19.8,caV94IxYIflnlHyoPBlQn9L5dNDRo4$0$manual$manual$0,tfn5V6i7L2zeO2GfGdB8nM6NVlFZ8d,2022-08-15T22:00:00.000Z
manual,manual,,,1660586400000,19.6,caV94IxYIflnlHyoPBlQn9L5dNDRo4$0$manual$manual$0,6FyJUw0nbRegzeEZ6NDVxBaIVDBHzZ,2022-08-15T18:00:00.000Z
manual,manual,,,1660572000000,19.3,caV94IxYIflnlHyoPBlQn9L5dNDRo4$0$manual$manual$0,UVB9HRyWjlEjStvI86rFqSmcQJ3dWg,2022-08-15T14:00:00.000Z
manual,manual,,,1660557600000,19.6,caV94IxYIflnlHyoPBlQn9L5dNDRo4$0$manual$manual$0,n6mYdnQpx5WhtQYQn2zZJIe5kV1GJv,2022-08-15T10:00:00.000Z
manual,manual,,,1660543200000,19.9,caV94IxYIflnlHyoPBlQn9L5dNDRo4$0$manual$manual$0,lnAd4aljb2f1kgEtPQicXDrhAlT9zI,2022-08-15T06:00:00.000Z
manual,manual,,,1660528800000,19.7,caV94IxYIflnlHyoPBlQn9L5dNDRo4$0$manual$manual$0,JRMn8jUDiStdketMo7d2SWdmhtrxra,2022-08-15T02:00:00.000Z
manual,manual,,,1660514400000,19.9,caV94IxYIflnlHyoPBlQn9L5dNDRo4$0$manual$manual$0,rsQS6YPhZ8xR2ClYyB0jKcwctnGGjI,2022-08-14T22:00:00.000Z
manual,manual,,,1660500000000,19.9,caV94IxYIflnlHyoPBlQn9L5dNDRo4$0$manual$manual$0,Ur1LpfL7edGpmg0Qnsj0Tj17sD6JCs,2022-08-14T18:00:00.000Z
manual,manual,,,1660485600000,19.4,caV94IxYIflnlHyoPBlQn9L5dNDRo4$0$manual$manual$0,r5dQxu8hMWijL8eCMgT6gXPOp3SYCW,2022-08-14T14:00:00.000Z
manual,manual,,,1660471200000,19.5,caV94IxYIflnlHyoPBlQn9L5dNDRo4$0$manual$manual$0,ESddvcAMlYLWnj1381ZaDAsTjtZrEc,2022-08-14T10:00:00.000Z
manual,manual,,,1660456800000,19.4,caV94IxYIflnlHyoPBlQn9L5dNDRo4$0$manual$manual$0,hG3xTi40aY5pjlcnly2x8VzbGJRMv7,2022-08-14T06:00:00.000Z
manual,manual,,,1660442400000,19.4,caV94IxYIflnlHyoPBlQn9L5dNDRo4$0$manual$manual$0,xehBl8GbLd49rAcdqHU4WqdWrC1ccM,2022-08-14T02:00:00.000Z
manual,manual,,,1660428000000,19.8,caV94IxYIflnlHyoPBlQn9L5dNDRo4$0$manual$manual$0,XG3bRqJglTcRLlouLrjE7Of0meQq4v,2022-08-13T22:00:00.000Z
manual,manual,,,1660413600000,19.9,caV94IxYIflnlHyoPBlQn9L5dNDRo4$0$manual$manual$0,mi0WN4EOKlMWv9QWjNIGhSCgTyh3Da,2022-08-13T18:00:00.000Z
manual,manual,,,1660399200000,19.8,caV94IxYIflnlHyoPBlQn9L5dNDRo4$0$manual$manual$0,TQpzmf8ytatbJ9KFjbx2QHgPOU7YOz,2022-08-13T14:00:00.000Z
manual,manual,,,1660384800000,19.4,caV94IxYIflnlHyoPBlQn9L5dNDRo4$0$manual$manual$0,c3A5PzKWSfFoDk0cLIZet6Iw2NfmJ4,2022-08-13T10:00:00.000Z
manual,manual,,,1660370400000,19.5,caV94IxYIflnlHyoPBlQn9L5dNDRo4$0$manual$manual$0,iMhkP1RUIVZKps2f9Wp4zZiTmru5OB,2022-08-13T06:00:00.000Z
manual,manual,,,1660356000000,19.5,caV94IxYIflnlHyoPBlQn9L5dNDRo4$0$manual$manual$0,8iX3fRmovgRyzh8uFL94JWTCgEJlbR,2022-08-13T02:00:00.000Z
manual,manual,,,1660341600000,20,caV94IxYIflnlHyoPBlQn9L5dNDRo4$0$manual$manual$0,48dsMv7o443mcUtCe4da26c3SN80rM,2022-08-12T22:00:00.000Z
manual,manual,,,1660327200000,20,caV94IxYIflnlHyoPBlQn9L5dNDRo4$0$manual$manual$0,O2C99ZRcCfBsCIKxePxwu45Zd8ZTZD,2022-08-12T18:00:00.000Z
manual,manual,,,1660312800000,20,caV94IxYIflnlHyoPBlQn9L5dNDRo4$0$manual$manual$0,YnoZzuMTz7pIcc0gf8h7H9VpR8TZWr,2022-08-12T14:00:00.000Z
manual,manual,,,1660298400000,19.4,caV94IxYIflnlHyoPBlQn9L5dNDRo4$0$manual$manual$0,FQz5ARVu4mJQpdhzFAoIfBeDM8VczT,2022-08-12T10:00:00.000Z
manual,manual,,,1660284000000,19.5,caV94IxYIflnlHyoPBlQn9L5dNDRo4$0$manual$manual$0,UiMd0eZHCulRaalNBfQ1M2PtWVNi4W,2022-08-12T06:00:00.000Z
manual,manual,,,1660269600000,19.8,caV94IxYIflnlHyoPBlQn9L5dNDRo4$0$manual$manual$0,LNnq5Cmdm0j199hpniKal6w4w5mkl8,2022-08-12T02:00:00.000Z
manual,manual,,,1660255200000,19.8,caV94IxYIflnlHyoPBlQn9L5dNDRo4$0$manual$manual$0,HyzkHDftzogw4bwszC7tDzYBexE62v,2022-08-11T22:00:00.000Z
manual,manual,,,1660240800000,19.2,caV94IxYIflnlHyoPBlQn9L5dNDRo4$0$manual$manual$0,xMWrchEvNUcTsM7co83if14XaAKxfD,2022-08-11T18:00:00.000Z
manual,manual,,,1660226400000,19.7,caV94IxYIflnlHyoPBlQn9L5dNDRo4$0$manual$manual$0,v4dCkkmAf6oX4ku56TGVPYI5G6bscO,2022-08-11T14:00:00.000Z
manual,manual,,,1660212000000,19.5,caV94IxYIflnlHyoPBlQn9L5dNDRo4$0$manual$manual$0,XyOJtTT06hNXccutZE8VR9cXQBcApk,2022-08-11T10:00:00.000Z
manual,manual,,,1660197600000,19.9,caV94IxYIflnlHyoPBlQn9L5dNDRo4$0$manual$manual$0,LhUJBIgmGX4TQfEiTwhNdQMHYCxxIM,2022-08-11T06:00:00.000Z
manual,manual,,,1660183200000,19.8,caV94IxYIflnlHyoPBlQn9L5dNDRo4$0$manual$manual$0,qcbmryIi7WO000yCpH9x12IJAg2pm0,2022-08-11T02:00:00.000Z
manual,manual,,,1660168800000,19.3,caV94IxYIflnlHyoPBlQn9L5dNDRo4$0$manual$manual$0,iV17DKIQ4XfZKILeX3XpdDScPU2M6K,2022-08-10T22:00:00.000Z
manual,manual,,,1660154400000,19.4,caV94IxYIflnlHyoPBlQn9L5dNDRo4$0$manual$manual$0,whcW0tAFFDVAxqXCgWxXeZtSbdCEgi,2022-08-10T18:00:00.000Z
manual,manual,,,1660140000000,19.4,caV94IxYIflnlHyoPBlQn9L5dNDRo4$0$manual$manual$0,f2E996Duwp0dff8j2mNJ4521KJVpdb,2022-08-10T14:00:00.000Z
manual,manual,,,1660125600000,19.7,caV94IxYIflnlHyoPBlQn9L5dNDRo4$0$manual$manual$0,OtcgkDNOkE8r7SuMWTqwFRWmc9At7V,2022-08-10T10:00:00.000Z
manual,manual,,,1660111200000,19.7,caV94IxYIflnlHyoPBlQn9L5dNDRo4$0$manual$manual$0,6HJoe3M11F6tEKbuwO5wUpS81WR2Hn,2022-08-10T06:00:00.000Z
manual,manual,,,1660096800000,19.7,caV94IxYIflnlHyoPBlQn9L5dNDRo4$0$manual$manual$0,jea7ajRhMHeJ1mnOHPt27c7PHiezwy,2022-08-10T02:00:00.000Z
manual,manual,,,1660082400000,19.5,caV94IxYIflnlHyoPBlQn9L5dNDRo4$0$manual$manual$0,NJwhVbEgDRM1DDX4TLUQbwCXkK5IPM,2022-08-09T22:00:00.000Z
manual,manual,,,1660068000000,19.8,caV94IxYIflnlHyoPBlQn9L5dNDRo4$0$manual$manual$0,vLRfqphTMuzaSVoFeTx0w2G6KWB4kA,2022-08-09T18:00:00.000Z
manual,manual,,,1660053600000,19.7,caV94IxYIflnlHyoPBlQn9L5dNDRo4$0$manual$manual$0,LGDl2mRcbGJB8G1ENiL6Y52dMSbOHT,2022-08-09T14:00:00.000Z
manual,manual,,,1660039200000,19.5,caV94IxYIflnlHyoPBlQn9L5dNDRo4$0$manual$manual$0,7L23UmlzfkEo77NgcTK0ZOTHI7j2fC,2022-08-09T10:00:00.000Z
manual,manual,,,1660024800000,19.6,caV94IxYIflnlHyoPBlQn9L5dNDRo4$0$manual$manual$0,J6zGx8g6219MEZwzi6UYZpIl3FOW6E,2022-08-09T06:00:00.000Z
manual,manual,,,1660010400000,19.7,caV94IxYIflnlHyoPBlQn9L5dNDRo4$0$manual$manual$0,8x8bNzDt7SvYW3lnM25dXMEGWtvKXL,2022-08-09T02:00:00.000Z
manual,manual,,,1659996000000,19.7,caV94IxYIflnlHyoPBlQn9L5dNDRo4$0$manual$manual$0,AdNx4Zaz1VNNlQn4u7964QPOMhP4Ad,2022-08-08T22:00:00.000Z
manual,manual,,,1659981600000,19.6,caV94IxYIflnlHyoPBlQn9L5dNDRo4$0$manual$manual$0,lMBlXWqYWgPMmY3hlS5AhtmF5AL5LO,2022-08-08T18:00:00.000Z
manual,manual,,,1659967200000,19.3,caV94IxYIflnlHyoPBlQn9L5dNDRo4$0$manual$manual$0,vCIdu4aMImBEqmTbh6IYmEmOc0qMIV,2022-08-08T14:00:00.000Z
manual,manual,,,1659952800000,19.2,caV94IxYIflnlHyoPBlQn9L5dNDRo4$0$manual$manual$0,yRGCtZaI802Uo1TlznZSjcnKReo71z,2022-08-08T10:00:00.000Z
manual,manual,,,1659938400000,19.3,caV94IxYIflnlHyoPBlQn9L5dNDRo4$0$manual$manual$0,u1pW3ojFMEcPbdbGh3y7twIorgHoV7,2022-08-08T06:00:00.000Z
manual,manual,,,1659924000000,19.5,caV94IxYIflnlHyoPBlQn9L5dNDRo4$0$manual$manual$0,QvD4YI4nWcNEb4ooj6Oc3Dn1e1zh9z,2022-08-08T02:00:00.000Z
manual,manual,,,1659909600000,19.5,caV94IxYIflnlHyoPBlQn9L5dNDRo4$0$manual$manual$0,cMJGxDlq7R5y3ocFOu74ryRR78Ervp,2022-08-07T22:00:00.000Z
manual,manual,,,1659895200000,19.5,caV94IxYIflnlHyoPBlQn9L5dNDRo4$0$manual$manual$0,uXufuiWiIeCqg86vxR2yAhg0kqUXus,2022-08-07T18:00:00.000Z
manual,manual,,,1659880800000,18.9,caV94IxYIflnlHyoPBlQn9L5dNDRo4$0$manual$manual$0,1OaygH9F56crez2os2YLVtMjvkWrkE,2022-08-07T14:00:00.000Z
manual,manual,,,1659866400000,18.5,caV94IxYIflnlHyoPBlQn9L5dNDRo4$0$manual$manual$0,Ayg0CFCsq16oh1GRXSnFSDruLrMInC,2022-08-07T10:00:00.000Z
manual,manual,,,1659852000000,18.7,caV94IxYIflnlHyoPBlQn9L5dNDRo4$0$manual$manual$0,ZFsgfYQDEAQrtIoadGsPH7jCykC1PL,2022-08-07T06:00:00.000Z
manual,manual,,,1659837600000,19.2,caV94IxYIflnlHyoPBlQn9L5dNDRo4$0$manual$manual$0,dykbyx5sZSxWKTk5vSQXEaGvlsKnpq,2022-08-07T02:00:00.000Z
manual,manual,,,1659823200000,19.2,caV94IxYIflnlHyoPBlQn9L5dNDRo4$0$manual$manual$0,cPoS4UKp2hA5sIB1Ow40wWqLFWokU2,2022-08-06T22:00:00.000Z
manual,manual,,,1659808800000,19.1,caV94IxYIflnlHyoPBlQn9L5dNDRo4$0$manual$manual$0,8Hf7ZqIlDgzGLfVBjnGpdOL285Oy8b,2022-08-06T18:00:00.000Z
manual,manual,,,1659794400000,18.9,caV94IxYIflnlHyoPBlQn9L5dNDRo4$0$manual$manual$0,4XxOmbjNkc9mCaNBq9WITwf9dPlRW1,2022-08-06T14:00:00.000Z
manual,manual,,,1659780000000,18.8,caV94IxYIflnlHyoPBlQn9L5dNDRo4$0$manual$manual$0,RLQII0wohy6IDPVwWnDonGMWIgx2SZ,2022-08-06T10:00:00.000Z
manual,manual,,,1659765600000,18.9,caV94IxYIflnlHyoPBlQn9L5dNDRo4$0$manual$manual$0,GdViT8jeiJaOK7WkbOaukVet9yZUsj,2022-08-06T06:00:00.000Z
manual,manual,,,1659751200000,19.6,caV94IxYIflnlHyoPBlQn9L5dNDRo4$0$manual$manual$0,Id6FH32EMxVVU3P1UIN0BhABkWAHQR,2022-08-06T02:00:00.000Z
manual,manual,,,1659736800000,19.7,caV94IxYIflnlHyoPBlQn9L5dNDRo4$0$manual$manual$0,XxK2bmt74d7Zu0o6CYsULoUDj7CUSj,2022-08-05T22:00:00.000Z
manual,manual,,,1659722400000,19.5,caV94IxYIflnlHyoPBlQn9L5dNDRo4$0$manual$manual$0,a3Y1NlMLNUEjskKi7KawkCa1ZlBu6z,2022-08-05T18:00:00.000Z
manual,manual,,,1659708000000,19.8,caV94IxYIflnlHyoPBlQn9L5dNDRo4$0$manual$manual$0,78mJkoziqjgNdaRq2BfY8Li4Wq8CyE,2022-08-05T14:00:00.000Z
manual,manual,,,1659693600000,19.7,caV94IxYIflnlHyoPBlQn9L5dNDRo4$0$manual$manual$0,WsUiVT29Vi41mzJtq4wo3ikaGhqYjp,2022-08-05T10:00:00.000Z
manual,manual,,,1659679200000,19.5,caV94IxYIflnlHyoPBlQn9L5dNDRo4$0$manual$manual$0,xQO1MnEoXhfDVkiy8ZC17Jg87ETWBR,2022-08-05T06:00:00.000Z
manual,manual,,,1659664800000,19.5,caV94IxYIflnlHyoPBlQn9L5dNDRo4$0$manual$manual$0,NzY9n5dFKBn9KMN3cDBx0ol1ofUSSc,2022-08-05T02:00:00.000Z
manual,manual,,,1659650400000,19.6,caV94IxYIflnlHyoPBlQn9L5dNDRo4$0$manual$manual$0,VqDlWIKrLn0zuSBCIEoG4gDJdDdgXW,2022-08-04T22:00:00.000Z
manual,manual,,,1659636000000,19.6,caV94IxYIflnlHyoPBlQn9L5dNDRo4$0$manual$manual$0,V9wTn4tpsatL2A14EKyWuLhHSLHaE9,2022-08-04T18:00:00.000Z
manual,manual,,,1659621600000,19.9,caV94IxYIflnlHyoPBlQn9L5dNDRo4$0$manual$manual$0,QYTXxxPQxfWpQajjptXjczzTbTcVFz,2022-08-04T14:00:00.000Z
manual,manual,,,1659607200000,19.7,caV94IxYIflnlHyoPBlQn9L5dNDRo4$0$manual$manual$0,OCNaBOHUgpASEZuEGljP2cMzl5Fz7D,2022-08-04T10:00:00.000Z
manual,manual,,,1659592800000,19.8,caV94IxYIflnlHyoPBlQn9L5dNDRo4$0$manual$manual$0,6u47wZwK255NrQ1Gs9eCR6LBjsfhTz,2022-08-04T06:00:00.000Z
manual,manual,,,1659578400000,19.9,caV94IxYIflnlHyoPBlQn9L5dNDRo4$0$manual$manual$0,mpJuhESTnamABYu4KEjI73tujEUUhj,2022-08-04T02:00:00.000Z
manual,manual,,,1659564000000,19.6,caV94IxYIflnlHyoPBlQn9L5dNDRo4$0$manual$manual$0,akQyhWfycAXksDceY7dAz5XRzuDQLo,2022-08-03T22:00:00.000Z
manual,manual,,,1659549600000,19.6,caV94IxYIflnlHyoPBlQn9L5dNDRo4$0$manual$manual$0,nZIYSSp4QjftWZ24YH0huQUyINpdEH,2022-08-03T18:00:00.000Z
manual,manual,,,1659535200000,19.8,caV94IxYIflnlHyoPBlQn9L5dNDRo4$0$manual$manual$0,z7wrfoLkVX6Js2eDQyKvFcZOkqagQE,2022-08-03T14:00:00.000Z
manual,manual,,,1659520800000,19.8,caV94IxYIflnlHyoPBlQn9L5dNDRo4$0$manual$manual$0,Ht9hdqdBD0EiWSmREEAghIw6fmnJLz,2022-08-03T10:00:00.000Z
manual,manual,,,1659506400000,19.4,caV94IxYIflnlHyoPBlQn9L5dNDRo4$0$manual$manual$0,zxh81oJM7X8CWTeK7ZFLf8NWdrWIwn,2022-08-03T06:00:00.000Z
manual,manual,,,1659492000000,19.9,caV94IxYIflnlHyoPBlQn9L5dNDRo4$0$manual$manual$0,NPd9CuEDVeawwOxPmyxusx79aF4ZW6,2022-08-03T02:00:00.000Z
manual,manual,,,1659477600000,19.7,caV94IxYIflnlHyoPBlQn9L5dNDRo4$0$manual$manual$0,7yWdF96TL9g1KTNIaMfEA6UkgQTae8,2022-08-02T22:00:00.000Z
manual,manual,,,1659463200000,19.9,caV94IxYIflnlHyoPBlQn9L5dNDRo4$0$manual$manual$0,oiPuXHp1lQLzekxvZtg17aP9TziJdy,2022-08-02T18:00:00.000Z
manual,manual,,,1659448800000,19.4,caV94IxYIflnlHyoPBlQn9L5dNDRo4$0$manual$manual$0,OXdEplm4vFQZgi6PzSRNYHc30OHcxP,2022-08-02T14:00:00.000Z
manual,manual,,,1659434400000,19.1,caV94IxYIflnlHyoPBlQn9L5dNDRo4$0$manual$manual$0,h07o8vepaX6IWqbYus25Gpo3XTeNcV,2022-08-02T10:00:00.000Z
manual,manual,,,1659420000000,19.3,caV94IxYIflnlHyoPBlQn9L5dNDRo4$0$manual$manual$0,zpzV3Tm8dmWTjqlAX7GrP0IjgDrQgp,2022-08-02T06:00:00.000Z
manual,manual,,,1659405600000,19.5,caV94IxYIflnlHyoPBlQn9L5dNDRo4$0$manual$manual$0,vrJPc9Sd3RuntFsszRpL1XsCJfCOwO,2022-08-02T02:00:00.000Z
manual,manual,,,1659391200000,19.5,caV94IxYIflnlHyoPBlQn9L5dNDRo4$0$manual$manual$0,aPMwOYLcLhoIQrIeSA7eVdohewKIIH,2022-08-01T22:00:00.000Z
manual,manual,,,1659376800000,19.3,caV94IxYIflnlHyoPBlQn9L5dNDRo4$0$manual$manual$0,J7mzAgHdsn8eyUMpGxjF5ba2G177ts,2022-08-01T18:00:00.000Z
manual,manual,,,1659362400000,19.9,caV94IxYIflnlHyoPBlQn9L5dNDRo4$0$manual$manual$0,jYEJI01GmpOETH5IXcXJcOi18fb2m1,2022-08-01T14:00:00.000Z
manual,manual,,,1659348000000,19.9,caV94IxYIflnlHyoPBlQn9L5dNDRo4$0$manual$manual$0,7TqMne8mR3E9FWEPiJ0BJfuQO5zviJ,2022-08-01T10:00:00.000Z
manual,manual,,,1659333600000,19.9,caV94IxYIflnlHyoPBlQn9L5dNDRo4$0$manual$manual$0,EbHZYNwAeVZLmI4CQStbaHZpt2Xz74,2022-08-01T06:00:00.000Z
manual,manual,,,1659319200000,19.9,caV94IxYIflnlHyoPBlQn9L5dNDRo4$0$manual$manual$0,xD6y1YfzYZtoFCzYDHZOKfyTOnu8Cf,2022-08-01T02:00:00.000Z
manual,manual,,,1659304800000,19.9,caV94IxYIflnlHyoPBlQn9L5dNDRo4$0$manual$manual$0,bZ4UWUStwKmVajdKEiIffnB8Y5tQBO,2022-07-31T22:00:00.000Z
manual,manual,,,1659290400000,19.9,caV94IxYIflnlHyoPBlQn9L5dNDRo4$0$manual$manual$0,O5UVHwaYSRTr3bVPVc6dFbFiPSRXUX,2022-07-31T18:00:00.000Z
manual,manual,,,1659276000000,19.7,caV94IxYIflnlHyoPBlQn9L5dNDRo4$0$manual$manual$0,CVQD1sfeRAYCMtNct5pQsF01HLSAUT,2022-07-31T14:00:00.000Z
manual,manual,,,1659261600000,19.6,caV94IxYIflnlHyoPBlQn9L5dNDRo4$0$manual$manual$0,jjP9kEkiFPgdgW0cbtmcIoPwYRaDdD,2022-07-31T10:00:00.000Z
manual,manual,,,1659247200000,19.6,caV94IxYIflnlHyoPBlQn9L5dNDRo4$0$manual$manual$0,4FLgpiECXHE5xg4P6CwkCs2cC38Zgt,2022-07-31T06:00:00.000Z
manual,manual,,,1659232800000,19.5,caV94IxYIflnlHyoPBlQn9L5dNDRo4$0$manual$manual$0,6gwDpMqa2TSd51dSXtjUgI5YQT7UIq,2022-07-31T02:00:00.000Z
manual,manual,,,1659218400000,19.3,caV94IxYIflnlHyoPBlQn9L5dNDRo4$0$manual$manual$0,4S1gn0C467K5Yffs3IyqoOiPaBwE7P,2022-07-30T22:00:00.000Z
manual,manual,,,1659204000000,19.7,caV94IxYIflnlHyoPBlQn9L5dNDRo4$0$manual$manual$0,5TgtykqdO0i9FSV0VNgQbcS4IlNsqR,2022-07-30T18:00:00.000Z
manual,manual,,,1659189600000,19.9,caV94IxYIflnlHyoPBlQn9L5dNDRo4$0$manual$manual$0,O4rY4fJNc7TZUBL1eM5bA4qrg5ee2X,2022-07-30T14:00:00.000Z
manual,manual,,,1659175200000,19.7,caV94IxYIflnlHyoPBlQn9L5dNDRo4$0$manual$manual$0,U9lx4P0mAXoQ5gLJ2onvY1WE5ib6if,2022-07-30T10:00:00.000Z
manual,manual,,,1659160800000,19.8,caV94IxYIflnlHyoPBlQn9L5dNDRo4$0$manual$manual$0,MOWAcSUbMQ6zDM6v3vvPpDtAuKXYIp,2022-07-30T06:00:00.000Z
manual,manual,,,1659146400000,19.8,caV94IxYIflnlHyoPBlQn9L5dNDRo4$0$manual$manual$0,jFDWEjUNurjbCgwN0bhU2KOHlJE0Mn,2022-07-30T02:00:00.000Z
manual,manual,,,1659132000000,19.8,caV94IxYIflnlHyoPBlQn9L5dNDRo4$0$manual$manual$0,R4cfWocvE5EQzGXitJ0wzMW63ATSe6,2022-07-29T22:00:00.000Z
manual,manual,,,1659117600000,19.5,caV94IxYIflnlHyoPBlQn9L5dNDRo4$0$manual$manual$0,lSknRPtuMJpwgzTYEQR9jzcOlFIZ4l,2022-07-29T18:00:00.000Z
manual,manual,,,1659103200000,18.8,caV94IxYIflnlHyoPBlQn9L5dNDRo4$0$manual$manual$0,011ZD5Bbgv7ZINDy5QL76lFHLngI9u,2022-07-29T14:00:00.000Z
manual,manual,,,1659088800000,18.8,caV94IxYIflnlHyoPBlQn9L5dNDRo4$0$manual$manual$0,LdwZpPmC4exGNhoKmKQY4Euq2MF7lp,2022-07-29T10:00:00.000Z
manual,manual,,,1659074400000,18.8,caV94IxYIflnlHyoPBlQn9L5dNDRo4$0$manual$manual$0,iL5k6HwucOXe6TJAHfN4AcWAKzGRa1,2022-07-29T06:00:00.000Z
manual,manual,,,1659060000000,18.9,caV94IxYIflnlHyoPBlQn9L5dNDRo4$0$manual$manual$0,DML8E6rFaQ7V8KtB0GpkGUMjjUqNwF,2022-07-29T02:00:00.000Z
manual,manual,,,1659045600000,18.9,caV94IxYIflnlHyoPBlQn9L5dNDRo4$0$manual$manual$0,NbkYqvs9S78SxtZTqwlompa9CrZJrF,2022-07-28T22:00:00.000Z
manual,manual,,,1659031200000,18.8,caV94IxYIflnlHyoPBlQn9L5dNDRo4$0$manual$manual$0,vO5JlDQrVm4u2qs2MIOkFBaeCkhyCI,2022-07-28T18:00:00.000Z
manual,manual,,,1659016800000,18.4,caV94IxYIflnlHyoPBlQn9L5dNDRo4$0$manual$manual$0,BWMAlzJiU96lJ3P7J1R1vnElAVQgRW,2022-07-28T14:00:00.000Z
manual,manual,,,1659008700000,18.4,caV94IxYIflnlHyoPBlQn9L5dNDRo4$0$manual$manual$0,VNwfDriOUWAASOXDSWfQkBYqSV9ieq,2022-07-28T11:45:00.000Z
manual,manual,,,1658998800000,18.4,caV94IxYIflnlHyoPBlQn9L5dNDRo4$0$manual$manual$0,1IXYPvJKcFNGoJdzWBaIzXWUOeW5bw,2022-07-28T09:00:00.000Z
manual,manual,,,1658988000000,18.5,caV94IxYIflnlHyoPBlQn9L5dNDRo4$0$manual$manual$0,aL9bTcvnMkqE56cRqQ2BnJht8xchOG,2022-07-28T06:00:00.000Z
manual,manual,,,1658973600000,19,caV94IxYIflnlHyoPBlQn9L5dNDRo4$0$manual$manual$0,JsT93t44GsMiWvdOQ12qtPF2yILmmu,2022-07-28T02:00:00.000Z
manual,manual,,,1658963700000,19.2,caV94IxYIflnlHyoPBlQn9L5dNDRo4$0$manual$manual$0,bosiTWBaCglrXWHrzj6EgxLDtSAKfA,2022-07-27T23:15:00.000Z
manual,manual,,,1658946600000,19.2,caV94IxYIflnlHyoPBlQn9L5dNDRo4$0$manual$manual$0,rbze3nKl4oYtnPzB2BudFICK6xwCjU,2022-07-27T18:30:00.000Z
manual,manual,,,1658939400000,19.2,caV94IxYIflnlHyoPBlQn9L5dNDRo4$0$manual$manual$0,fgIDqhHtaF5ArjXdVhrY9GDadLHzyI,2022-07-27T16:30:00.000Z
manual,manual,,,1658928600000,19.2,caV94IxYIflnlHyoPBlQn9L5dNDRo4$0$manual$manual$0,RBQLc5gqQ42PDM8rVoNH8VjqIqsEqZ,2022-07-27T13:30:00.000Z
manual,manual,,,1658916000000,19.2,caV94IxYIflnlHyoPBlQn9L5dNDRo4$0$manual$manual$0,6b1G7ZLeqS2Ym1SLt8Nm8NbcNudeFM,2022-07-27T10:00:00.000Z
manual,manual,,,1658901600000,19.3,caV94IxYIflnlHyoPBlQn9L5dNDRo4$0$manual$manual$0,BZVqahQfRNA7x4ZMHLl8gQeJbN6Yng,2022-07-27T06:00:00.000Z
manual,manual,,,1658887200000,19.7,caV94IxYIflnlHyoPBlQn9L5dNDRo4$0$manual$manual$0,3rm90eVtnq5xia6rJMt1iyoa03Er2n,2022-07-27T02:00:00.000Z
manual,manual,,,1658872800000,19.9,caV94IxYIflnlHyoPBlQn9L5dNDRo4$0$manual$manual$0,LRRk0WNuf3tXtEgQ4uFjLK2Cr6qLF8,2022-07-26T22:00:00.000Z
manual,manual,,,1658858400000,19.8,caV94IxYIflnlHyoPBlQn9L5dNDRo4$0$manual$manual$0,vh19zTI83wrvoh8cBhtUyI4L9wnxgH,2022-07-26T18:00:00.000Z
manual,manual,,,1658844000000,19.9,caV94IxYIflnlHyoPBlQn9L5dNDRo4$0$manual$manual$0,qsmtZaewJxgcv4J7s71AujjP5ujW7D,2022-07-26T14:00:00.000Z
manual,manual,,,1658831400000,19.9,caV94IxYIflnlHyoPBlQn9L5dNDRo4$0$manual$manual$0,Gz44echKRAN3E57vgoLdRMVls7XlKc,2022-07-26T10:30:00.000Z
manual,manual,,,1658815200000,19.9,caV94IxYIflnlHyoPBlQn9L5dNDRo4$0$manual$manual$0,VJLSTUyAv5LpuEOT8xNqxytlWvnU9R,2022-07-26T06:00:00.000Z
manual,manual,,,1658800800000,19.9,caV94IxYIflnlHyoPBlQn9L5dNDRo4$0$manual$manual$0,5GkVMYrCpiwxukybhTQDW93Mnlwqw6,2022-07-26T02:00:00.000Z
manual,manual,,,1658786400000,19.7,caV94IxYIflnlHyoPBlQn9L5dNDRo4$0$manual$manual$0,ryLusRuOucYyv3WtJpXCJFJaU69zqG,2022-07-25T22:00:00.000Z
manual,manual,,,1658772000000,19.8,caV94IxYIflnlHyoPBlQn9L5dNDRo4$0$manual$manual$0,QAMWgymlhtB3MomewY9YP0qNn7BiQX,2022-07-25T18:00:00.000Z
manual,manual,,,1658757600000,19.7,caV94IxYIflnlHyoPBlQn9L5dNDRo4$0$manual$manual$0,nLWMNxHfbKFVPWbB9Wk9sfhlPrWvVs,2022-07-25T14:00:00.000Z
manual,manual,,,1658743200000,19.9,caV94IxYIflnlHyoPBlQn9L5dNDRo4$0$manual$manual$0,PENKaF5tMFpNeMY8inxsaWmjV1XNIf,2022-07-25T10:00:00.000Z
manual,manual,,,1658728800000,19.9,caV94IxYIflnlHyoPBlQn9L5dNDRo4$0$manual$manual$0,UbEYTYjld8SP5jWw8kSiohrYU3RQFx,2022-07-25T06:00:00.000Z
manual,manual,,,1658714400000,18.6,caV94IxYIflnlHyoPBlQn9L5dNDRo4$0$manual$manual$0,RzkftajkjWydE0k4C4SO4ADVJZleS4,2022-07-25T02:00:00.000Z
manual,manual,,,1658700000000,19.9,caV94IxYIflnlHyoPBlQn9L5dNDRo4$0$manual$manual$0,fNXTkloMz7w5QWrGvezYYUPPabKsjC,2022-07-24T22:00:00.000Z
manual,manual,,,1658685600000,19.9,caV94IxYIflnlHyoPBlQn9L5dNDRo4$0$manual$manual$0,kvLFQ3mNoLb9uRDluo2tYmX1TXnn6W,2022-07-24T18:00:00.000Z
manual,manual,,,1658671200000,19.9,caV94IxYIflnlHyoPBlQn9L5dNDRo4$0$manual$manual$0,viJW8LLIR1Firw6GZDmU7eR0GRC4IB,2022-07-24T14:00:00.000Z
manual,manual,,,1658656800000,19.8,caV94IxYIflnlHyoPBlQn9L5dNDRo4$0$manual$manual$0,vOuk7iRlaS2tUqdXz5CcEzPaxDkeUc,2022-07-24T10:00:00.000Z
manual,manual,,,1658642400000,19.8,caV94IxYIflnlHyoPBlQn9L5dNDRo4$0$manual$manual$0,nOuYsmvF35LsrdNGvIVaBmQmQPaICo,2022-07-24T06:00:00.000Z
manual,manual,,,1658628000000,19.8,caV94IxYIflnlHyoPBlQn9L5dNDRo4$0$manual$manual$0,SghJGg1Uske836tA7uE1Z1uAkYA8DW,2022-07-24T02:00:00.000Z
manual,manual,,,1658613600000,19.6,caV94IxYIflnlHyoPBlQn9L5dNDRo4$0$manual$manual$0,miGFgdQcdzmBf2qbBCRJ1AZaFBSNXM,2022-07-23T22:00:00.000Z
manual,manual,,,1658599200000,19.1,caV94IxYIflnlHyoPBlQn9L5dNDRo4$0$manual$manual$0,4pLndQKx66OI2ZGfEh9EfHlDLaLsKF,2022-07-23T18:00:00.000Z
manual,manual,,,1658585700000,18.6,caV94IxYIflnlHyoPBlQn9L5dNDRo4$0$manual$manual$0,aRSREfdDOqwQBRQyhwGuvJ7DdKf4XE,2022-07-23T14:15:00.000Z
manual,manual,,,1658563200000,18.9,caV94IxYIflnlHyoPBlQn9L5dNDRo4$0$manual$manual$0,UzXTswGx04sue1sIhF5aFUZVqV5FX3,2022-07-23T08:00:00.000Z
manual,manual,,,1658556000000,19,caV94IxYIflnlHyoPBlQn9L5dNDRo4$0$manual$manual$0,Ir82jqKvSMKOx5NdUCJpAjniPJKzLY,2022-07-23T06:00:00.000Z
manual,manual,,,1658541600000,19.4,caV94IxYIflnlHyoPBlQn9L5dNDRo4$0$manual$manual$0,aqzfi4THvS57I25sZraFBoYKD0YwWt,2022-07-23T02:00:00.000Z
manual,manual,,,1658527200000,19.4,caV94IxYIflnlHyoPBlQn9L5dNDRo4$0$manual$manual$0,FfHyTXu1UaH9qHRKYc5MeY9udaTZiU,2022-07-22T22:00:00.000Z
manual,manual,1.002,,1658513700000,19.2,caV94IxYIflnlHyoPBlQn9L5dNDRo4$0$manual$manual$0,qjpGM348OLsFJwLIhlvebCZJtvQF7i,2022-07-22T18:15:00.000Z,0.145038,4.28
manual,manual,,,1658498400000,19.4,caV94IxYIflnlHyoPBlQn9L5dNDRo4$0$manual$manual$0,eAphHHSPhuCjdsmiCFo4u7N67z1Fq8,2022-07-22T14:00:00.000Z,,
manual,manual,,,1658484000000,19.4,caV94IxYIflnlHyoPBlQn9L5dNDRo4$0$manual$manual$0,WaydEoM6MCgwHiSmYPBdazqgDXiHmr,2022-07-22T10:00:00.000Z,,
manual,manual,,,1658469600000,19.4,caV94IxYIflnlHyoPBlQn9L5dNDRo4$0$manual$manual$0,t43EFQGJqtaBJk3KHb387NXhpZh0qh,2022-07-22T06:00:00.000Z,,
manual,manual,,,1658455200000,19.4,caV94IxYIflnlHyoPBlQn9L5dNDRo4$0$manual$manual$0,n5OqEvBUxMGyNnZRshmW5RuRRWFtxv,2022-07-22T02:00:00.000Z,,
manual,manual,,,1658440800000,19.4,caV94IxYIflnlHyoPBlQn9L5dNDRo4$0$manual$manual$0,Bjiy7FN4HcSmJgG1rmfs3QeDzr9Ki0,2022-07-21T22:00:00.000Z,,
manual,manual,,,1658426400000,19.3,caV94IxYIflnlHyoPBlQn9L5dNDRo4$0$manual$manual$0,VRUgfWn4bsmQ65BoHgaMisUabx4vj8,2022-07-21T18:00:00.000Z,,
manual,manual,,,1658412000000,19,caV94IxYIflnlHyoPBlQn9L5dNDRo4$0$manual$manual$0,LJlTI9Swz1NX82t0dW6qTenu8uXAvR,2022-07-21T14:00:00.000Z,,
manual,manual,,,1658397600000,19.7,caV94IxYIflnlHyoPBlQn9L5dNDRo4$0$manual$manual$0,f5DPV4nL7t7bqbcSoofLXgvUzlzX5c,2022-07-21T10:00:00.000Z,,
manual,manual,,,1658383200000,19.2,caV94IxYIflnlHyoPBlQn9L5dNDRo4$0$manual$manual$0,3Y2XWEJeSYPxHM5t0d8h5cWynnqyoI,2022-07-21T06:00:00.000Z,,
manual,manual,,,1658368800000,19.8,caV94IxYIflnlHyoPBlQn9L5dNDRo4$0$manual$manual$0,mvs4RRUtNj5Ail3bfaTMJzu7793xeA,2022-07-21T02:00:00.000Z,,
manual,manual,,,1658354400000,19.1,caV94IxYIflnlHyoPBlQn9L5dNDRo4$0$manual$manual$0,elR9p5qeKr7Pe2PBpH1NvPXyhziQEb,2022-07-20T22:00:00.000Z,,
manual,manual,,,1658340000000,19.2,caV94IxYIflnlHyoPBlQn9L5dNDRo4$0$manual$manual$0,0zPYWC4iF2EbWqR1sQc53u14SFw8QF,2022-07-20T18:00:00.000Z,,
manual,manual,,,1658325600000,19.2,caV94IxYIflnlHyoPBlQn9L5dNDRo4$0$manual$manual$0,e8IzCJcJ5kCwUSQeiTPGXXHYWHYjmj,2022-07-20T14:00:00.000Z,,
manual,manual,,,1658311200000,19.2,caV94IxYIflnlHyoPBlQn9L5dNDRo4$0$manual$manual$0,xCFFW1IW5f9Lo8lS00XzGimQnWikTR,2022-07-20T10:00:00.000Z,,
manual,manual,,,1658296800000,19.5,caV94IxYIflnlHyoPBlQn9L5dNDRo4$0$manual$manual$0,H30OOEVTqD5YZCJF9rzfROZXRbWk5c,2022-07-20T06:00:00.000Z,,
manual,manual,,,1658282400000,19.6,caV94IxYIflnlHyoPBlQn9L5dNDRo4$0$manual$manual$0,8ywadxQtPIh4389U41mGN1VwWl8Bo1,2022-07-20T02:00:00.000Z,,
manual,manual,,,1658268000000,19.7,caV94IxYIflnlHyoPBlQn9L5dNDRo4$0$manual$manual$0,q71Ch8V2LIRW4QixfPgvSE1EspuWeK,2022-07-19T22:00:00.000Z,,
manual,manual,,,1658264400000,19.3,caV94IxYIflnlHyoPBlQn9L5dNDRo4$0$manual$manual$0,2xm0pjdRi6EuTvnKxKn29B0XqHOmdW,2022-07-19T21:00:00.000Z,,
manual,manual,,,1658260800000,18.9,caV94IxYIflnlHyoPBlQn9L5dNDRo4$0$manual$manual$0,THuPwIpSYIaS0HcH21jbDAGubVQaSY,2022-07-19T20:00:00.000Z,,
manual,manual,,,1658257200000,19.9,caV94IxYIflnlHyoPBlQn9L5dNDRo4$0$manual$manual$0,LFs2S7713c6q64RR7ZI9NXYWr7mDgs,2022-07-19T19:00:00.000Z,,
manual,manual,,,1658246400000,18.9,caV94IxYIflnlHyoPBlQn9L5dNDRo4$0$manual$manual$0,BfOArU05HtsW19Q5IFPQaSxLS3E0n1,2022-07-19T16:00:00.000Z,,
manual,manual,,,1658239200000,21.7,caV94IxYIflnlHyoPBlQn9L5dNDRo4$0$manual$manual$0,IFfh3ddYegJA7p0ivD6CkHhjM1vm6U,2022-07-19T14:00:00.000Z,,
manual,manual,,,1658224800000,21.9,caV94IxYIflnlHyoPBlQn9L5dNDRo4$0$manual$manual$0,zYzdozJpzocKZo4QpXE6bD6n5sx0Jn,2022-07-19T10:00:00.000Z,,
manual,manual,,,1658210400000,21.9,caV94IxYIflnlHyoPBlQn9L5dNDRo4$0$manual$manual$0,U9glR936JdrYSzTCXoc71luiTgURif,2022-07-19T06:00:00.000Z,,
manual,manual,,,1658196000000,21.7,caV94IxYIflnlHyoPBlQn9L5dNDRo4$0$manual$manual$0,TwwZ2qQwtgOKwVNGu5XgUwG6Q0ja4t,2022-07-19T02:00:00.000Z,,
manual,manual,,,1658181600000,21.3,caV94IxYIflnlHyoPBlQn9L5dNDRo4$0$manual$manual$0,g4vRLHwiyx6eejfyV3MQKfx7XbVkJp,2022-07-18T22:00:00.000Z,,
manual,manual,,,1658167200000,21.7,caV94IxYIflnlHyoPBlQn9L5dNDRo4$0$manual$manual$0,gKewmDdECfJYG5UtMlLMeYeDxlBggv,2022-07-18T18:00:00.000Z,,
manual,manual,,,1658152800000,20.9,caV94IxYIflnlHyoPBlQn9L5dNDRo4$0$manual$manual$0,LAgHI3JPc3wlmwGgueTfjpZPgULpJI,2022-07-18T14:00:00.000Z,,
manual,manual,,,1658138400000,20.9,caV94IxYIflnlHyoPBlQn9L5dNDRo4$0$manual$manual$0,EFm20omJ9kYjhvfN94Lvpps8SLqshR,2022-07-18T10:00:00.000Z,,
manual,manual,,,1658124000000,20.9,caV94IxYIflnlHyoPBlQn9L5dNDRo4$0$manual$manual$0,BvQwnCzlW0we3z1gRrTAikZEm3uvY2,2022-07-18T06:00:00.000Z,,
manual,manual,,,1658109600000,20.9,caV94IxYIflnlHyoPBlQn9L5dNDRo4$0$manual$manual$0,wFRqsdjWzfwfHycfPZNbJrGWumywMR,2022-07-18T02:00:00.000Z,,
manual,manual,,,1658095200000,20.9,caV94IxYIflnlHyoPBlQn9L5dNDRo4$0$manual$manual$0,r85OoyQXka8z253xW1RAFW41lETL6E,2022-07-17T22:00:00.000Z,,
manual,manual,,,1658080800000,20.5,caV94IxYIflnlHyoPBlQn9L5dNDRo4$0$manual$manual$0,BZHgYVSrNkoIg0xbAHm3dmR5bo5a5W,2022-07-17T18:00:00.000Z,,
manual,manual,,,1658066400000,20.3,caV94IxYIflnlHyoPBlQn9L5dNDRo4$0$manual$manual$0,yPjZdIaXJABYTqjXXGrHYHQAsuYuK9,2022-07-17T14:00:00.000Z,,
manual,manual,,,1658052000000,20.3,caV94IxYIflnlHyoPBlQn9L5dNDRo4$0$manual$manual$0,kmH21Q1UDeCqa2LcVC2GurgUfVq3zm,2022-07-17T10:00:00.000Z,,
manual,manual,,,1658037600000,20.8,caV94IxYIflnlHyoPBlQn9L5dNDRo4$0$manual$manual$0,SrtBbP7qx3ZDKcgATv6zgzotbSxjFN,2022-07-17T06:00:00.000Z,,
manual,manual,,,1658023200000,20.2,caV94IxYIflnlHyoPBlQn9L5dNDRo4$0$manual$manual$0,KHSai2roU8K0ywmFGPTLAPzJ0YbfM3,2022-07-17T02:00:00.000Z,,
manual,manual,,,1658008800000,20.3,caV94IxYIflnlHyoPBlQn9L5dNDRo4$0$manual$manual$0,XtHMcdKkmGGyDuiKWSRoKgUT1TvhR2,2022-07-16T22:00:00.000Z,,
manual,manual,,,1657994400000,20.3,caV94IxYIflnlHyoPBlQn9L5dNDRo4$0$manual$manual$0,Gr6gHs0q5rtDTVUub7h5WNnkZgC332,2022-07-16T18:00:00.000Z,,
manual,manual,,,1657980000000,20.3,caV94IxYIflnlHyoPBlQn9L5dNDRo4$0$manual$manual$0,BzIRp03hkKv7I4I10jjLZcoCejTQ29,2022-07-16T14:00:00.000Z,,
manual,manual,,,1657965600000,20.3,caV94IxYIflnlHyoPBlQn9L5dNDRo4$0$manual$manual$0,aqRMROpx45oNgNHhlMU9wbg67kiG0X,2022-07-16T10:00:00.000Z,,
manual,manual,,,1657951200000,20.5,caV94IxYIflnlHyoPBlQn9L5dNDRo4$0$manual$manual$0,Fl4SnfmV5wTCSBAm5L1ODS44n7Ojlj,2022-07-16T06:00:00.000Z,,
manual,manual,,,1657936800000,20.9,caV94IxYIflnlHyoPBlQn9L5dNDRo4$0$manual$manual$0,gaQ26VoYHWz89zc7lxhfq6X0oibkBw,2022-07-16T02:00:00.000Z,,
manual,manual,,,1657922400000,21,caV94IxYIflnlHyoPBlQn9L5dNDRo4$0$manual$manual$0,MmXcWl5JMB2BEpueNjDahkhmAYGchP,2022-07-15T22:00:00.000Z,,
manual,manual,,,1657908000000,21,caV94IxYIflnlHyoPBlQn9L5dNDRo4$0$manual$manual$0,bYnhnYtkgAYGCMj3OfhnuPT9OqV3vs,2022-07-15T18:00:00.000Z,,
manual,manual,,,1657893600000,20.4,caV94IxYIflnlHyoPBlQn9L5dNDRo4$0$manual$manual$0,PLtveo9rZ2IpPKURSWXU3Jq3YJN28E,2022-07-15T14:00:00.000Z,,
manual,manual,,,1657879200000,20.4,caV94IxYIflnlHyoPBlQn9L5dNDRo4$0$manual$manual$0,1h4fxk0RqzlUZVwMs8KmBmKaOVpiSt,2022-07-15T10:00:00.000Z,,
manual,manual,,,1657864800000,21,caV94IxYIflnlHyoPBlQn9L5dNDRo4$0$manual$manual$0,jXpx6G5L3x0kLuTRcddsVWVbo66ABY,2022-07-15T06:00:00.000Z,,
manual,manual,,,1657850400000,20.1,caV94IxYIflnlHyoPBlQn9L5dNDRo4$0$manual$manual$0,puhvWn2LGK125bHpFPsuG2bXtIhGeE,2022-07-15T02:00:00.000Z,,
manual,manual,,,1657836000000,20.1,caV94IxYIflnlHyoPBlQn9L5dNDRo4$0$manual$manual$0,rJjx8P3BaOGpbtGkamt0ScP9SWjgqM,2022-07-14T22:00:00.000Z,,
manual,manual,,,1657821600000,19.1,caV94IxYIflnlHyoPBlQn9L5dNDRo4$0$manual$manual$0,7x0WCcoVikzZwwAzRhw520j8K0SseP,2022-07-14T18:00:00.000Z,,
manual,manual,,,1657807200000,19.8,caV94IxYIflnlHyoPBlQn9L5dNDRo4$0$manual$manual$0,PuUbzhdlZ0fASXHOOx6IkyxML6iPZ1,2022-07-14T14:00:00.000Z,,
manual,manual,,,1657792800000,19.5,caV94IxYIflnlHyoPBlQn9L5dNDRo4$0$manual$manual$0,uR9hFb32KPFSbP5Hz8p8uaIZqDgwHu,2022-07-14T10:00:00.000Z,,
manual,manual,,,1657778400000,19.5,caV94IxYIflnlHyoPBlQn9L5dNDRo4$0$manual$manual$0,FJ5c6pek0VUnCpZXgQjjjfQRUueAy5,2022-07-14T06:00:00.000Z,,
manual,manual,,,1657764000000,19.4,caV94IxYIflnlHyoPBlQn9L5dNDRo4$0$manual$manual$0,1BgTVEgxJXIIBOOI7dnuRPh31I7Yw4,2022-07-14T02:00:00.000Z,,
manual,manual,,,1657749600000,19.3,caV94IxYIflnlHyoPBlQn9L5dNDRo4$0$manual$manual$0,mk1KEJR5aUw1MOjc4lfI7eX1zRxSNX,2022-07-13T22:00:00.000Z,,
manual,manual,,,1657735200000,18.2,caV94IxYIflnlHyoPBlQn9L5dNDRo4$0$manual$manual$0,FtXCz8eznDzJp3giSoJtyh80bEipv8,2022-07-13T18:00:00.000Z,,
manual,manual,,,1657720800000,18.7,caV94IxYIflnlHyoPBlQn9L5dNDRo4$0$manual$manual$0,MVQ57FgLkEb96NpXMMoHFqCWnzXBjk,2022-07-13T14:00:00.000Z,,
manual,manual,,,1657706400000,17.8,caV94IxYIflnlHyoPBlQn9L5dNDRo4$0$manual$manual$0,DOGyqoWnOL82YRhGpPbeDI2mnY16oN,2022-07-13T10:00:00.000Z,,
manual,manual,,,1657692000000,18.4,caV94IxYIflnlHyoPBlQn9L5dNDRo4$0$manual$manual$0,EuCFlKmPYpFaE2VYRPuzfd43T9j7h7,2022-07-13T06:00:00.000Z,,
manual,manual,,,1657677600000,17.9,caV94IxYIflnlHyoPBlQn9L5dNDRo4$0$manual$manual$0,TCM6a7gb0Oz5iQojo49XQeprSuVPRk,2022-07-13T02:00:00.000Z,,
manual,manual,,,1657663200000,18.5,caV94IxYIflnlHyoPBlQn9L5dNDRo4$0$manual$manual$0,FwLpX9efwxyXpDDMPvTb7ENFxe4gG0,2022-07-12T22:00:00.000Z,,
manual,manual,,,1657648800000,18.7,caV94IxYIflnlHyoPBlQn9L5dNDRo4$0$manual$manual$0,lSCclS3dWCPrT1nyF7YIlYBgLkEPAI,2022-07-12T18:00:00.000Z,,
manual,manual,,,1657634400000,17.9,caV94IxYIflnlHyoPBlQn9L5dNDRo4$0$manual$manual$0,qZVKgzCsCetdEwofLjwc9w8qwB7S71,2022-07-12T14:00:00.000Z,,
manual,manual,,,1657620000000,18.6,caV94IxYIflnlHyoPBlQn9L5dNDRo4$0$manual$manual$0,C3FlKyMcdOtxPleONh65vHiHa6nzfu,2022-07-12T10:00:00.000Z,,
manual,manual,,,1657605600000,18.4,caV94IxYIflnlHyoPBlQn9L5dNDRo4$0$manual$manual$0,0ZmjwXiyz9T98cet9YyqFpuW9vXMLE,2022-07-12T06:00:00.000Z,,
manual,manual,,,1657591200000,18.4,caV94IxYIflnlHyoPBlQn9L5dNDRo4$0$manual$manual$0,iJwJxqOs1xuLjvL0RT0oFCSiOv25ka,2022-07-12T02:00:00.000Z,,
manual,manual,,,1657576800000,18,caV94IxYIflnlHyoPBlQn9L5dNDRo4$0$manual$manual$0,G35tyGyF1xi7GB445V6B0NzlVKOWRD,2022-07-11T22:00:00.000Z,,
manual,manual,,,1657562400000,18.1,caV94IxYIflnlHyoPBlQn9L5dNDRo4$0$manual$manual$0,WZM5KP9taHVwXU78i6kdmjhGQCr7ZJ,2022-07-11T18:00:00.000Z,,
manual,manual,,,1657548000000,18.5,caV94IxYIflnlHyoPBlQn9L5dNDRo4$0$manual$manual$0,G6EI2qRc9pYDwdMzelQs14FzG0XsYq,2022-07-11T14:00:00.000Z,,
manual,manual,,,1657533600000,18.1,caV94IxYIflnlHyoPBlQn9L5dNDRo4$0$manual$manual$0,qumTLLbODtz7iuV8vxbYBNWNKznAOr,2022-07-11T10:00:00.000Z,,
manual,manual,,,1657519200000,18,caV94IxYIflnlHyoPBlQn9L5dNDRo4$0$manual$manual$0,t4pSyz74sssXdn7LSylFWVXMPEDECf,2022-07-11T06:00:00.000Z,,
manual,manual,,,1657504800000,17.8,caV94IxYIflnlHyoPBlQn9L5dNDRo4$0$manual$manual$0,Z1iEb1kOs6ynvsRKUpOeVA7twaNuz5,2022-07-11T02:00:00.000Z,,
manual,manual,,,1657490400000,17.8,caV94IxYIflnlHyoPBlQn9L5dNDRo4$0$manual$manual$0,7prcPygzzWPVriGAXbhrf0bTGWRUuH,2022-07-10T22:00:00.000Z,,
manual,manual,,,1657476000000,18.6,caV94IxYIflnlHyoPBlQn9L5dNDRo4$0$manual$manual$0,aQ32nScKuvsDO08WgQPMeRUjZ216c9,2022-07-10T18:00:00.000Z,,
manual,manual,,,1657461600000,18.1,caV94IxYIflnlHyoPBlQn9L5dNDRo4$0$manual$manual$0,oawEO173WCvOkqzwuIKcGaT046Bqzw,2022-07-10T14:00:00.000Z,,
manual,manual,,,1657447200000,17.9,caV94IxYIflnlHyoPBlQn9L5dNDRo4$0$manual$manual$0,02zDEzKhtv8XOT6Ra4l6pIH4P3wpVq,2022-07-10T10:00:00.000Z,,
manual,manual,,,1657432800000,17.9,caV94IxYIflnlHyoPBlQn9L5dNDRo4$0$manual$manual$0,OlPKwVkmlWSMA0IXgKrNYjAGEnUE4A,2022-07-10T06:00:00.000Z,,
manual,manual,,,1657418400000,17.9,caV94IxYIflnlHyoPBlQn9L5dNDRo4$0$manual$manual$0,wLpRBbWb6LHd46r722IJPMbmWmNp34,2022-07-10T02:00:00.000Z,,
manual,manual,,,1657404000000,17.8,caV94IxYIflnlHyoPBlQn9L5dNDRo4$0$manual$manual$0,ywWGRxGBSAU7XGvHvbvyYLpOJYDmUU,2022-07-09T22:00:00.000Z,,
manual,manual,,,1657389600000,17.8,caV94IxYIflnlHyoPBlQn9L5dNDRo4$0$manual$manual$0,bx08LVuDnAOcirM721x7GBXDi3cT3r,2022-07-09T18:00:00.000Z,,
manual,manual,,,1657375200000,18.7,caV94IxYIflnlHyoPBlQn9L5dNDRo4$0$manual$manual$0,V4LEsiqnA4wPOkIEPnn4e0nsqgCcpS,2022-07-09T14:00:00.000Z,,
manual,manual,,,1657360800000,18.2,caV94IxYIflnlHyoPBlQn9L5dNDRo4$0$manual$manual$0,Ssoq5boBTUh0oQqwiTYMuzGB11TAbb,2022-07-09T10:00:00.000Z,,
manual,manual,,,1657346400000,18,caV94IxYIflnlHyoPBlQn9L5dNDRo4$0$manual$manual$0,EDYsvR16bWH6zjrzmlxIuBZEin16WU,2022-07-09T06:00:00.000Z,,
manual,manual,,,1657332000000,18,caV94IxYIflnlHyoPBlQn9L5dNDRo4$0$manual$manual$0,7eQ33K0y01AwmG1zlUdwbRqTQTaIS0,2022-07-09T02:00:00.000Z,,
manual,manual,,,1657317600000,17.8,caV94IxYIflnlHyoPBlQn9L5dNDRo4$0$manual$manual$0,eHrVMaDGS5bM7DKQMLUo28bfB5nRep,2022-07-08T22:00:00.000Z,,
manual,manual,,,1657303200000,18.8,caV94IxYIflnlHyoPBlQn9L5dNDRo4$0$manual$manual$0,NZJA7d23OCqyVaw9dARBiuITCVx6h5,2022-07-08T18:00:00.000Z,,
manual,manual,,,1657288800000,18.3,caV94IxYIflnlHyoPBlQn9L5dNDRo4$0$manual$manual$0,KMQsTfSyZt7YYOHtbYmTvq8nDjV4BB,2022-07-08T14:00:00.000Z,,
manual,manual,,,1657274400000,18.3,caV94IxYIflnlHyoPBlQn9L5dNDRo4$0$manual$manual$0,qJF4Px4JoyQfgaRXefDMRQULD6RGI8,2022-07-08T10:00:00.000Z,,
manual,manual,,,1657260000000,18.5,caV94IxYIflnlHyoPBlQn9L5dNDRo4$0$manual$manual$0,G9pS2ogpVwXXKHWxuWUCFvm263G5tI,2022-07-08T06:00:00.000Z,,
manual,manual,,,1657245600000,18.9,caV94IxYIflnlHyoPBlQn9L5dNDRo4$0$manual$manual$0,mOYomCzpHe7vyc0iO66yLK4EmTfnAy,2022-07-08T02:00:00.000Z,,
manual,manual,,,1657231200000,18.9,caV94IxYIflnlHyoPBlQn9L5dNDRo4$0$manual$manual$0,2cJbqotiANpzLNfwbV8LOgKzbQAqpm,2022-07-07T22:00:00.000Z,,
manual,manual,,,1657216800000,18.9,caV94IxYIflnlHyoPBlQn9L5dNDRo4$0$manual$manual$0,Si4uLIbPNvObkhkgCsvGGSlpqlyGfD,2022-07-07T18:00:00.000Z,,
manual,manual,,,1657202400000,18.9,caV94IxYIflnlHyoPBlQn9L5dNDRo4$0$manual$manual$0,yafcwLgfaPKMA39TzZc1whe8SHltJN,2022-07-07T14:00:00.000Z,,
manual,manual,,,1657188000000,18.8,caV94IxYIflnlHyoPBlQn9L5dNDRo4$0$manual$manual$0,8lcxbwOBSVg9cUScUWtc6DccHOw639,2022-07-07T10:00:00.000Z,,
manual,manual,,,1657173600000,18.8,caV94IxYIflnlHyoPBlQn9L5dNDRo4$0$manual$manual$0,zOS5V2Cd6Mp2jccfAsJ1nozRzNNQ36,2022-07-07T06:00:00.000Z,,
manual,manual,,,1657159200000,18.6,caV94IxYIflnlHyoPBlQn9L5dNDRo4$0$manual$manual$0,fFuaLcT74l9FRWYYY64c9GV1BvBMLU,2022-07-07T02:00:00.000Z,,
manual,manual,,,1657144800000,18.2,caV94IxYIflnlHyoPBlQn9L5dNDRo4$0$manual$manual$0,bKwz7TySz3M1jCLtR5hsq2apUc3zZP,2022-07-06T22:00:00.000Z,,
manual,manual,,,1657130400000,17.8,caV94IxYIflnlHyoPBlQn9L5dNDRo4$0$manual$manual$0,oM9GkBmRTJmFlRyF6m9qJDoRPA2uS9,2022-07-06T18:00:00.000Z,,
manual,manual,,,1657116000000,18.4,caV94IxYIflnlHyoPBlQn9L5dNDRo4$0$manual$manual$0,aPdrK3xT5aNrqHs0m5naafjIsawHC4,2022-07-06T14:00:00.000Z,,
manual,manual,,,1657101600000,18.8,caV94IxYIflnlHyoPBlQn9L5dNDRo4$0$manual$manual$0,nNUye6RM2SWgkZY3YdWFWZHEaKovBa,2022-07-06T10:00:00.000Z,,
manual,manual,,,1657087200000,17.9,caV94IxYIflnlHyoPBlQn9L5dNDRo4$0$manual$manual$0,Lav1FAgaiiTHMfdB7GS7RVfh9cr8wo,2022-07-06T06:00:00.000Z,,
manual,manual,,,1657072800000,18.7,caV94IxYIflnlHyoPBlQn9L5dNDRo4$0$manual$manual$0,yVqJq35sqeN3QfQD4Tvoau27iZDdGY,2022-07-06T02:00:00.000Z,,
manual,manual,,,1657058400000,17.9,caV94IxYIflnlHyoPBlQn9L5dNDRo4$0$manual$manual$0,mYzQav1vyG8v1tKkuCmS6JusyN0E0x,2022-07-05T22:00:00.000Z,,
manual,manual,,,1657044000000,17.9,caV94IxYIflnlHyoPBlQn9L5dNDRo4$0$manual$manual$0,PRhFLLqsL7i0iaVhjM6VW68m4ou6mj,2022-07-05T18:00:00.000Z,,
manual,manual,,,1657029600000,17.9,caV94IxYIflnlHyoPBlQn9L5dNDRo4$0$manual$manual$0,BOHOXlYvPar8tqigOLg98kLoBxJZxs,2022-07-05T14:00:00.000Z,,
manual,manual,,,1657015200000,17.9,caV94IxYIflnlHyoPBlQn9L5dNDRo4$0$manual$manual$0,qeLaxuP3O8aPmm3Nn6lXwGKYkoabsI,2022-07-05T10:00:00.000Z,,
manual,manual,,,1657000800000,18.4,caV94IxYIflnlHyoPBlQn9L5dNDRo4$0$manual$manual$0,phUx7xLtc2lURa2NK1AtbyA0xoFDWF,2022-07-05T06:00:00.000Z,,
manual,manual,,,1656986400000,17.8,caV94IxYIflnlHyoPBlQn9L5dNDRo4$0$manual$manual$0,FyTicv1RfQPQnx9P2sJkuTRiaHC1rT,2022-07-05T02:00:00.000Z,,
manual,manual,,,1656972000000,18.5,caV94IxYIflnlHyoPBlQn9L5dNDRo4$0$manual$manual$0,wr2bjgEfpA2xcR8hNVXHO68aN6Pv6n,2022-07-04T22:00:00.000Z,,
manual,manual,,,1656957600000,17.8,caV94IxYIflnlHyoPBlQn9L5dNDRo4$0$manual$manual$0,bPpBqS8Q1esmE1yyZR2b3bokiom4DI,2022-07-04T18:00:00.000Z,,
manual,manual,,,1656943200000,18.6,caV94IxYIflnlHyoPBlQn9L5dNDRo4$0$manual$manual$0,kY9cTthQ7vb1gXvYXwVc545yA1oQIu,2022-07-04T14:00:00.000Z,,
manual,manual,,,1656928800000,18,caV94IxYIflnlHyoPBlQn9L5dNDRo4$0$manual$manual$0,7ZpcoKbPopkpKWAZLl2QXaKGlc1uUz,2022-07-04T10:00:00.000Z,,
manual,manual,,,1656914400000,17.8,caV94IxYIflnlHyoPBlQn9L5dNDRo4$0$manual$manual$0,EGwIasAg3JNdqxo8z1UkRpHo1ccEKw,2022-07-04T06:00:00.000Z,,
manual,manual,,,1656900000000,17.8,caV94IxYIflnlHyoPBlQn9L5dNDRo4$0$manual$manual$0,sXc5QJy6QmmzXGkxXRLdmLKwtQl8OT,2022-07-04T02:00:00.000Z,,
manual,manual,,,1656885600000,18,caV94IxYIflnlHyoPBlQn9L5dNDRo4$0$manual$manual$0,bBNKo5qVMiQtZnFMwHm3yBd8Udfgtb,2022-07-03T22:00:00.000Z,,
manual,manual,,,1656878400000,18.6,caV94IxYIflnlHyoPBlQn9L5dNDRo4$0$manual$manual$0,biedrX5F4UBif92KPzxZhZGovko96L,2022-07-03T20:00:00.000Z,,
manual,manual,1.06,,1656876600000,20.4,caV94IxYIflnlHyoPBlQn9L5dNDRo4$0$manual$manual$0,ULs64Wq2cUJ4exoX4AVA7M8N9PW42p,2022-07-03T19:30:00.000Z,,