comment,time,id,sg,temp,type,__acc_reading_doc_id,__acc_reading_data_id,timepoint,pressure,ph
,1680458400000,manual,,18,manual,AywEwAYs1G5ga77Jq4lyX2MWmHeNaU$0$manual$manual$0,n0NRDE97rHzIZZkb5ESzPOuOpbogua,2023-04-02T18:00:00.000Z
,1680444000000,manual,,18.4,manual,AywEwAYs1G5ga77Jq4lyX2MWmHeNaU$0$manual$manual$0,SEPxb7MNOg8fB9WX9OcwGcQlOsZjdI,2023-04-02T14:00:00.000Z
,1680429600000,manual,,17.8,manual,AywEwAYs1G5ga77Jq4lyX2MWmHeNaU$0$manual$manual$0,226vDfw2y5QJbtPnsMxSLjWVwDeD9w,2023-04-02T10:00:00.000Z
,1680415200000,manual,,17.7,manual,AywEwAYs1G5ga77Jq4lyX2MWmHeNaU$0$manual$manual$0,AtEwArHzjFyzy6Qt2ufDwvYiCm3tAW,2023-04-02T06:00:00.000Z
,1680400800000,manual,,18.5,manual,AywEwAYs1G5ga77Jq4lyX2MWmHeNaU$0$manual$manual$0,NvKBmrpGMDDU7kWlwZToyHiGpPM3pq,2023-04-02T02:00:00.000Z
,1680386400000,manual,,17.8,manual,AywEwAYs1G5ga77Jq4lyX2MWmHeNaU$0$manual$manual$0,wPALQo4TUN5iAhjpCYn1OWEhgAYo0O,2023-04-01T22:00:00.000Z
,1680372000000,manual,,17.7,manual,AywEwAYs1G5ga77Jq4lyX2MWmHeNaU$0$manual$manual$0,qfGspXUyRR58lKU871JZ8xge7lFIlz,2023-04-01T18:00:00.000Z
,1680357600000,manual,,18.1,manual,AywEwAYs1G5ga77Jq4lyX2MWmHeNaU$0$manual$manual$0,IcIzXXPBWVGLJXkLgjTNqQTiDdNwpB,2023-04-01T14:00:00.000Z
,1680343200000,manual,,18.5,manual,AywEwAYs1G5ga77Jq4lyX2MWmHeNaU$0$manual$manual$0,qy5138rBmzkaavM6a0Lo8X98FRyVQt,2023-04-01T10:00:00.000Z
,1680328800000,manual,,17.5,manual,AywEwAYs1G5ga77Jq4lyX2MWmHeNaU$0$manual$manual$0,dWlX7UUSoYmBYzUyhj4aATIyN2YXIQ,2023-04-01T06:00:00.000Z
,1680314400000,manual,,18.1,manual,AywEwAYs1G5ga77Jq4lyX2MWmHeNaU$0$manual$manual$0,blOeArWaIBNPZCzcD6qEIKP0zMtUbT,2023-04-01T02:00:00.000Z
,1680300000000,manual,,18.5,manual,AywEwAYs1G5ga77Jq4lyX2MWmHeNaU$0$manual$manual$0,zxtOLbkll7jwZeeoGQwH0yzhRxja8S,2023-03-31T22:00:00.000Z
,1680285600000,manual,,18.2,manual,AywEwAYs1G5ga77Jq4lyX2MWmHeNaU$0$manual$manual$0,ykI9EqPmbF2iI4AYc8394OIeYm3X5r,2023-03-31T18:00:00.000Z
,1680271200000,manual,,17.5,manual,AywEwAYs1G5ga77Jq4lyX2MWmHeNaU$0$manual$manual$0,IbzDI4ADxJdNt6l24jOxayufDie0Az,2023-03-31T14:00:00.000Z
,1680256800000,manual,,17.9,manual,AywEwAYs1G5ga77Jq4lyX2MWmHeNaU$0$manual$manual$0,qvvUdEESPzgGnJEYm55QP1Ftko9sjr,2023-03-31T10:00:00.000Z
,1680242400000,manual,,18.4,manual,AywEwAYs1G5ga77Jq4lyX2MWmHeNaU$0$manual$manual$0,mvkwRlxFAiH6hQ6BAS8FMHDdDYw8nj,2023-03-31T06:00:00.000Z
,1680228000000,manual,,18.3,manual,AywEwAYs1G5ga77Jq4lyX2MWmHeNaU$0$manual$manual$0,vHoYnljGwqrk9J98dhaS6K1A5yu6xs,2023-03-31T02:00:00.000Z
,1680213600000,manual,,17.6,manual,AywEwAYs1G5ga77Jq4lyX2MWmHeNaU$0$manual$manual$0,f8h1u1GMTXAZErYxClv2SPTdU88w2d,2023-03-30T22:00:00.000Z
,1680199200000,manual,,17.7,manual,AywEwAYs1G5ga77Jq4lyX2MWmHeNaU$0$manual$manual$0,6zUO9fp7AVtIMrCdpnZPx9nP1EZRZI,2023-03-30T18:00:00.000Z
,1680184800000,manual,,17.6,manual,AywEwAYs1G5ga77Jq4lyX2MWmHeNaU$0$manual$manual$0,qi9XQb18L0PkEEOJC85QhIN4vnKDDc,2023-03-30T14:00:00.000Z
,1680170400000,manual,,17.8,manual,AywEwAYs1G5ga77Jq4lyX2MWmHeNaU$0$manual$manual$0,0UMGrNy1YTUENpnc6c1gNDB0CRGqRH,2023-03-30T10:00:00.000Z
,1680156000000,manual,,18.5,manual,AywEwAYs1G5ga77Jq4lyX2MWmHeNaU$0$manual$manual$0,afEbiYHhtoqyiSp5CqkUABqqJ2as1O,2023-03-30T06:00:00.000Z
,1680138000000,manual,,17.6,manual,AywEwAYs1G5ga77Jq4lyX2MWmHeNaU$0$manual$manual$0,DtSJAvqrri4zKMdJfasRgnJomT53Rd,2023-03-30T01:00:00.000Z
,1680127200000,manual,,17.6,manual,AywEwAYs1G5ga77Jq4lyX2MWmHeNaU$0$manual$manual$0,Zo97cStAEmzGIUIVDZkd22kIaPbBTA,2023-03-29T22:00:00.000Z
,1680112800000,manual,,18.1,manual,AywEwAYs1G5ga77Jq4lyX2MWmHeNaU$0$manual$manual$0,N92XS61F6gIGbTnMZSH8Vvrxi2e09a,2023-03-29T18:00:00.000Z
,1680098400000,manual,,18.5,manual,AywEwAYs1G5ga77Jq4lyX2MWmHeNaU$0$manual$manual$0,DSBKRfH85fqYU6S1tSWhWO3XhGfPRp,2023-03-29T14:00:00.000Z
,1680084000000,manual,,17.9,manual,AywEwAYs1G5ga77Jq4lyX2MWmHeNaU$0$manual$manual$0,Yt69epQnZQgEmJEkRMidGPC7QR145Z,2023-03-29T10:00:00.000Z
,1680069600000,manual,,17.5,manual,AywEwAYs1G5ga77Jq4lyX2MWmHeNaU$0$manual$manual$0,1I854C1CkZZN5xvZknDJSlIV1NZToW,2023-03-29T06:00:00.000Z
,1680055200000,manual,,18.1,manual,AywEwAYs1G5ga77Jq4lyX2MWmHeNaU$0$manual$manual$0,ObaaIKelirmTgmbbHUZ8ZdfZzJwKAh,2023-03-29T02:00:00.000Z
,1680040800000,manual,,18.4,manual,AywEwAYs1G5ga77Jq4lyX2MWmHeNaU$0$manual$manual$0,rtGB6qun5VqHI7pyhMOE9YsG4GweD9,2023-03-28T22:00:00.000Z
,1680026400000,manual,,17.8,manual,AywEwAYs1G5ga77Jq4lyX2MWmHeNaU$0$manual$manual$0,aU6E0BvHcvhIBSi7QCWC7C8QDUwMG2,2023-03-28T18:00:00.000Z
,1680012000000,manual,,17.5,manual,AywEwAYs1G5ga77Jq4lyX2MWmHeNaU$0$manual$manual$0,9A28rM5lYLHOgXFX8mI6aWSJK8I4ju,2023-03-28T14:00:00.000Z
,1679997600000,manual,,18.2,manual,AywEwAYs1G5ga77Jq4lyX2MWmHeNaU$0$manual$manual$0,wjRSzfUFyc78FsfFYliMwlaBPDWUdk,2023-03-28T10:00:00.000Z
,1679983200000,manual,,18.5,manual,AywEwAYs1G5ga77Jq4lyX2MWmHeNaU$0$manual$manual$0,W2aEg6SI7erXQVWrKjT0vGCSz9QiKX,2023-03-28T06:00:00.000Z
,1679969700000,manual,,18.5,manual,AywEwAYs1G5ga77Jq4lyX2MWmHeNaU$0$manual$manual$0,O73Qh56igKPZG8hq4Pgyxe4l4LiwhJ,2023-03-28T02:15:00.000Z
,1679954400000,manual,,18.2,manual,AywEwAYs1G5ga77Jq4lyX2MWmHeNaU$0$manual$manual$0,rzHGJInLS8lhqpJbphkgNBmihLIIjo,2023-03-27T22:00:00.000Z
,1679940000000,manual,,17.7,manual,AywEwAYs1G5ga77Jq4lyX2MWmHeNaU$0$manual$manual$0,i07sYMR6JzHRp1RloFnEavYD24bd03,2023-03-27T18:00:00.000Z
,1679925600000,manual,,18,manual,AywEwAYs1G5ga77Jq4lyX2MWmHeNaU$0$manual$manual$0,tGWxy0ZrIrCxC3jNCSAPk3NIQcmPis,2023-03-27T14:00:00.000Z
,1679911200000,manual,,18.4,manual,AywEwAYs1G5ga77Jq4lyX2MWmHeNaU$0$manual$manual$0,4zJxMDvo3smuWjmBHfHP6jlG1hxuNO,2023-03-27T10:00:00.000Z
,1679896800000,manual,,18,manual,AywEwAYs1G5ga77Jq4lyX2MWmHeNaU$0$manual$manual$0,LLYQOudE4blCe25GNcTFc2byvf0gFn,2023-03-27T06:00:00.000Z
,1679882400000,manual,,17.7,manual,AywEwAYs1G5ga77Jq4lyX2MWmHeNaU$0$manual$manual$0,zC1CsRSICUqqgK5zD1GIzgbSI2XPc4,2023-03-27T02:00:00.000Z
,1679868000000,manual,,17.8,manual,AywEwAYs1G5ga77Jq4lyX2MWmHeNaU$0$manual$manual$0,Gir8bvD8HsSfRnhsYSib54ksXMVsxr,2023-03-26T22:00:00.000Z
,1679853600000,manual,,18.5,manual,AywEwAYs1G5ga77Jq4lyX2MWmHeNaU$0$manual$manual$0,rFrEaMaUNkVZlpyuCYYGbBjXchZ7mw,2023-03-26T18:00:00.000Z
,1679839200000,manual,,17.9,manual,AywEwAYs1G5ga77Jq4lyX2MWmHeNaU$0$manual$manual$0,gjXv1oJdadRok0mlutaCzFrZ6VokJE,2023-03-26T14:00:00.000Z
,1679824800000,manual,,17.6,manual,AywEwAYs1G5ga77Jq4lyX2MWmHeNaU$0$manual$manual$0,dX2NYPpqCuLH2rs6ztxnK3vVTwBZVP,2023-03-26T10:00:00.000Z
,1679810400000,manual,,18.5,manual,AywEwAYs1G5ga77Jq4lyX2MWmHeNaU$0$manual$manual$0,W702i4GraA9G9JscYsIDnGwN7uqDjJ,2023-03-26T06:00:00.000Z
,1679796000000,manual,,18,manual,AywEwAYs1G5ga77Jq4lyX2MWmHeNaU$0$manual$manual$0,fRyTWlIvnAlZHMpUmv2j1Z7Foj7dJb,2023-03-26T02:00:00.000Z
,1679785200000,manual,,17.8,manual,AywEwAYs1G5ga77Jq4lyX2MWmHeNaU$0$manual$manual$0,8ObwaTyISt8dNOmosLYoiUj6t1HTzQ,2023-03-25T23:00:00.000Z
,1679770800000,manual,,17.7,manual,AywEwAYs1G5ga77Jq4lyX2MWmHeNaU$0$manual$manual$0,qZvtj32gYO8JgvCBW002xY5NCwBbAL,2023-03-25T19:00:00.000Z
,1679756400000,manual,,18.3,manual,AywEwAYs1G5ga77Jq4lyX2MWmHeNaU$0$manual$manual$0,Gt0Fncye5BKlX227bqiKFOBnDP3fYk,2023-03-25T15:00:00.000Z
,1679742000000,manual,,18.4,manual,AywEwAYs1G5ga77Jq4lyX2MWmHeNaU$0$manual$manual$0,th2k66Hlnoxa8XFCcTfbo3OVLbCCub,2023-03-25T11:00:00.000Z
,1679727600000,manual,,17.8,manual,AywEwAYs1G5ga77Jq4lyX2MWmHeNaU$0$manual$manual$0,e7zRZF27yHITrTEAS6jxtpI5yct8HO,2023-03-25T07:00:00.000Z
,1679713200000,manual,,18.2,manual,AywEwAYs1G5ga77Jq4lyX2MWmHeNaU$0$manual$manual$0,8YmC7tmuEMGwvjs7UW5cAOg3vYQHze,2023-03-25T03:00:00.000Z
,1679698800000,manual,,18.4,manual,AywEwAYs1G5ga77Jq4lyX2MWmHeNaU$0$manual$manual$0,kedWUO0ZwB9JIaw2GibmWosgibab8O,2023-03-24T23:00:00.000Z
,1679684400000,manual,,17.8,manual,AywEwAYs1G5ga77Jq4lyX2MWmHeNaU$0$manual$manual$0,ZMMXFf8voQUp6UbzNYZbAVRrhsayTT,2023-03-24T19:00:00.000Z
,1679670000000,manual,,17.5,manual,AywEwAYs1G5ga77Jq4lyX2MWmHeNaU$0$manual$manual$0,h5fAET5huTcEuOp8CgYNK0kiLWbujh,2023-03-24T15:00:00.000Z
,1679655600000,manual,,17.7,manual,AywEwAYs1G5ga77Jq4lyX2MWmHeNaU$0$manual$manual$0,nY0uY1UFu3XzPqbnGzwK7o0E7fiMVI,2023-03-24T11:00:00.000Z
,1679641200000,manual,,18.6,manual,AywEwAYs1G5ga77Jq4lyX2MWmHeNaU$0$manual$manual$0,reXLjeFtSusaKkqYFpx6umWP00NcCX,2023-03-24T07:00:00.000Z
,1679626800000,manual,,18.1,manual,AywEwAYs1G5ga77Jq4lyX2MWmHeNaU$0$manual$manual$0,hAjEwWY9GYbh0RV0IiatPIrs7NmFcw,2023-03-24T03:00:00.000Z
,1679612400000,manual,,17.5,manual,AywEwAYs1G5ga77Jq4lyX2MWmHeNaU$0$manual$manual$0,lvFCFnqVVCqAQo5FEppur2SjYOxkYe,2023-03-23T23:00:00.000Z
,1679598000000,manual,,17.9,manual,AywEwAYs1G5ga77Jq4lyX2MWmHeNaU$0$manual$manual$0,cp70Q0vp14OMFaP407B8PjVMVMMPXj,2023-03-23T19:00:00.000Z
,1679583600000,manual,,18,manual,AywEwAYs1G5ga77Jq4lyX2MWmHeNaU$0$manual$manual$0,rrdbafA1t5NKkVhak6QzKxR3AITIQZ,2023-03-23T15:00:00.000Z
,1679569200000,manual,,18.4,manual,AywEwAYs1G5ga77Jq4lyX2MWmHeNaU$0$manual$manual$0,zWBIVaKWrWetz4GypDct5TS9gH05qr,2023-03-23T11:00:00.000Z
,1679554800000,manual,,18.1,manual,AywEwAYs1G5ga77Jq4lyX2MWmHeNaU$0$manual$manual$0,cQtBENA0fal0HUPpukvY5SusP0ybXP,2023-03-23T07:00:00.000Z
,1679540400000,manual,,17.6,manual,AywEwAYs1G5ga77Jq4lyX2MWmHeNaU$0$manual$manual$0,kjLpVKLNzGaUgMKHYYkn9u4qNyrF5q,2023-03-23T03:00:00.000Z
,1679526000000,manual,,18.3,manual,AywEwAYs1G5ga77Jq4lyX2MWmHeNaU$0$manual$manual$0,qlXgZKLTcY4mRi9XrKc9Y9uL2BARDp,2023-03-22T23:00:00.000Z
,1679511600000,manual,,18.3,manual,AywEwAYs1G5ga77Jq4lyX2MWmHeNaU$0$manual$manual$0,iMuW2pkJdq4yaQeQnT2J0iYHpSj3oT,2023-03-22T19:00:00.000Z
,1679497200000,manual,,17.5,manual,AywEwAYs1G5ga77Jq4lyX2MWmHeNaU$0$manual$manual$0,N7WQEpbrmqdGRtJJn2whWQeJ9VEA6Y,2023-03-22T15:00:00.000Z
,1679482800000,manual,,18.1,manual,AywEwAYs1G5ga77Jq4lyX2MWmHeNaU$0$manual$manual$0,doa493GHpyltqBSTEOGNfjoZubM8V3,2023-03-22T11:00:00.000Z
,1679468400000,manual,,18.4,manual,AywEwAYs1G5ga77Jq4lyX2MWmHeNaU$0$manual$manual$0,y3kgP8OfH5kyGLPvoUb6ZS4L5aA8Li,2023-03-22T07:00:00.000Z
,1679454000000,manual,,17.7,manual,AywEwAYs1G5ga77Jq4lyX2MWmHeNaU$0$manual$manual$0,MRgDviVW4VbvWOcmS4eoEY0COMm7Qq,2023-03-22T03:00:00.000Z
,1679439600000,manual,,18,manual,AywEwAYs1G5ga77Jq4lyX2MWmHeNaU$0$manual$manual$0,FXR7urPmOZcNWPUiHEVP24hJWgeree,2023-03-21T23:00:00.000Z
,1679425200000,manual,,18.5,manual,AywEwAYs1G5ga77Jq4lyX2MWmHeNaU$0$manual$manual$0,WVxNALvtfuHPJ2jGdbTGoot1W4bnXS,2023-03-21T19:00:00.000Z
,1679410800000,manual,,17.8,manual,AywEwAYs1G5ga77Jq4lyX2MWmHeNaU$0$manual$manual$0,0NZt8YZkGGGVQ5tbM2J4Cg7VNGvSuZ,2023-03-21T15:00:00.000Z
,1679396400000,manual,,17.9,manual,AywEwAYs1G5ga77Jq4lyX2MWmHeNaU$0$manual$manual$0,qt2k2icOM8tCMQL1kh1YRC8e3sauDf,2023-03-21T11:00:00.000Z
,1679382000000,manual,,18.4,manual,AywEwAYs1G5ga77Jq4lyX2MWmHeNaU$0$manual$manual$0,wt7iimkra51b2sNNxvMyhG3m4Jwr7z,2023-03-21T07:00:00.000Z
,1679367600000,manual,,17.5,manual,AywEwAYs1G5ga77Jq4lyX2MWmHeNaU$0$manual$manual$0,v8GbVVx1qvvqUmcwaYkzgiLVo83zoc,2023-03-21T03:00:00.000Z
,1679353200000,manual,,18.1,manual,AywEwAYs1G5ga77Jq4lyX2MWmHeNaU$0$manual$manual$0,bGtrlDVM8blv87PkdpKbkXNzoLS0IO,2023-03-20T23:00:00.000Z
,1679338800000,manual,,18.3,manual,AywEwAYs1G5ga77Jq4lyX2MWmHeNaU$0$manual$manual$0,RUZG7Y449ldYUijpGhdrmTBZirDDjq,2023-03-20T19:00:00.000Z
,1679324400000,manual,,17.7,manual,AywEwAYs1G5ga77Jq4lyX2MWmHeNaU$0$manual$manual$0,cprtAzXGeCAyOlu3a6lyQSwEhNrE7Z,2023-03-20T15:00:00.000Z
,1679310000000,manual,,17.8,manual,AywEwAYs1G5ga77Jq4lyX2MWmHeNaU$0$manual$manual$0,HVR4xxdxGhciWV9fJz2hjtB2MH3Xlb,2023-03-20T11:00:00.000Z
,1679295600000,manual,,18.2,manual,AywEwAYs1G5ga77Jq4lyX2MWmHeNaU$0$manual$manual$0,oNU4d4VJ9ldo4PRY805HTX0drVIOqP,2023-03-20T07:00:00.000Z
,1679281200000,manual,,17.5,manual,AywEwAYs1G5ga77Jq4lyX2MWmHeNaU$0$manual$manual$0,4FQfjK7IoU6DDaKzHbrGApzSWCLY28,2023-03-20T03:00:00.000Z
,1679266800000,manual,,18.3,manual,AywEwAYs1G5ga77Jq4lyX2MWmHeNaU$0$manual$manual$0,kri4vDjMZGr2WdLsABOV276BjCAazB,2023-03-19T23:00:00.000Z
,1679252400000,manual,,18,manual,AywEwAYs1G5ga77Jq4lyX2MWmHeNaU$0$manual$manual$0,I8cwr2aXy5DWwCpZMoKxcFYDSZSWEP,2023-03-19T19:00:00.000Z
,1679238000000,manual,,17.5,manual,AywEwAYs1G5ga77Jq4lyX2MWmHeNaU$0$manual$manual$0,JIqHKvkjBWDYBV8yTRkEIhoskXMbka,2023-03-19T15:00:00.000Z
,1679223600000,manual,,17.9,manual,AywEwAYs1G5ga77Jq4lyX2MWmHeNaU$0$manual$manual$0,O0VmJTQ2At3MJtiA6HZInxhr8jXSvj,2023-03-19T11:00:00.000Z
,1679209200000,manual,,18.5,manual,AywEwAYs1G5ga77Jq4lyX2MWmHeNaU$0$manual$manual$0,f9eafNm6v57zEqlRVswSqfTjnSWkWH,2023-03-19T07:00:00.000Z
,1679194800000,manual,,17.8,manual,AywEwAYs1G5ga77Jq4lyX2MWmHeNaU$0$manual$manual$0,cofT9WeJeedClcpBdoEYd1IJHfpMpr,2023-03-19T03:00:00.000Z
,1679180400000,manual,,18.2,manual,AywEwAYs1G5ga77Jq4lyX2MWmHeNaU$0$manual$manual$0,Up85dZu9FJlmsqPIjwUMYOOaUoL1hu,2023-03-18T23:00:00.000Z
,1679166000000,manual,,18.5,manual,AywEwAYs1G5ga77Jq4lyX2MWmHeNaU$0$manual$manual$0,sqQ4b9bII8XGActPS6EQvVFyH6MnXs,2023-03-18T19:00:00.000Z
,1679151600000,manual,,18.2,manual,AywEwAYs1G5ga77Jq4lyX2MWmHeNaU$0$manual$manual$0,eUZa4qoCgKCANrdgIkTSRa3ygxBziu,2023-03-18T15:00:00.000Z
,1679137200000,manual,,17.5,manual,AywEwAYs1G5ga77Jq4lyX2MWmHeNaU$0$manual$manual$0,FjF3FMKnmbL0fMLIH4Olvv2TH73UtJ,2023-03-18T11:00:00.000Z
,1679122800000,manual,,18.2,manual,AywEwAYs1G5ga77Jq4lyX2MWmHeNaU$0$manual$manual$0,NJQVQHVuLgFrannnf8tNTjOOkonP67,2023-03-18T07:00:00.000Z
,1679108400000,manual,,18.3,manual,AywEwAYs1G5ga77Jq4lyX2MWmHeNaU$0$manual$manual$0,fwMbccjAPQcfhnQIytrX4ak73FurX5,2023-03-18T03:00:00.000Z
,1679094000000,manual,,17.5,manual,AywEwAYs1G5ga77Jq4lyX2MWmHeNaU$0$manual$manual$0,8RZioYJKPZjSDyashIE42R91IRejPK,2023-03-17T23:00:00.000Z
,1679079600000,manual,,17.9,manual,AywEwAYs1G5ga77Jq4lyX2MWmHeNaU$0$manual$manual$0,3hw4kdVJtxRXF2cU2rHTb9M7F811G0,2023-03-17T19:00:00.000Z
,1679065200000,manual,,18.5,manual,AywEwAYs1G5ga77Jq4lyX2MWmHeNaU$0$manual$manual$0,wA1cFTvvimbHqG5DFJSHLHJmDYeUN2,2023-03-17T15:00:00.000Z
,1679050800000,manual,,18,manual,AywEwAYs1G5ga77Jq4lyX2MWmHeNaU$0$manual$manual$0,OlABKyLjAWhMg2dlzTFD26knT8mSZ6,2023-03-17T11:00:00.000Z
,1679036400000,manual,,17.7,manual,AywEwAYs1G5ga77Jq4lyX2MWmHeNaU$0$manual$manual$0,B4j97zKA53R0T544dLCwlsvicBtzJT,2023-03-17T07:00:00.000Z
,1679022000000,manual,,18.4,manual,AywEwAYs1G5ga77Jq4lyX2MWmHeNaU$0$manual$manual$0,aSW5jyJfXOWeang3vPZVmmAjfkcSab,2023-03-17T03:00:00.000Z
,1679007600000,manual,,17.7,manual,AywEwAYs1G5ga77Jq4lyX2MWmHeNaU$0$manual$manual$0,oqpGiGrX5KAw0MayJtGv8ylxGToIDA,2023-03-16T23:00:00.000Z
,1678993200000,manual,,18,manual,AywEwAYs1G5ga77Jq4lyX2MWmHeNaU$0$manual$manual$0,bwDU4PDQCC9YydjwDJrqbhNMwh6F49,2023-03-16T19:00:00.000Z
,1678978800000,manual,,18.1,manual,AywEwAYs1G5ga77Jq4lyX2MWmHeNaU$0$manual$manual$0,hr4a0uhV3P2dEZGKDI5aCpB6YMTsTx,2023-03-16T15:00:00.000Z
,1678964400000,manual,,17.5,manual,AywEwAYs1G5ga77Jq4lyX2MWmHeNaU$0$manual$manual$0,QrXR77QmjMZHyDU8KPhlPtbeZs9S9A,2023-03-16T11:00:00.000Z
,1678950000000,manual,,18.5,manual,AywEwAYs1G5ga77Jq4lyX2MWmHeNaU$0$manual$manual$0,St6NGhVsEUzBwOKCZ8ZKPq1BBlbYqw,2023-03-16T07:00:00.000Z
,1678935600000,manual,,18.1,manual,AywEwAYs1G5ga77Jq4lyX2MWmHeNaU$0$manual$manual$0,0ppg0rwpmdvO8V3P650FmeLKi55FRE,2023-03-16T03:00:00.000Z
,1678921200000,manual,,17.5,manual,AywEwAYs1G5ga77Jq4lyX2MWmHeNaU$0$manual$manual$0,RO65Lmw1QIiJZmX4VLRJKobRNgHClK,2023-03-15T23:00:00.000Z
,1678906800000,manual,,18.4,manual,AywEwAYs1G5ga77Jq4lyX2MWmHeNaU$0$manual$manual$0,1EIGxArQ6hA3XhVZd0hgpfCXyrQ4CD,2023-03-15T19:00:00.000Z
,1678892400000,manual,,18,manual,AywEwAYs1G5ga77Jq4lyX2MWmHeNaU$0$manual$manual$0,zwC9FOVY9jTpcXr1bhUHiXrGLPTdtU,2023-03-15T15:00:00.000Z
,1678878000000,manual,,17.7,manual,AywEwAYs1G5ga77Jq4lyX2MWmHeNaU$0$manual$manual$0,WjrloALQHXXEIgLQrTzCXLNwnyluTZ,2023-03-15T11:00:00.000Z
,1678863600000,manual,,18.3,manual,AywEwAYs1G5ga77Jq4lyX2MWmHeNaU$0$manual$manual$0,i4dlZV83nWm3owXEaGtRugMWxrqV77,2023-03-15T07:00:00.000Z
,1678849200000,manual,,18.3,manual,AywEwAYs1G5ga77Jq4lyX2MWmHeNaU$0$manual$manual$0,NGyoFh9VbnrupYgHhanFNT2U67LqDE,2023-03-15T03:00:00.000Z
,1678834800000,manual,,18.1,manual,AywEwAYs1G5ga77Jq4lyX2MWmHeNaU$0$manual$manual$0,3sTJE0v2zhYy6kQJ3uiFAuLCU3RHgo,2023-03-14T23:00:00.000Z
,1678820400000,manual,,17.5,manual,AywEwAYs1G5ga77Jq4lyX2MWmHeNaU$0$manual$manual$0,FAiqCtctoBEyE7o1X9KOcYo3Ah26lp,2023-03-14T19:00:00.000Z
,1678806000000,manual,,18.3,manual,AywEwAYs1G5ga77Jq4lyX2MWmHeNaU$0$manual$manual$0,6cIWOhaZkglZjIJiIhfwMZp8raP29K,2023-03-14T15:00:00.000Z
,1678791600000,manual,,17.9,manual,AywEwAYs1G5ga77Jq4lyX2MWmHeNaU$0$manual$manual$0,FKnSJtEC8TzgwZdhRMK1C68AO0zb0Z,2023-03-14T11:00:00.000Z
,1678777200000,manual,,17.9,manual,AywEwAYs1G5ga77Jq4lyX2MWmHeNaU$0$manual$manual$0,emFaiLjSWVhUILcY2afNexyy9LxGrw,2023-03-14T07:00:00.000Z
,1678762800000,manual,,18.4,manual,AywEwAYs1G5ga77Jq4lyX2MWmHeNaU$0$manual$manual$0,xziKfwkP2uhAXffW7KJAYcG8npBL8C,2023-03-14T03:00:00.000Z
,1678748400000,manual,,17.6,manual,AywEwAYs1G5ga77Jq4lyX2MWmHeNaU$0$manual$manual$0,Y8jF5CuYPzWJ22BP8yFWdnm0SdpCpJ,2023-03-13T23:00:00.000Z
,1678734000000,manual,,18.5,manual,AywEwAYs1G5ga77Jq4lyX2MWmHeNaU$0$manual$manual$0,wqU5D8EZxmSu6pIEe57Hgh2AV6Eq4S,2023-03-13T19:00:00.000Z
,1678719600000,manual,,18,manual,AywEwAYs1G5ga77Jq4lyX2MWmHeNaU$0$manual$manual$0,Kn3WxE0waMwA1HsfSMNsKVhUdIrkr4,2023-03-13T15:00:00.000Z
,1678705200000,manual,,17.6,manual,AywEwAYs1G5ga77Jq4lyX2MWmHeNaU$0$manual$manual$0,dcMFL3UtR5VFVfr8gtgswDiS0077yT,2023-03-13T11:00:00.000Z
,1678690800000,manual,,18.5,manual,AywEwAYs1G5ga77Jq4lyX2MWmHeNaU$0$manual$manual$0,ORvukcLBouNx5KlXHKGuQcCbPN4XDT,2023-03-13T07:00:00.000Z
,1678676400000,manual,,17.8,manual,AywEwAYs1G5ga77Jq4lyX2MWmHeNaU$0$manual$manual$0,xtZ92SkTsSCxCuIxbF4FOLByBT1uLw,2023-03-13T03:00:00.000Z
,1678662000000,manual,,17.9,manual,AywEwAYs1G5ga77Jq4lyX2MWmHeNaU$0$manual$manual$0,6me0W9CsFdgDzD9wl2ENMQhi0kS57t,2023-03-12T23:00:00.000Z
,1678647600000,manual,,18.2,manual,AywEwAYs1G5ga77Jq4lyX2MWmHeNaU$0$manual$manual$0,b90L2yfcRMkyZt2AEXiK33TfzgXV35,2023-03-12T19:00:00.000Z
,1678633200000,manual,,17.6,manual,AywEwAYs1G5ga77Jq4lyX2MWmHeNaU$0$manual$manual$0,mXMC0KVSM30Z2uLRVPbyYaf4L0otUW,2023-03-12T15:00:00.000Z
,1678618800000,manual,,17.8,manual,AywEwAYs1G5ga77Jq4lyX2MWmHeNaU$0$manual$manual$0,UggyDLZVlvf3EVV8L6if59ubRDOYlw,2023-03-12T11:00:00.000Z
,1678604400000,manual,,17.5,manual,AywEwAYs1G5ga77Jq4lyX2MWmHeNaU$0$manual$manual$0,ZgsTJRy2R97PKv58qS1azwh4P9ZfhS,2023-03-12T07:00:00.000Z
,1678590000000,manual,,17.6,manual,AywEwAYs1G5ga77Jq4lyX2MWmHeNaU$0$manual$manual$0,fuA5aRKOiDrobLi2D8klsqNf0Dl9Uq,2023-03-12T03:00:00.000Z
,1678575600000,manual,,17.5,manual,AywEwAYs1G5ga77Jq4lyX2MWmHeNaU$0$manual$manual$0,O0nMPKSvn0MOWYToq9PajYLwmgTqv4,2023-03-11T23:00:00.000Z
,1678561200000,manual,,17.7,manual,AywEwAYs1G5ga77Jq4lyX2MWmHeNaU$0$manual$manual$0,s65zBuG1KKruUnbbznJoxTFyX3VhCF,2023-03-11T19:00:00.000Z
,1678546800000,manual,,17.5,manual,AywEwAYs1G5ga77Jq4lyX2MWmHeNaU$0$manual$manual$0,l5tSgeAGxMCNclES3irMXU353YHtOP,2023-03-11T15:00:00.000Z
,1678532400000,manual,,17.3,manual,AywEwAYs1G5ga77Jq4lyX2MWmHeNaU$0$manual$manual$0,7UwaufyeACuD029fHPSm3cQBQELvSQ,2023-03-11T11:00:00.000Z
,1678518000000,manual,,17.3,manual,AywEwAYs1G5ga77Jq4lyX2MWmHeNaU$0$manual$manual$0,SUNTXSiEamEWT9V4YXnVdG4Bt7mliE,2023-03-11T07:00:00.000Z
,1678503600000,manual,,18.4,manual,AywEwAYs1G5ga77Jq4lyX2MWmHeNaU$0$manual$manual$0,jxXwpPw3K1kI0krx3IRrhrXFy5P0Sc,2023-03-11T03:00:00.000Z
,1678489200000,manual,,17.9,manual,AywEwAYs1G5ga77Jq4lyX2MWmHeNaU$0$manual$manual$0,Ept4cZtvdQvSorLvSnu2GMY4dI7H1U,2023-03-10T23:00:00.000Z
,1678474800000,manual,,17.2,manual,AywEwAYs1G5ga77Jq4lyX2MWmHeNaU$0$manual$manual$0,vmx9dFx5NAWp3y7Z1rIXCO7vj9r5AJ,2023-03-10T19:00:00.000Z
,1678460400000,manual,,17.6,manual,AywEwAYs1G5ga77Jq4lyX2MWmHeNaU$0$manual$manual$0,ZNP8jIMzAEV3mCF9dTXNeibDL0R6h7,2023-03-10T15:00:00.000Z
,1678446000000,manual,,18,manual,AywEwAYs1G5ga77Jq4lyX2MWmHeNaU$0$manual$manual$0,V3fOOlSJYZLWZf6QaAgI02hl0xmwrr,2023-03-10T11:00:00.000Z
,1678431600000,manual,,17.3,manual,AywEwAYs1G5ga77Jq4lyX2MWmHeNaU$0$manual$manual$0,NvD1WDW6vAWXGneajd80Sc4kRyDWFO,2023-03-10T07:00:00.000Z
,1678417200000,manual,,18.5,manual,AywEwAYs1G5ga77Jq4lyX2MWmHeNaU$0$manual$manual$0,jlayTmS3drrpGQQJY8E93rCPXzHvzQ,2023-03-10T03:00:00.000Z
,1678402800000,manual,,17.8,manual,AywEwAYs1G5ga77Jq4lyX2MWmHeNaU$0$manual$manual$0,eSa4bModrrfuRYThUU4WnXjStmJk8k,2023-03-09T23:00:00.000Z
,1678388400000,manual,,17.3,manual,AywEwAYs1G5ga77Jq4lyX2MWmHeNaU$0$manual$manual$0,P5LFSwGN8BgGjgWP68U0f2ezq0OL81,2023-03-09T19:00:00.000Z
,1678374000000,manual,,18.4,manual,AywEwAYs1G5ga77Jq4lyX2MWmHeNaU$0$manual$manual$0,7JuPIBL1b4IH1FMEJTgye4gcfw0av7,2023-03-09T15:00:00.000Z
,1678359600000,manual,,17.6,manual,AywEwAYs1G5ga77Jq4lyX2MWmHeNaU$0$manual$manual$0,zG2gpIj957Nf1OnpTbD2l7CrRUwXsH,2023-03-09T11:00:00.000Z
,1678345200000,manual,,17.3,manual,AywEwAYs1G5ga77Jq4lyX2MWmHeNaU$0$manual$manual$0,BvgKW4PdNUEWXJltTwU4A4eGDetMd0,2023-03-09T07:00:00.000Z
,1678330800000,manual,,18.3,manual,AywEwAYs1G5ga77Jq4lyX2MWmHeNaU$0$manual$manual$0,OFGo2myiNIHDj7anuNe0SlM9Uc1sR1,2023-03-09T03:00:00.000Z
,1678316400000,manual,,17.5,manual,AywEwAYs1G5ga77Jq4lyX2MWmHeNaU$0$manual$manual$0,jm1kkJaa58NoLJOPhGFZHmfseDYiz6,2023-03-08T23:00:00.000Z
,1678302000000,manual,,17.3,manual,AywEwAYs1G5ga77Jq4lyX2MWmHeNaU$0$manual$manual$0,oVoiZ9ahsbLgdX7fpDZl6RBCyTgWj7,2023-03-08T19:00:00.000Z
,1678287600000,manual,,18,manual,AywEwAYs1G5ga77Jq4lyX2MWmHeNaU$0$manual$manual$0,uMzEm2K8lRPziDbJKQJsY4GWiHYYb7,2023-03-08T15:00:00.000Z
,1678273200000,manual,,17.3,manual,AywEwAYs1G5ga77Jq4lyX2MWmHeNaU$0$manual$manual$0,EJqPjNvOymz8DNh38KplZDp3YfqhR9,2023-03-08T11:00:00.000Z
,1678258800000,manual,,18.5,manual,AywEwAYs1G5ga77Jq4lyX2MWmHeNaU$0$manual$manual$0,EXNnIePlczL3Ud5lyrBxzYVLsWhG7T,2023-03-08T07:00:00.000Z
,1678244400000,manual,,17.8,manual,AywEwAYs1G5ga77Jq4lyX2MWmHeNaU$0$manual$manual$0,D5FBfQMBJNl2KCYRpxA6n885r4I0e6,2023-03-08T03:00:00.000Z
,1678230000000,manual,,17.4,manual,AywEwAYs1G5ga77Jq4lyX2MWmHeNaU$0$manual$manual$0,Z8Dr3UThXTq0zVJJuOQCeDlPgNQBMV,2023-03-07T23:00:00.000Z
,1678215600000,manual,,18.1,manual,AywEwAYs1G5ga77Jq4lyX2MWmHeNaU$0$manual$manual$0,yuQNL8BsCA3c3hvEjEZgaOCMaDHcBH,2023-03-07T19:00:00.000Z
,1678201200000,manual,,17.5,manual,AywEwAYs1G5ga77Jq4lyX2MWmHeNaU$0$manual$manual$0,AAkfTQUUQTzzyYZhRgIvS4pBmaM4sG,2023-03-07T15:00:00.000Z
,1678186800000,manual,,18,manual,AywEwAYs1G5ga77Jq4lyX2MWmHeNaU$0$manual$manual$0,rTEv4aLyPZlZFdBtdEnLtz6eFuViyE,2023-03-07T11:00:00.000Z
,1678172400000,manual,,17.4,manual,AywEwAYs1G5ga77Jq4lyX2MWmHeNaU$0$manual$manual$0,A5JE3AkfHzJkOpNtUJ7taFm1oqk7lF,2023-03-07T07:00:00.000Z
,1678158000000,manual,,18.1,manual,AywEwAYs1G5ga77Jq4lyX2MWmHeNaU$0$manual$manual$0,6M1WxB5ukR5gP06s9GQVEqgISIo6II,2023-03-07T03:00:00.000Z
,1678143600000,manual,,17.5,manual,AywEwAYs1G5ga77Jq4lyX2MWmHeNaU$0$manual$manual$0,QB7GRBaDy7nV4ZukxyeI7exIQDyy3W,2023-03-06T23:00:00.000Z
,1678129200000,manual,,18,manual,AywEwAYs1G5ga77Jq4lyX2MWmHeNaU$0$manual$manual$0,gFA6bl1XwXA12x8Zm9lwJeviyU0dmK,2023-03-06T19:00:00.000Z
,1678114800000,manual,,17.7,manual,AywEwAYs1G5ga77Jq4lyX2MWmHeNaU$0$manual$manual$0,PzlaSzPIiY8rNSPfR0eQM5Mv3lPDhL,2023-03-06T15:00:00.000Z
,1678100400000,manual,,17.7,manual,AywEwAYs1G5ga77Jq4lyX2MWmHeNaU$0$manual$manual$0,qyMAa5eWLtiLDvTNar6UOrIGo4G3SR,2023-03-06T11:00:00.000Z
,1678086000000,manual,,17.5,manual,AywEwAYs1G5ga77Jq4lyX2MWmHeNaU$0$manual$manual$0,7pOQWlUKR4jccFmcGbtfgBIQNJq1qI,2023-03-06T07:00:00.000Z
,1678071600000,manual,,17.8,manual,AywEwAYs1G5ga77Jq4lyX2MWmHeNaU$0$manual$manual$0,gfGXbyU75Y4bl1xeo4CZDdV8SqKzAf,2023-03-06T03:00:00.000Z
,1678057200000,manual,,17.5,manual,AywEwAYs1G5ga77Jq4lyX2MWmHeNaU$0$manual$manual$0,zAJvHjhtXbR52YqZ6xrNCG9l6aWZ8g,2023-03-05T23:00:00.000Z
,1678042800000,manual,,17.8,manual,AywEwAYs1G5ga77Jq4lyX2MWmHeNaU$0$manual$manual$0,ePxUS1pdg95zECZGpPhrC5aKpOzwzh,2023-03-05T19:00:00.000Z
,1678028400000,manual,,18.1,manual,AywEwAYs1G5ga77Jq4lyX2MWmHeNaU$0$manual$manual$0,96qbGCIK39PlC3oOwY8HZQOSOn4Wys,2023-03-05T15:00:00.000Z
,1678014000000,manual,,17.4,manual,AywEwAYs1G5ga77Jq4lyX2MWmHeNaU$0$manual$manual$0,jxWaPYhEZJjBYYGJrzkaOsvnqiLMn4,2023-03-05T11:00:00.000Z
,1677999600000,manual,,18.5,manual,AywEwAYs1G5ga77Jq4lyX2MWmHeNaU$0$manual$manual$0,yFbTC6ZWPAZuS4rLY72UPrgyBcpe16,2023-03-05T07:00:00.000Z
,1677985200000,manual,,17.4,manual,AywEwAYs1G5ga77Jq4lyX2MWmHeNaU$0$manual$manual$0,IdyYV50tp4klAHm2WGQQPqyGnd5HZG,2023-03-05T03:00:00.000Z
,1677970800000,manual,,18.5,manual,AywEwAYs1G5ga77Jq4lyX2MWmHeNaU$0$manual$manual$0,uqptbULAljrJcFNGfAxEzTp4ZdxepN,2023-03-04T23:00:00.000Z
,1677956400000,manual,,17.5,manual,AywEwAYs1G5ga77Jq4lyX2MWmHeNaU$0$manual$manual$0,Gihnu0LXkPBRK0ghENWm3QXbJx25Be,2023-03-04T19:00:00.000Z
,1677942000000,manual,,18.5,manual,AywEwAYs1G5ga77Jq4lyX2MWmHeNaU$0$manual$manual$0,gQtymbDqzHjnwPmSpJ4bKYepcjqGaK,2023-03-04T15:00:00.000Z
,1677927600000,manual,,17.4,manual,AywEwAYs1G5ga77Jq4lyX2MWmHeNaU$0$manual$manual$0,k49aKPWumsbscnzdWu3gsixl9JRWnn,2023-03-04T11:00:00.000Z
,1677913200000,manual,,18,manual,AywEwAYs1G5ga77Jq4lyX2MWmHeNaU$0$manual$manual$0,N3GBbardyH66uwUUoS0IPturLHEDUi,2023-03-04T07:00:00.000Z
,1677898800000,manual,,17.8,manual,AywEwAYs1G5ga77Jq4lyX2MWmHeNaU$0$manual$manual$0,F1rtUr3gNMl8D7dt7RrU2n09qFL6yS,2023-03-04T03:00:00.000Z
,1677884400000,manual,,17.5,manual,AywEwAYs1G5ga77Jq4lyX2MWmHeNaU$0$manual$manual$0,Ea6CWt9XTYxcach2GfJoOwbZ8PyQ1q,2023-03-03T23:00:00.000Z
,1677870000000,manual,,18.5,manual,AywEwAYs1G5ga77Jq4lyX2MWmHeNaU$0$manual$manual$0,n68ue4CHsU5WiEXVM9tfYN8rM0aCCe,2023-03-03T19:00:00.000Z
,1677855600000,manual,,17.5,manual,AywEwAYs1G5ga77Jq4lyX2MWmHeNaU$0$manual$manual$0,KE2BQBQdMxa9044hfmPmfHgOgBq5m7,2023-03-03T15:00:00.000Z
,1677841200000,manual,,18.1,manual,AywEwAYs1G5ga77Jq4lyX2MWmHeNaU$0$manual$manual$0,lxNR9zdDezpUc2ZnwfmCP94Iy1H0w3,2023-03-03T11:00:00.000Z
,1677826800000,manual,,17.4,manual,AywEwAYs1G5ga77Jq4lyX2MWmHeNaU$0$manual$manual$0,Bn799IrJsEp96u3aMFMNksqIDsXMi6,2023-03-03T07:00:00.000Z
,1677812400000,manual,,18.2,manual,AywEwAYs1G5ga77Jq4lyX2MWmHeNaU$0$manual$manual$0,7j6Odgubz6DAU5qhgngZnRMP08uQhj,2023-03-03T03:00:00.000Z
,1677798000000,manual,,17.4,manual,AywEwAYs1G5ga77Jq4lyX2MWmHeNaU$0$manual$manual$0,DjtuAvGIsBd48lhTTMdt330H1CnaNY,2023-03-02T23:00:00.000Z
,1677783600000,manual,,18.4,manual,AywEwAYs1G5ga77Jq4lyX2MWmHeNaU$0$manual$manual$0,qgbC17vImpUAkbgOxPCVUuXoWgtqyR,2023-03-02T19:00:00.000Z
,1677769200000,manual,,17.7,manual,AywEwAYs1G5ga77Jq4lyX2MWmHeNaU$0$manual$manual$0,rZfb5a99mPXWDF2EiXiSSM0Hudul07,2023-03-02T15:00:00.000Z
,1677754800000,manual,,17.8,manual,AywEwAYs1G5ga77Jq4lyX2MWmHeNaU$0$manual$manual$0,dxQEZK1OyAiIMOGG1dkMltrxBSGPzT,2023-03-02T11:00:00.000Z
,1677740400000,manual,,17.4,manual,AywEwAYs1G5ga77Jq4lyX2MWmHeNaU$0$manual$manual$0,ABfuN7SgGaSVzRRxPcD8xIpb1tdjxa,2023-03-02T07:00:00.000Z
,1677726000000,manual,,18.2,manual,AywEwAYs1G5ga77Jq4lyX2MWmHeNaU$0$manual$manual$0,tBp5gnkVGaxy4Js2XkSWNU1JBcEFiK,2023-03-02T03:00:00.000Z
,1677711600000,manual,,17.3,manual,AywEwAYs1G5ga77Jq4lyX2MWmHeNaU$0$manual$manual$0,pw9Hx5KGP220Qck8Ywy5d4Uy0KH6DI,2023-03-01T23:00:00.000Z
,1677697200000,manual,,18.3,manual,AywEwAYs1G5ga77Jq4lyX2MWmHeNaU$0$manual$manual$0,yPMDJt76j2blZyuGDXWrbxX35PgAbD,2023-03-01T19:00:00.000Z
,1677682800000,manual,,17.5,manual,AywEwAYs1G5ga77Jq4lyX2MWmHeNaU$0$manual$manual$0,VGHrc3EMsnDdQCKubHuMKTiuZ9gU5A,2023-03-01T15:00:00.000Z
,1677668400000,manual,,17.9,manual,AywEwAYs1G5ga77Jq4lyX2MWmHeNaU$0$manual$manual$0,folis72CBVmVURLUj5H2BioZFqlUuM,2023-03-01T11:00:00.000Z
,1677654000000,manual,,17.4,manual,AywEwAYs1G5ga77Jq4lyX2MWmHeNaU$0$manual$manual$0,rc1rMSqHHoB3Jcdx2GU8OdVBbreUDl,2023-03-01T07:00:00.000Z
,1677639600000,manual,,17.9,manual,AywEwAYs1G5ga77Jq4lyX2MWmHeNaU$0$manual$manual$0,GteHDrOk57N0ysm2KPIBXmtOs9hO6g,2023-03-01T03:00:00.000Z
,1677625200000,manual,,18,manual,AywEwAYs1G5ga77Jq4lyX2MWmHeNaU$0$manual$manual$0,7ZOckCDbGYkNyQ8vlBySsZ3qKp2b7O,2023-02-28T23:00:00.000Z
,1677610800000,manual,,17.9,manual,AywEwAYs1G5ga77Jq4lyX2MWmHeNaU$0$manual$manual$0,tMvRnUROZNV7uLOezE3iVNmB9l3zLQ,2023-02-28T19:00:00.000Z
,1677596400000,manual,,17.7,manual,AywEwAYs1G5ga77Jq4lyX2MWmHeNaU$0$manual$manual$0,81icLh0ZGEkpH8mo9fbFHVfm7Hmggl,2023-02-28T15:00:00.000Z
,1677582000000,manual,,18.5,manual,AywEwAYs1G5ga77Jq4lyX2MWmHeNaU$0$manual$manual$0,r8nK9KnVBs0XG080HVPCiOE4zDKqm4,2023-02-28T11:00:00.000Z
,1677567600000,manual,,17.6,manual,AywEwAYs1G5ga77Jq4lyX2MWmHeNaU$0$manual$manual$0,kI1qx9zkkBUtA08DXXq08OhcMt7PKT,2023-02-28T07:00:00.000Z
,1677553200000,manual,,17.5,manual,AywEwAYs1G5ga77Jq4lyX2MWmHeNaU$0$manual$manual$0,YP14xBIdM16SLu4xCUU1Gg5dfuWXxG,2023-02-28T03:00:00.000Z
,1677538800000,manual,,17.9,manual,AywEwAYs1G5ga77Jq4lyX2MWmHeNaU$0$manual$manual$0,p4UVIDPTObwgSHaavDdFhqYbyKduST,2023-02-27T23:00:00.000Z
,1677524400000,manual,,17.5,manual,AywEwAYs1G5ga77Jq4lyX2MWmHeNaU$0$manual$manual$0,tXqm1cpGChCYZuUvhylGbzHCZPzmR0,2023-02-27T19:00:00.000Z
,1677510000000,manual,,17.9,manual,AywEwAYs1G5ga77Jq4lyX2MWmHeNaU$0$manual$manual$0,EDf9TujRIcmqvpxqGyqE3pVrXf1Udv,2023-02-27T15:00:00.000Z
,1677495600000,manual,,17.9,manual,AywEwAYs1G5ga77Jq4lyX2MWmHeNaU$0$manual$manual$0,CkG1tYo01GAxzBH1hKrJUCSKzhK8CB,2023-02-27T11:00:00.000Z
,1677481200000,manual,,18.1,manual,AywEwAYs1G5ga77Jq4lyX2MWmHeNaU$0$manual$manual$0,OvFX28f4LhagKNhGQvXTDUDo5mbJTn,2023-02-27T07:00:00.000Z
,1677466800000,manual,,17.5,manual,AywEwAYs1G5ga77Jq4lyX2MWmHeNaU$0$manual$manual$0,St96o1yMKXcIJ5TllAoipqZaGMDa5P,2023-02-27T03:00:00.000Z
,1677452400000,manual,,18.5,manual,AywEwAYs1G5ga77Jq4lyX2MWmHeNaU$0$manual$manual$0,eIOc6K27BanInsoXViVCrlzNPx57nD,2023-02-26T23:00:00.000Z
,1677438000000,manual,,17.5,manual,AywEwAYs1G5ga77Jq4lyX2MWmHeNaU$0$manual$manual$0,0PO0VZEO51ZoEAcKekMu4hQw8CEnbT,2023-02-26T19:00:00.000Z
,1677423600000,manual,,18.5,manual,AywEwAYs1G5ga77Jq4lyX2MWmHeNaU$0$manual$manual$0,LMcPut4qIUvYmdf3MALF3yojcVCCjf,2023-02-26T15:00:00.000Z
,1677409200000,manual,,17.5,manual,AywEwAYs1G5ga77Jq4lyX2MWmHeNaU$0$manual$manual$0,396hW7axrfAl4FO08dXIrUupW53hLQ,2023-02-26T11:00:00.000Z
,1677394800000,manual,,17.4,manual,AywEwAYs1G5ga77Jq4lyX2MWmHeNaU$0$manual$manual$0,04K3DlQiwkcorO5gxyfYVYTAI0Jict,2023-02-26T07:00:00.000Z
,1677380400000,manual,,18.1,manual,AywEwAYs1G5ga77Jq4lyX2MWmHeNaU$0$manual$manual$0,NX4506tebCRULeFkgs5c6lVE13fkyN,2023-02-26T03:00:00.000Z
,1677366000000,manual,,17.5,manual,AywEwAYs1G5ga77Jq4lyX2MWmHeNaU$0$manual$manual$0,X3npH2UZaL3GsRW4iTF3F8vFPGaiQE,2023-02-25T23:00:00.000Z
,1677351600000,manual,,18.5,manual,AywEwAYs1G5ga77Jq4lyX2MWmHeNaU$0$manual$manual$0,tVojsIYgXbD94h0A86yCDGkFhiJ24d,2023-02-25T19:00:00.000Z
,1677337200000,manual,,17.5,manual,AywEwAYs1G5ga77Jq4lyX2MWmHeNaU$0$manual$manual$0,H69hxaMOX26e6k74OZjgLlxLfKZdfq,2023-02-25T15:00:00.000Z
,1677322800000,manual,,18.1,manual,AywEwAYs1G5ga77Jq4lyX2MWmHeNaU$0$manual$manual$0,or3pGZnVxhNnqDNT052rjTIjQqUef9,2023-02-25T11:00:00.000Z
,1677308400000,manual,,17.5,manual,AywEwAYs1G5ga77Jq4lyX2MWmHeNaU$0$manual$manual$0,rYJxmhMAc99I6zI8MRDGBcpmRwT9AU,2023-02-25T07:00:00.000Z
,1677294000000,manual,,18.3,manual,AywEwAYs1G5ga77Jq4lyX2MWmHeNaU$0$manual$manual$0,yvkyMXmVvdbPxRILSh52eqIHej17Mx,2023-02-25T03:00:00.000Z
,1677279600000,manual,,17.5,manual,AywEwAYs1G5ga77Jq4lyX2MWmHeNaU$0$manual$manual$0,gc1P65cT8KzSOOhgahjhL6w4lQeqJp,2023-02-24T23:00:00.000Z
,1677265200000,manual,,18.4,manual,AywEwAYs1G5ga77Jq4lyX2MWmHeNaU$0$manual$manual$0,5LCPlWbU7yYRVczZAeHNyF0tTsDsDA,2023-02-24T19:00:00.000Z
,1677250800000,manual,,17.4,manual,AywEwAYs1G5ga77Jq4lyX2MWmHeNaU$0$manual$manual$0,aRzQ0yDDiifcCX0WH5ExPb3mF70wzE,2023-02-24T15:00:00.000Z
,1677236400000,manual,,18.2,manual,AywEwAYs1G5ga77Jq4lyX2MWmHeNaU$0$manual$manual$0,nfdvbtlXnJT9SKBCyy3HWDHV1MgtoB,2023-02-24T11:00:00.000Z
,1677222000000,manual,,17.3,manual,AywEwAYs1G5ga77Jq4lyX2MWmHeNaU$0$manual$manual$0,K3GPPoR60vxbpRk0VAVSy7WrigyNyv,2023-02-24T07:00:00.000Z
,1677207600000,manual,,18.3,manual,AywEwAYs1G5ga77Jq4lyX2MWmHeNaU$0$manual$manual$0,icPWmiVRbPhYi4PBi4arOJJbKuphUq,2023-02-24T03:00:00.000Z
,1677193200000,manual,,17.5,manual,AywEwAYs1G5ga77Jq4lyX2MWmHeNaU$0$manual$manual$0,1ZQay2z94NdBPTQYJjpvcekz9SSDba,2023-02-23T23:00:00.000Z
,1677178800000,manual,,18.3,manual,AywEwAYs1G5ga77Jq4lyX2MWmHeNaU$0$manual$manual$0,EvsYHcttMpzlaDkI88VAPfbBjk8Ryp,2023-02-23T19:00:00.000Z
,1677164400000,manual,,17.4,manual,AywEwAYs1G5ga77Jq4lyX2MWmHeNaU$0$manual$manual$0,KWc293fMlQ5JAWemhZOAbC1yLrLQ9R,2023-02-23T15:00:00.000Z
,1677150000000,manual,,18,manual,AywEwAYs1G5ga77Jq4lyX2MWmHeNaU$0$manual$manual$0,wxU8S0mC5w4oMYJ26HE0fB6yc8gDWH,2023-02-23T11:00:00.000Z
,1677135600000,manual,,18.1,manual,AywEwAYs1G5ga77Jq4lyX2MWmHeNaU$0$manual$manual$0,t5t6J8CGfrpiUc0rJgGhq4vUdlNj7g,2023-02-23T07:00:00.000Z
,1677121200000,manual,,17.6,manual,AywEwAYs1G5ga77Jq4lyX2MWmHeNaU$0$manual$manual$0,a8fuXh3Q25yTfuDjfut2cqI5lqwOmv,2023-02-23T03:00:00.000Z
,1677106800000,manual,,18.3,manual,AywEwAYs1G5ga77Jq4lyX2MWmHeNaU$0$manual$manual$0,S2myr5hM4Teu55nNWAGfLUHJWsIEtV,2023-02-22T23:00:00.000Z
,1677092400000,manual,,17.4,manual,AywEwAYs1G5ga77Jq4lyX2MWmHeNaU$0$manual$manual$0,L1Gi3Yhx7n4UzbB643DOE6459yXPn3,2023-02-22T19:00:00.000Z
,1677078000000,manual,,18.5,manual,AywEwAYs1G5ga77Jq4lyX2MWmHeNaU$0$manual$manual$0,57MBOHnV59u7zjJxfIGIoB4QhEeuaZ,2023-02-22T15:00:00.000Z
,1677063600000,manual,,17.4,manual,AywEwAYs1G5ga77Jq4lyX2MWmHeNaU$0$manual$manual$0,HjH8Wk44FeVMOANcTTtGEvJ8pbIfca,2023-02-22T11:00:00.000Z
,1677049200000,manual,,18.5,manual,AywEwAYs1G5ga77Jq4lyX2MWmHeNaU$0$manual$manual$0,OovhFFh06hjHYnqsRxkGYlN4IHYjmY,2023-02-22T07:00:00.000Z
,1677034800000,manual,,17.5,manual,AywEwAYs1G5ga77Jq4lyX2MWmHeNaU$0$manual$manual$0,QRy2fAwUjrqg6OY02zgF3yoSp41Ba6,2023-02-22T03:00:00.000Z
,1677020400000,manual,,18.5,manual,AywEwAYs1G5ga77Jq4lyX2MWmHeNaU$0$manual$manual$0,AxnoicO1exhPOBFyRodxkdZWr6oWdC,2023-02-21T23:00:00.000Z
,1677006000000,manual,,17.5,manual,AywEwAYs1G5ga77Jq4lyX2MWmHeNaU$0$manual$manual$0,XW4OjtCp4EG2bpX3EewZgjV1defib0,2023-02-21T19:00:00.000Z
,1676991600000,manual,,18.5,manual,AywEwAYs1G5ga77Jq4lyX2MWmHeNaU$0$manual$manual$0,g89tFX1cUb7Ct8l3GdN9HYlP71oY4p,2023-02-21T15:00:00.000Z
,1676977200000,manual,,17.6,manual,AywEwAYs1G5ga77Jq4lyX2MWmHeNaU$0$manual$manual$0,M4MwUm0Ivn0gq27mQIr1F8Azfxkh4g,2023-02-21T11:00:00.000Z
,1676962800000,manual,,17.9,manual,AywEwAYs1G5ga77Jq4lyX2MWmHeNaU$0$manual$manual$0,9PB4X01GFquznlo3g8XEfjmzQcaZoC,2023-02-21T07:00:00.000Z
,1676948400000,manual,,18.1,manual,AywEwAYs1G5ga77Jq4lyX2MWmHeNaU$0$manual$manual$0,ju7DR1rKORKmo2HSHAMaecAa1QJawB,2023-02-21T03:00:00.000Z
,1676934000000,manual,,17.7,manual,AywEwAYs1G5ga77Jq4lyX2MWmHeNaU$0$manual$manual$0,BM8rVlj3PGXQmLf5TTjPOq1Y42cl5R,2023-02-20T23:00:00.000Z
,1676919600000,manual,,18.4,manual,AywEwAYs1G5ga77Jq4lyX2MWmHeNaU$0$manual$manual$0,yirOcLalPjx7sNpfdWQR98oYpSDAfo,2023-02-20T19:00:00.000Z
,1676905200000,manual,,17.5,manual,AywEwAYs1G5ga77Jq4lyX2MWmHeNaU$0$manual$manual$0,Gy47L0248r7woynmPGOcRR4cRBwEOe,2023-02-20T15:00:00.000Z
,1676890800000,manual,,18.5,manual,AywEwAYs1G5ga77Jq4lyX2MWmHeNaU$0$manual$manual$0,SHvLogIo1yzFZvipAKyWNDR3I6xaKX,2023-02-20T11:00:00.000Z
,1676876400000,manual,,17.5,manual,AywEwAYs1G5ga77Jq4lyX2MWmHeNaU$0$manual$manual$0,6CnZcDaeak7z9VHgw7vKSPju3tfWDj,2023-02-20T07:00:00.000Z
,1676862000000,manual,,18.2,manual,AywEwAYs1G5ga77Jq4lyX2MWmHeNaU$0$manual$manual$0,bTVSRYaicqAOAgb67x3Z5VEneCe6ze,2023-02-20T03:00:00.000Z
,1676847600000,manual,,17.6,manual,AywEwAYs1G5ga77Jq4lyX2MWmHeNaU$0$manual$manual$0,IqWJhuvYvawrp0sG7XHVjqyDX9zIM0,2023-02-19T23:00:00.000Z
,1676833200000,manual,,18,manual,AywEwAYs1G5ga77Jq4lyX2MWmHeNaU$0$manual$manual$0,UIMoturP9JXVWSlMIXeA8FyOEqM4JH,2023-02-19T19:00:00.000Z
,1676811600000,manual,1.007,15.6,manual,AywEwAYs1G5ga77Jq4lyX2MWmHeNaU$0$manual$manual$0,K6305v5V5VceXoo6p8Yr2LHKOyLOQM,2023-02-19T13:00:00.000Z,0.145038,4.26
,1676804400000,manual,,18.9,manual,AywEwAYs1G5ga77Jq4lyX2MWmHeNaU$0$manual$manual$0,VEAil8bPSge1MGEimg6Lbgpqjo1b1x,2023-02-19T11:00:00.000Z,0.145038,
,1676790000000,manual,,19.5,manual,AywEwAYs1G5ga77Jq4lyX2MWmHeNaU$0$manual$manual$0,33VqfsXKkin6KgU3rZfKb4wSQxTaIH,2023-02-19T07:00:00.000Z,0.145038,
,1676775600000,manual,,20.3,manual,AywEwAYs1G5ga77Jq4lyX2MWmHeNaU$0$manual$manual$0,qJKwesBf3wYUCqS87zuEIv3CNH4b5b,2023-02-19T03:00:00.000Z,0.145038,
,1676761200000,manual,,20,manual,AywEwAYs1G5ga77Jq4lyX2MWmHeNaU$0$manual$manual$0,okuuFcGLnktF3YOtmSAmffH2ibYGdO,2023-02-18T23:00:00.000Z,0.145038,
,1676736000000,manual,,20.4,manual,AywEwAYs1G5ga77Jq4lyX2MWmHeNaU$0$manual$manual$0,UUxOTtggeBmbWlhY5srZRkInZi7lWs,2023-02-18T16:00:00.000Z,0.145038,
,1676710800000,manual,,18.9,manual,AywEwAYs1G5ga77Jq4lyX2MWmHeNaU$0$manual$manual$0,R21A4UiZlUJcdPnAnJNEwutsY4MXqA,2023-02-18T09:00:00.000Z,0.145038,
,1676669400000,manual,,20.3,manual,AywEwAYs1G5ga77Jq4lyX2MWmHeNaU$0$manual$manual$0,nqkqYVgFlZSb200ElQ8EVinJcb0DNa,2023-02-17T21:30:00.000Z,0.145038,
,1676656800000,manual,,19.4,manual,AywEwAYs1G5ga77Jq4lyX2MWmHeNaU$0$manual$manual$0,VwWCZDqxyuZ5TtmJWNZFJmQFiLqUBM,2023-02-17T18:00:00.000Z,0.145038,
,1676617200000,manual,,20.3,manual,AywEwAYs1G5ga77Jq4lyX2MWmHeNaU$0$manual$manual$0,sppVjFMFnkUVwizWa3bTjpqz1v2zbB,2023-02-17T07:00:00.000Z,0.145038,
,1676574000000,manual,,20.2,manual,AywEwAYs1G5ga77Jq4lyX2MWmHeNaU$0$manual$manual$0,uyNkJtMCxcyL1IOzWHcQg3aKdQxWlu,2023-02-16T19:00:00.000Z,0.145038,
,1676559600000,manual,,20.4,manual,AywEwAYs1G5ga77Jq4lyX2MWmHeNaU$0$manual$manual$0,LLbGRif5AMdKEV0FYNsJN72qAS8bGF,2023-02-16T15:00:00.000Z,0.145038,
,1676545200000,manual,,18.8,manual,AywEwAYs1G5ga77Jq4lyX2MWmHeNaU$0$manual$manual$0,e6ITjKjEfAvF8cuKhcY4bdvpWH9umh,2023-02-16T11:00:00.000Z,0.145038,
,1676530800000,manual,,20,manual,AywEwAYs1G5ga77Jq4lyX2MWmHeNaU$0$manual$manual$0,68VJPW121yIAoiwxvfNL1lPvXpUgvH,2023-02-16T07:00:00.000Z,0.145038,
,1676516400000,manual,,17.8,manual,AywEwAYs1G5ga77Jq4lyX2MWmHeNaU$0$manual$manual$0,GBtlsa19Hc7FK9GyqPr7PvEK9Xpx7Q,2023-02-16T03:00:00.000Z,0.145038,
,1676502000000,manual,,17.9,manual,AywEwAYs1G5ga77Jq4lyX2MWmHeNaU$0$manual$manual$0,w4s5RtB8pCcv24OFARu58QWG7WwBkV,2023-02-15T23:00:00.000Z,0.145038,
,1676498400000,manual,,16.9,manual,AywEwAYs1G5ga77Jq4lyX2MWmHeNaU$0$manual$manual$0,5T2VoNBIYcS6jyRwNSLslm7zijFmtL,2023-02-15T22:00:00.000Z,0.145038,
,1676480400000,manual,,18.3,manual,AywEwAYs1G5ga77Jq4lyX2MWmHeNaU$0$manual$manual$0,qmnIItBgr67hV22pzSms04jw1PY6nJ,2023-02-15T17:00:00.000Z,0.145038,
,1676410200000,manual,,16.9,manual,AywEwAYs1G5ga77Jq4lyX2MWmHeNaU$0$manual$manual$0,bVaOV7ADBNxezDHm0GzW5lQE8xDzt4,2023-02-14T21:30:00.000Z,0.145038,
,1676392200000,manual,,18.4,manual,AywEwAYs1G5ga77Jq4lyX2MWmHeNaU$0$manual$manual$0,MgPgvmxAsqMUar3tPzb9FBLiWNp456,2023-02-14T16:30:00.000Z,0.145038,
,1676358000000,manual,,17,manual,AywEwAYs1G5ga77Jq4lyX2MWmHeNaU$0$manual$manual$0,mApSNevqkGZw3TPVmKAOhivWoskeQx,2023-02-14T07:00:00.000Z,0.145038,
,1676307600000,manual,,17.7,manual,AywEwAYs1G5ga77Jq4lyX2MWmHeNaU$0$manual$manual$0,9XV0yQRuVJNAWOgqDhFKM3EQZu1XU1,2023-02-13T17:00:00.000Z,0.145038,
,1676289600000,manual,,17,manual,AywEwAYs1G5ga77Jq4lyX2MWmHeNaU$0$manual$manual$0,OaEQVJIK2HRiUu0q0Lee62bdiqi37U,2023-02-13T12:00:00.000Z,0.145038,
,1676275200000,manual,,18.4,manual,AywEwAYs1G5ga77Jq4lyX2MWmHeNaU$0$manual$manual$0,vW2XZwBjt31QBktPRYB1hBtFpPt6Mu,2023-02-13T08:00:00.000Z,0.145038,
,1676235600000,manual,,17.6,manual,AywEwAYs1G5ga77Jq4lyX2MWmHeNaU$0$manual$manual$0,wmKA7WzQUUsKIabO5tYNOhJo2q8VoT,2023-02-12T21:00:00.000Z,0.145038,
,1676214000000,manual,,17.5,manual,AywEwAYs1G5ga77Jq4lyX2MWmHeNaU$0$manual$manual$0,1RgDx1Ze6RN71YiE7bFMLXxHsI4yIV,2023-02-12T15:00:00.000Z,0.145038,
,1676188800000,manual,,18.4,manual,AywEwAYs1G5ga77Jq4lyX2MWmHeNaU$0$manual$manual$0,VknN5ybezaZmAy7rbY6un617AtdABQ,2023-02-12T08:00:00.000Z,0.145038,
,1676149200000,manual,,18.4,manual,AywEwAYs1G5ga77Jq4lyX2MWmHeNaU$0$manual$manual$0,QccRbOrg0RoJgMc2CqwIKJY2svSFT0,2023-02-11T21:00:00.000Z,0.145038,
,1676132100000,manual,,17.1,manual,AywEwAYs1G5ga77Jq4lyX2MWmHeNaU$0$manual$manual$0,Cq5Q3MXXP4jTJWmmx79YwowM5iq8Hq,2023-02-11T16:15:00.000Z,0.145038,
,1676098800000,manual,,18.4,manual,AywEwAYs1G5ga77Jq4lyX2MWmHeNaU$0$manual$manual$0,3Noy3KHYQdhujTZ61POwvS4FWV6TRz,2023-02-11T07:00:00.000Z,0.145038,
,1676046600000,manual,,17.7,manual,AywEwAYs1G5ga77Jq4lyX2MWmHeNaU$0$manual$manual$0,j3XO73d0R1zpG0ZVu75qldUj3hAKe0,2023-02-10T16:30:00.000Z,0.145038,
,1676010600000,manual,,17.3,manual,AywEwAYs1G5ga77Jq4lyX2MWmHeNaU$0$manual$manual$0,MSpBNscMNNKJh7cOTwSHHMWBTnQBJx,2023-02-10T06:30:00.000Z,0.145038,
,1675969200000,manual,,16.8,manual,AywEwAYs1G5ga77Jq4lyX2MWmHeNaU$0$manual$manual$0,lzccV3KyoYwCH3Pb6abPzhBQSh4E2B,2023-02-09T19:00:00.000Z,0.145038,
,1675959336417,manual,,17,manual,AywEwAYs1G5ga77Jq4lyX2MWmHeNaU$0$manual$manual$0,PtY58zzwXPlBtHryowiqofEGeKJ6Pj,2023-02-09T16:15:36.417Z,0.145038,
,1675920600000,manual,,17.4,manual,AywEwAYs1G5ga77Jq4lyX2MWmHeNaU$0$manual$manual$0,ejuY90He8Ep0m1ycI1LdFVtk2vOh2g,2023-02-09T05:30:00.000Z,0.145038,
,1675880633674,manual,,16.9,manual,AywEwAYs1G5ga77Jq4lyX2MWmHeNaU$0$manual$manual$0,kHzEmOi5O3d4AJ5jZCRILGq1LEvTJQ,2023-02-08T18:23:53.674Z,0.145038,
,1675803600000,manual,,17.7,manual,AywEwAYs1G5ga77Jq4lyX2MWmHeNaU$0$manual$manual$0,wChGsqNg0jlds8yY37GHHzEzeirKjH,2023-02-07T21:00:00.000Z,0.145038,
,1675796400000,manual,,17.7,manual,AywEwAYs1G5ga77Jq4lyX2MWmHeNaU$0$manual$manual$0,rB6VM9lKETFHAZzzKShavMQggALWBF,2023-02-07T19:00:00.000Z,0.145038,
,1675788300000,manual,,17.4,manual,AywEwAYs1G5ga77Jq4lyX2MWmHeNaU$0$manual$manual$0,1e4gGjQ3dyIAhEVoHNaV0PuzAf7pNk,2023-02-07T16:45:00.000Z,0.145038,
,1675782000000,manual,,17.4,manual,AywEwAYs1G5ga77Jq4lyX2MWmHeNaU$0$manual$manual$0,esXS6IeWQHjMrcUZwHCjJiPPK5ZVLF,2023-02-07T15:00:00.000Z,0.145038,
,1675766700000,manual,,17.3,manual,AywEwAYs1G5ga77Jq4lyX2MWmHeNaU$0$manual$manual$0,x5WGIU7AG0qmUquLkq3L5GK9eD4xv0,2023-02-07T10:45:00.000Z,0.145038,
,1675752300000,manual,,17,manual,AywEwAYs1G5ga77Jq4lyX2MWmHeNaU$0$manual$manual$0,QHdRnl5jytg3xqNEdJNMa26MswrPf9,2023-02-07T06:45:00.000Z,0.145038,
,1675738800000,manual,,16.9,manual,AywEwAYs1G5ga77Jq4lyX2MWmHeNaU$0$manual$manual$0,oQhi5AqND8Eb1kHA55uEdsfUFqnsEI,2023-02-07T03:00:00.000Z,0.145038,
,1675724400000,manual,,17.3,manual,AywEwAYs1G5ga77Jq4lyX2MWmHeNaU$0$manual$manual$0,rQgZQ1YSIzytPdHg4HFboWraUdxY58,2023-02-06T23:00:00.000Z,0.145038,
,1675713600000,manual,,17.9,manual,AywEwAYs1G5ga77Jq4lyX2MWmHeNaU$0$manual$manual$0,zOOuUtUfoNR8mVOPVIqSTJjOnUYsie,2023-02-06T20:00:00.000Z,0.145038,
,1675699200000,manual,,18.5,manual,AywEwAYs1G5ga77Jq4lyX2MWmHeNaU$0$manual$manual$0,Sph1Rqgd5P9kKpMELB4YJTWSH2NjqN,2023-02-06T16:00:00.000Z,0.145038,
,1675681200000,manual,,18,manual,AywEwAYs1G5ga77Jq4lyX2MWmHeNaU$0$manual$manual$0,r33tlGhglqgeerUsNNWlozuxfGHl9G,2023-02-06T11:00:00.000Z,0.145038,
,1675674000000,manual,,17.7,manual,AywEwAYs1G5ga77Jq4lyX2MWmHeNaU$0$manual$manual$0,4XixqJuWRhfWTr00kDmYvZGDFo7eg8,2023-02-06T09:00:00.000Z,0.145038,
,1675665720000,manual,1.044,17.1,manual,AywEwAYs1G5ga77Jq4lyX2MWmHeNaU$0$manual$manual$0,dfV0XllH40wgIN5etc2maHPkjzFcxL,2023-02-06T06:42:00.000Z,0.145038,