id,sg,comment,temp,type,time,__acc_reading_doc_id,__acc_reading_data_id,timepoint,pressure,ph
manual,,,16.9,manual,1737758700000,ugEMvoNoVpz4OfGC3CCwNygBoaLCJ0$0$manual$manual$0,BuRawNNwLx0TSfxbZhul3rmoF7aWU3,2025-01-24T22:45:00.000Z
manual,,,17.3,manual,1737745200000,ugEMvoNoVpz4OfGC3CCwNygBoaLCJ0$0$manual$manual$0,8cZl4Pf7btPNSfIYEZbDb14jzkWUGI,2025-01-24T19:00:00.000Z
manual,,,17.4,manual,1737730800000,ugEMvoNoVpz4OfGC3CCwNygBoaLCJ0$0$manual$manual$0,uUI0qyjZq2hQRQjkvGJLKQQ4EZDhE8,2025-01-24T15:00:00.000Z
manual,,,17.2,manual,1737716400000,ugEMvoNoVpz4OfGC3CCwNygBoaLCJ0$0$manual$manual$0,PJNmoJjcG9jHLsXXsBe5cGRY1HwjJ5,2025-01-24T11:00:00.000Z
manual,,,16.9,manual,1737702000000,ugEMvoNoVpz4OfGC3CCwNygBoaLCJ0$0$manual$manual$0,4slvMYlNs8uyedh6NrVM5H034tknwA,2025-01-24T07:00:00.000Z
manual,,,16.9,manual,1737687600000,ugEMvoNoVpz4OfGC3CCwNygBoaLCJ0$0$manual$manual$0,iHTLRSeXs8DatZRo4QpKTvYmtp3fx0,2025-01-24T03:00:00.000Z
manual,,,16.5,manual,1737673200000,ugEMvoNoVpz4OfGC3CCwNygBoaLCJ0$0$manual$manual$0,fSqwt7AWbCOUGHSmsek8gvWbpV6xmI,2025-01-23T23:00:00.000Z
manual,,,16.7,manual,1737658800000,ugEMvoNoVpz4OfGC3CCwNygBoaLCJ0$0$manual$manual$0,Sq6tDYPPt7L0XAbIzQgQ2DpRuFPgyu,2025-01-23T19:00:00.000Z
manual,,,16.7,manual,1737644400000,ugEMvoNoVpz4OfGC3CCwNygBoaLCJ0$0$manual$manual$0,AwPjHmIYAb0LUEOtCpVQFNeDZ379J2,2025-01-23T15:00:00.000Z
manual,,,16.6,manual,1737630000000,ugEMvoNoVpz4OfGC3CCwNygBoaLCJ0$0$manual$manual$0,YoaaqpjltV8TOfIakfF0z4CoLI9xJI,2025-01-23T11:00:00.000Z
manual,,,17,manual,1737615600000,ugEMvoNoVpz4OfGC3CCwNygBoaLCJ0$0$manual$manual$0,9Naqgr921fqPtvWp7mDQbqnY3AMe1B,2025-01-23T07:00:00.000Z
manual,,,17.2,manual,1737601200000,ugEMvoNoVpz4OfGC3CCwNygBoaLCJ0$0$manual$manual$0,3hdr83Pgv0qnCN52X8aLRmKdHoKbXh,2025-01-23T03:00:00.000Z
manual,,,17,manual,1737586800000,ugEMvoNoVpz4OfGC3CCwNygBoaLCJ0$0$manual$manual$0,aS3CQaqTK5E3JE7ylgWYUhJ9ilthnX,2025-01-22T23:00:00.000Z
manual,,,16.8,manual,1737572400000,ugEMvoNoVpz4OfGC3CCwNygBoaLCJ0$0$manual$manual$0,JdWt1NcHBZGxRdW5RUpKa3QSVucbNT,2025-01-22T19:00:00.000Z
manual,,,17.2,manual,1737558000000,ugEMvoNoVpz4OfGC3CCwNygBoaLCJ0$0$manual$manual$0,BNItrzHp9CC8A85n3r1j9tJ1Rhw2Ha,2025-01-22T15:00:00.000Z
manual,,,16.9,manual,1737543600000,ugEMvoNoVpz4OfGC3CCwNygBoaLCJ0$0$manual$manual$0,Fv2Oumz74RMSE7PwvMWAOTDvM1OfuB,2025-01-22T11:00:00.000Z
manual,,,17.3,manual,1737529200000,ugEMvoNoVpz4OfGC3CCwNygBoaLCJ0$0$manual$manual$0,rpwu7HkNh1eWXMTQgMbTTupu7ZLLik,2025-01-22T07:00:00.000Z
manual,,,17.4,manual,1737514800000,ugEMvoNoVpz4OfGC3CCwNygBoaLCJ0$0$manual$manual$0,BqEOfcWmslpq9nD2M2GYsYnBilc0CS,2025-01-22T03:00:00.000Z
manual,,,17.3,manual,1737500400000,ugEMvoNoVpz4OfGC3CCwNygBoaLCJ0$0$manual$manual$0,qTu61LUTzVJFSaCdvCxERNMQDRKEmf,2025-01-21T23:00:00.000Z
manual,,,17.2,manual,1737486000000,ugEMvoNoVpz4OfGC3CCwNygBoaLCJ0$0$manual$manual$0,QlHV3KrTMnhRqfzarUOoqD9ZRHnj53,2025-01-21T19:00:00.000Z
manual,,,16.7,manual,1737471600000,ugEMvoNoVpz4OfGC3CCwNygBoaLCJ0$0$manual$manual$0,g91la5qtpUKBoLVcQm4xX1Ge0uBgaf,2025-01-21T15:00:00.000Z
manual,,,17.4,manual,1737457200000,ugEMvoNoVpz4OfGC3CCwNygBoaLCJ0$0$manual$manual$0,BKgNW98CK2lAFoUxAs1sYiWrKW5XkW,2025-01-21T11:00:00.000Z
manual,,,17.2,manual,1737442800000,ugEMvoNoVpz4OfGC3CCwNygBoaLCJ0$0$manual$manual$0,SGb4K7sGbUOASkTyLbw9Oie5NJmREc,2025-01-21T07:00:00.000Z
manual,,,16.9,manual,1737428400000,ugEMvoNoVpz4OfGC3CCwNygBoaLCJ0$0$manual$manual$0,67AU0OagSABLpIvk4kJBEnuIWHMd3G,2025-01-21T03:00:00.000Z
manual,,,17.4,manual,1737414000000,ugEMvoNoVpz4OfGC3CCwNygBoaLCJ0$0$manual$manual$0,EbNzmrXNyGvYNYLxUE50qCFZwVutL2,2025-01-20T23:00:00.000Z
manual,,,17.2,manual,1737399600000,ugEMvoNoVpz4OfGC3CCwNygBoaLCJ0$0$manual$manual$0,qsTWuaRDHCUSm2AmhUpL3FbVdziSrR,2025-01-20T19:00:00.000Z
manual,,,17,manual,1737385200000,ugEMvoNoVpz4OfGC3CCwNygBoaLCJ0$0$manual$manual$0,zaJSOALrCTezoM65zl2BBtr9G50v7l,2025-01-20T15:00:00.000Z
manual,,,17.3,manual,1737356400000,ugEMvoNoVpz4OfGC3CCwNygBoaLCJ0$0$manual$manual$0,upAXArDHoqncBrk2HChpUVyl67JVlU,2025-01-20T07:00:00.000Z
manual,,,17.3,manual,1737342000000,ugEMvoNoVpz4OfGC3CCwNygBoaLCJ0$0$manual$manual$0,U2QtNpyoPvEW8gbbAb0yfRGYie3y7E,2025-01-20T03:00:00.000Z
manual,,,17.2,manual,1737327600000,ugEMvoNoVpz4OfGC3CCwNygBoaLCJ0$0$manual$manual$0,QouNz1BjkXcNBmPDM4mmtjwEdMlc1B,2025-01-19T23:00:00.000Z
manual,,,16.9,manual,1737313200000,ugEMvoNoVpz4OfGC3CCwNygBoaLCJ0$0$manual$manual$0,vCKv8kp5IKzQXlh6EniOJCmuWIgMJF,2025-01-19T19:00:00.000Z
manual,,,16.5,manual,1737298800000,ugEMvoNoVpz4OfGC3CCwNygBoaLCJ0$0$manual$manual$0,TSXWYTY64qyyhKTdarmtZICNVQnR3U,2025-01-19T15:00:00.000Z
manual,,,17.4,manual,1737284400000,ugEMvoNoVpz4OfGC3CCwNygBoaLCJ0$0$manual$manual$0,ZzygSd6jn9Mngj9ejDuKvpdolHsYiW,2025-01-19T11:00:00.000Z
manual,,,17.3,manual,1737270000000,ugEMvoNoVpz4OfGC3CCwNygBoaLCJ0$0$manual$manual$0,SLYhINPDbrBS3uPZfYwDcbQp5RSGyl,2025-01-19T07:00:00.000Z
manual,,,16.9,manual,1737255600000,ugEMvoNoVpz4OfGC3CCwNygBoaLCJ0$0$manual$manual$0,JgtWx8bmokQBW1V8jEWW3Re52PJFTD,2025-01-19T03:00:00.000Z
manual,,,17.4,manual,1737241200000,ugEMvoNoVpz4OfGC3CCwNygBoaLCJ0$0$manual$manual$0,e2CzxcPtLZuOHpFrWpf2URmqW94yHL,2025-01-18T23:00:00.000Z
manual,,,17.4,manual,1737226800000,ugEMvoNoVpz4OfGC3CCwNygBoaLCJ0$0$manual$manual$0,krgppsxxsRWsXUO8EX00iyj4sBSkxU,2025-01-18T19:00:00.000Z
manual,,,17.1,manual,1737212400000,ugEMvoNoVpz4OfGC3CCwNygBoaLCJ0$0$manual$manual$0,BZS2Yq9Llz6oSoOyVS4FvBX9PyBdG3,2025-01-18T15:00:00.000Z
manual,,,16.5,manual,1737198000000,ugEMvoNoVpz4OfGC3CCwNygBoaLCJ0$0$manual$manual$0,2fV34D7Q4ufS0daqovArqIvkMZWfJO,2025-01-18T11:00:00.000Z
manual,,,17.2,manual,1737183600000,ugEMvoNoVpz4OfGC3CCwNygBoaLCJ0$0$manual$manual$0,5ai1uad2LnpS6271TmsMfadPz8cgWz,2025-01-18T07:00:00.000Z
manual,,,16.7,manual,1737169200000,ugEMvoNoVpz4OfGC3CCwNygBoaLCJ0$0$manual$manual$0,Aw12kP7a20i1kNnF1LRla6REENwqtw,2025-01-18T03:00:00.000Z
manual,,,17.1,manual,1737154800000,ugEMvoNoVpz4OfGC3CCwNygBoaLCJ0$0$manual$manual$0,XF45KjKgkTmXsPsLBjJAt9pwS3T3Xz,2025-01-17T23:00:00.000Z
manual,,,17.4,manual,1737140400000,ugEMvoNoVpz4OfGC3CCwNygBoaLCJ0$0$manual$manual$0,lTinFDF9T7x8LDo9Kv6u9Zb2qH8LcV,2025-01-17T19:00:00.000Z
manual,,,16.4,manual,1737126000000,ugEMvoNoVpz4OfGC3CCwNygBoaLCJ0$0$manual$manual$0,b8Qb6x4DxGeFhquVdcewAS7bS9dvZI,2025-01-17T15:00:00.000Z
manual,,,16.7,manual,1737111600000,ugEMvoNoVpz4OfGC3CCwNygBoaLCJ0$0$manual$manual$0,3NmktowH6iWwOsoTFZY5FAFXFPSRT5,2025-01-17T11:00:00.000Z
manual,,,16.9,manual,1737097200000,ugEMvoNoVpz4OfGC3CCwNygBoaLCJ0$0$manual$manual$0,6PjR9vFA6Ndof7Vvnp8v8hB2tRcbDh,2025-01-17T07:00:00.000Z
manual,,,17.1,manual,1737082800000,ugEMvoNoVpz4OfGC3CCwNygBoaLCJ0$0$manual$manual$0,nXwqw2YoFQn0LwjvNo57izADBk2hL1,2025-01-17T03:00:00.000Z
manual,,,17.1,manual,1737068400000,ugEMvoNoVpz4OfGC3CCwNygBoaLCJ0$0$manual$manual$0,P2lWHIVSUBwQJbLTwTZBHYshzTzgOu,2025-01-16T23:00:00.000Z
manual,,,17,manual,1737054000000,ugEMvoNoVpz4OfGC3CCwNygBoaLCJ0$0$manual$manual$0,ouaXTIasTugfplmjCGUZavcQXBamyI,2025-01-16T19:00:00.000Z
manual,,,17.1,manual,1737039600000,ugEMvoNoVpz4OfGC3CCwNygBoaLCJ0$0$manual$manual$0,vDhC7rdce5HwDW3jODfSwOiOvjZGHZ,2025-01-16T15:00:00.000Z
manual,,,17,manual,1737025200000,ugEMvoNoVpz4OfGC3CCwNygBoaLCJ0$0$manual$manual$0,3YCB2dDxMlSkgFpbrOj53QX7gPVS9Y,2025-01-16T11:00:00.000Z
manual,,,16.5,manual,1737010800000,ugEMvoNoVpz4OfGC3CCwNygBoaLCJ0$0$manual$manual$0,RlSOxNmF0KCTST6VWZSnycupFt2dRx,2025-01-16T07:00:00.000Z
manual,,,16.7,manual,1736996400000,ugEMvoNoVpz4OfGC3CCwNygBoaLCJ0$0$manual$manual$0,GA2LAaZcI4WEQ7Q0jOl3FhqwRamCod,2025-01-16T03:00:00.000Z
manual,,,17.3,manual,1736982000000,ugEMvoNoVpz4OfGC3CCwNygBoaLCJ0$0$manual$manual$0,3fgOPw8J0RfVD2AAXFUip7XDhZ1UMR,2025-01-15T23:00:00.000Z
manual,,,17,manual,1736967600000,ugEMvoNoVpz4OfGC3CCwNygBoaLCJ0$0$manual$manual$0,XMUmM6NPD5cX2dr00Ax578q8HzcHZg,2025-01-15T19:00:00.000Z
manual,,,16.9,manual,1736953200000,ugEMvoNoVpz4OfGC3CCwNygBoaLCJ0$0$manual$manual$0,SfCMbuoXS2irrk41GPv6QBWJXZKywy,2025-01-15T15:00:00.000Z
manual,,,16.5,manual,1736938800000,ugEMvoNoVpz4OfGC3CCwNygBoaLCJ0$0$manual$manual$0,3DJAHPl8cu7ZDv2J5JPoCi6MCMBOmY,2025-01-15T11:00:00.000Z
manual,,,16.9,manual,1736924400000,ugEMvoNoVpz4OfGC3CCwNygBoaLCJ0$0$manual$manual$0,YUuM0XwUTfRgPUbISRMCDjI86S18qi,2025-01-15T07:00:00.000Z
manual,,,16.6,manual,1736910000000,ugEMvoNoVpz4OfGC3CCwNygBoaLCJ0$0$manual$manual$0,pgsb0YfUHwvjZqkajm1wMHEOAMOlsL,2025-01-15T03:00:00.000Z
manual,,,16.5,manual,1736895600000,ugEMvoNoVpz4OfGC3CCwNygBoaLCJ0$0$manual$manual$0,ZzQGtaCa2juIzVPMNQ1otUpaZF3xYI,2025-01-14T23:00:00.000Z
manual,,,16.8,manual,1736881200000,ugEMvoNoVpz4OfGC3CCwNygBoaLCJ0$0$manual$manual$0,MRJPz2ev5URCzghryprBKqYV6qPuGm,2025-01-14T19:00:00.000Z
manual,,,17.2,manual,1736866800000,ugEMvoNoVpz4OfGC3CCwNygBoaLCJ0$0$manual$manual$0,ficTOnpEQYiGnluJgln6yObncThSCk,2025-01-14T15:00:00.000Z
manual,,,16.5,manual,1736852400000,ugEMvoNoVpz4OfGC3CCwNygBoaLCJ0$0$manual$manual$0,q4VYy4Y7who7ZcLw1jiOIn4ttR32qb,2025-01-14T11:00:00.000Z
manual,,,17.4,manual,1736838000000,ugEMvoNoVpz4OfGC3CCwNygBoaLCJ0$0$manual$manual$0,TqmYgESeEZxIj3kuYuXMYvi9ReKVp3,2025-01-14T07:00:00.000Z
manual,,,17.3,manual,1736823600000,ugEMvoNoVpz4OfGC3CCwNygBoaLCJ0$0$manual$manual$0,1cl9wHe1Wml9e8xw6uyfHwqRnu9czr,2025-01-14T03:00:00.000Z
manual,,,17.2,manual,1736809200000,ugEMvoNoVpz4OfGC3CCwNygBoaLCJ0$0$manual$manual$0,W1lWFWAMT2iwE42wb7wkFDHGsdt6c4,2025-01-13T23:00:00.000Z
manual,,,16.7,manual,1736794800000,ugEMvoNoVpz4OfGC3CCwNygBoaLCJ0$0$manual$manual$0,z61q0kRJb4f3Rq9uyn0WZRu4DoQc8M,2025-01-13T19:00:00.000Z
manual,,,17.3,manual,1736780400000,ugEMvoNoVpz4OfGC3CCwNygBoaLCJ0$0$manual$manual$0,4LLSEcjHnTIRCsEAfFr7GXgX5FT9Z9,2025-01-13T15:00:00.000Z
manual,,,16.7,manual,1736766000000,ugEMvoNoVpz4OfGC3CCwNygBoaLCJ0$0$manual$manual$0,QYqidBiqrFAF3OE1lukbbqG4mgJpNM,2025-01-13T11:00:00.000Z
manual,,,17.3,manual,1736751600000,ugEMvoNoVpz4OfGC3CCwNygBoaLCJ0$0$manual$manual$0,lXUF0VQRr3yUktwMNEK6dwTNDli5rN,2025-01-13T07:00:00.000Z
manual,,,16.9,manual,1736737200000,ugEMvoNoVpz4OfGC3CCwNygBoaLCJ0$0$manual$manual$0,JbJo3ZF5n3APaM8NvUx6rbQOvP8qVs,2025-01-13T03:00:00.000Z
manual,,,17.3,manual,1736722800000,ugEMvoNoVpz4OfGC3CCwNygBoaLCJ0$0$manual$manual$0,c0SCDZFP0FBLzVBS80ZMn2jPYEAgeT,2025-01-12T23:00:00.000Z
manual,,,16.5,manual,1736708400000,ugEMvoNoVpz4OfGC3CCwNygBoaLCJ0$0$manual$manual$0,wHmwLrnEzwVCOKfm20neuhJg9eOrvT,2025-01-12T19:00:00.000Z
manual,,,17,manual,1736694000000,ugEMvoNoVpz4OfGC3CCwNygBoaLCJ0$0$manual$manual$0,3zNNmEOAvXHKZIEDmHwtERVKrWOyWk,2025-01-12T15:00:00.000Z
manual,,,17.4,manual,1736679600000,ugEMvoNoVpz4OfGC3CCwNygBoaLCJ0$0$manual$manual$0,CQZOkTWKlXvK808CIuhsq6X4stOUYt,2025-01-12T11:00:00.000Z
manual,,,17.1,manual,1736665200000,ugEMvoNoVpz4OfGC3CCwNygBoaLCJ0$0$manual$manual$0,hPRfhbXvY4T80nuRZcqRXy943TEAnh,2025-01-12T07:00:00.000Z
manual,,,16.5,manual,1736650800000,ugEMvoNoVpz4OfGC3CCwNygBoaLCJ0$0$manual$manual$0,PchSIDdho6gXoLAwFs0BAw5jhqs3mD,2025-01-12T03:00:00.000Z
manual,,,17.2,manual,1736636400000,ugEMvoNoVpz4OfGC3CCwNygBoaLCJ0$0$manual$manual$0,tkW4YOLcHbYDR1Tp0yiWOV52BWAtoK,2025-01-11T23:00:00.000Z
manual,,,16.7,manual,1736622000000,ugEMvoNoVpz4OfGC3CCwNygBoaLCJ0$0$manual$manual$0,6aODdieBOnNiCqynOtWOPRQxNzOZBE,2025-01-11T19:00:00.000Z
manual,,,17.1,manual,1736607600000,ugEMvoNoVpz4OfGC3CCwNygBoaLCJ0$0$manual$manual$0,zlKPjYCHINl2VNMEn9G5L7z68hkMX4,2025-01-11T15:00:00.000Z
manual,,,16.5,manual,1736593200000,ugEMvoNoVpz4OfGC3CCwNygBoaLCJ0$0$manual$manual$0,aFdOPEZtBF3wukamC3WGpl1vvvPIxh,2025-01-11T11:00:00.000Z
manual,,,17.4,manual,1736578800000,ugEMvoNoVpz4OfGC3CCwNygBoaLCJ0$0$manual$manual$0,0jS7jF68Q6PTuvm8vUzLjo8BJVnjPb,2025-01-11T07:00:00.000Z
manual,,,17.2,manual,1736564400000,ugEMvoNoVpz4OfGC3CCwNygBoaLCJ0$0$manual$manual$0,hslTTzqFM5bTCVMlgkhAxPmddwqP56,2025-01-11T03:00:00.000Z
manual,,,16.5,manual,1736550000000,ugEMvoNoVpz4OfGC3CCwNygBoaLCJ0$0$manual$manual$0,qFHeU9HJUklSEGUoQoHOzs8cN8fPpG,2025-01-10T23:00:00.000Z
manual,,,17.1,manual,1736535600000,ugEMvoNoVpz4OfGC3CCwNygBoaLCJ0$0$manual$manual$0,Qij6LKAwZnP116fSputkU0UZuv9o3O,2025-01-10T19:00:00.000Z
manual,,,17.3,manual,1736521200000,ugEMvoNoVpz4OfGC3CCwNygBoaLCJ0$0$manual$manual$0,kKzodo6YJ6PFZaWpbBc3GU7HQAmobg,2025-01-10T15:00:00.000Z
manual,,,17.4,manual,1736506800000,ugEMvoNoVpz4OfGC3CCwNygBoaLCJ0$0$manual$manual$0,l0CA0VqI6iOUrgaxbOSOGDpwd7jsJp,2025-01-10T11:00:00.000Z
manual,,,16.8,manual,1736492400000,ugEMvoNoVpz4OfGC3CCwNygBoaLCJ0$0$manual$manual$0,Wwh1bsiY9l484Lq4VeXQ4s0zvF68OD,2025-01-10T07:00:00.000Z
manual,,,17.1,manual,1736478000000,ugEMvoNoVpz4OfGC3CCwNygBoaLCJ0$0$manual$manual$0,i4yp5lN01cV1FkSR1RnQgrTDba40zT,2025-01-10T03:00:00.000Z
manual,,,17.4,manual,1736463600000,ugEMvoNoVpz4OfGC3CCwNygBoaLCJ0$0$manual$manual$0,vDGXJTNsMCHNYZlwUMNtmuzPn24bfg,2025-01-09T23:00:00.000Z
manual,,,16.7,manual,1736449200000,ugEMvoNoVpz4OfGC3CCwNygBoaLCJ0$0$manual$manual$0,SPlfP2ROXuWEjRRBBgXcgXNM8J7IGk,2025-01-09T19:00:00.000Z
manual,,,17.1,manual,1736434800000,ugEMvoNoVpz4OfGC3CCwNygBoaLCJ0$0$manual$manual$0,KUvJP2QcEtahzrqMmV1kbjuGbFSGRe,2025-01-09T15:00:00.000Z
manual,,,17.3,manual,1736420400000,ugEMvoNoVpz4OfGC3CCwNygBoaLCJ0$0$manual$manual$0,0QUAoU2dpnLO9f2HZNM0gPnyUEXvTu,2025-01-09T11:00:00.000Z
manual,,,16.5,manual,1736406000000,ugEMvoNoVpz4OfGC3CCwNygBoaLCJ0$0$manual$manual$0,CjBkna28OILkK6hFATF35tglQ38y5V,2025-01-09T07:00:00.000Z
manual,,,16.9,manual,1736391600000,ugEMvoNoVpz4OfGC3CCwNygBoaLCJ0$0$manual$manual$0,kStWTuOG2om8Kdn64jRsCo2XtA8x5C,2025-01-09T03:00:00.000Z
manual,,,16.9,manual,1736377200000,ugEMvoNoVpz4OfGC3CCwNygBoaLCJ0$0$manual$manual$0,XtMQNMVfwym989j6hzGSpS8bA8w0At,2025-01-08T23:00:00.000Z
manual,,,17.1,manual,1736362800000,ugEMvoNoVpz4OfGC3CCwNygBoaLCJ0$0$manual$manual$0,fKp1IkNx9VDUmwx7d8rwKJXZvUMPZp,2025-01-08T19:00:00.000Z
manual,,,17.3,manual,1736348400000,ugEMvoNoVpz4OfGC3CCwNygBoaLCJ0$0$manual$manual$0,yEJKB3KA8RuGJ40QE5Ba63hXU7qEjG,2025-01-08T15:00:00.000Z
manual,,,17.4,manual,1736334000000,ugEMvoNoVpz4OfGC3CCwNygBoaLCJ0$0$manual$manual$0,hfbGDlIbKOl23lnoQpm6URLSFpdJ3q,2025-01-08T11:00:00.000Z
manual,,,17.5,manual,1736319600000,ugEMvoNoVpz4OfGC3CCwNygBoaLCJ0$0$manual$manual$0,tjEQcwGmdurobmh0ZjvJtf7EPSQCnF,2025-01-08T07:00:00.000Z
manual,,,16.9,manual,1736305200000,ugEMvoNoVpz4OfGC3CCwNygBoaLCJ0$0$manual$manual$0,oWZCsucjoUL4vMWEixG5EZkun3CnkQ,2025-01-08T03:00:00.000Z
manual,,,16.5,manual,1736290800000,ugEMvoNoVpz4OfGC3CCwNygBoaLCJ0$0$manual$manual$0,VMkxreaEdroTEUBPFXwbEzau50TRRV,2025-01-07T23:00:00.000Z
manual,,,16.8,manual,1736276400000,ugEMvoNoVpz4OfGC3CCwNygBoaLCJ0$0$manual$manual$0,oAZ7NYS5UaU18k4UXCLbug6jhHogbr,2025-01-07T19:00:00.000Z
manual,,,16.8,manual,1736262000000,ugEMvoNoVpz4OfGC3CCwNygBoaLCJ0$0$manual$manual$0,tyv2QECYeEl3uJZbo1jrqXhRaFaINd,2025-01-07T15:00:00.000Z
manual,,,17.3,manual,1736247600000,ugEMvoNoVpz4OfGC3CCwNygBoaLCJ0$0$manual$manual$0,i8T4sUSYPxVRrbMxYaESMirUE6Y131,2025-01-07T11:00:00.000Z
manual,,,17.5,manual,1736233200000,ugEMvoNoVpz4OfGC3CCwNygBoaLCJ0$0$manual$manual$0,EZWIt0w5IEcgS7QaKEfAN61liiCtc6,2025-01-07T07:00:00.000Z
manual,,,17.5,manual,1736218800000,ugEMvoNoVpz4OfGC3CCwNygBoaLCJ0$0$manual$manual$0,VV3ZlvHgf0WZ90sAFTbN2x1YquaetT,2025-01-07T03:00:00.000Z
manual,,,17.3,manual,1736204400000,ugEMvoNoVpz4OfGC3CCwNygBoaLCJ0$0$manual$manual$0,7p4gIuafMZsSbnF7eHlNLiEsLr65Si,2025-01-06T23:00:00.000Z
manual,,,16.9,manual,1736190000000,ugEMvoNoVpz4OfGC3CCwNygBoaLCJ0$0$manual$manual$0,LpTVGfkcbzXRf83hSknna1Vv2NN6HL,2025-01-06T19:00:00.000Z
manual,,,16.6,manual,1736175600000,ugEMvoNoVpz4OfGC3CCwNygBoaLCJ0$0$manual$manual$0,5QtJ7bdRxQbPvNbV0hiqlT0VWTx0NM,2025-01-06T15:00:00.000Z
manual,,,17.5,manual,1736161200000,ugEMvoNoVpz4OfGC3CCwNygBoaLCJ0$0$manual$manual$0,RkoFkL9zX140GY7Jgri6S1b56geAMq,2025-01-06T11:00:00.000Z
manual,,,16.8,manual,1736146800000,ugEMvoNoVpz4OfGC3CCwNygBoaLCJ0$0$manual$manual$0,8HWj1PHyt0a9C6cl0Mwfk3QchSGk82,2025-01-06T07:00:00.000Z
manual,,,16.9,manual,1736132400000,ugEMvoNoVpz4OfGC3CCwNygBoaLCJ0$0$manual$manual$0,fSXjbvff8lNtdCXaZULy6gGig56dcD,2025-01-06T03:00:00.000Z
manual,,,17.5,manual,1736118000000,ugEMvoNoVpz4OfGC3CCwNygBoaLCJ0$0$manual$manual$0,GMGWZU6PeJiS8nXmFIQJRbefOsbYYq,2025-01-05T23:00:00.000Z
manual,,,17.3,manual,1736103600000,ugEMvoNoVpz4OfGC3CCwNygBoaLCJ0$0$manual$manual$0,iEY4hM58LLyBEFakQsTsq5SNsUaVsl,2025-01-05T19:00:00.000Z
manual,,,17.2,manual,1736089200000,ugEMvoNoVpz4OfGC3CCwNygBoaLCJ0$0$manual$manual$0,o6JtwjeBZveeFWwZSACDJr3HV8KYRL,2025-01-05T15:00:00.000Z
manual,,,16.7,manual,1736074800000,ugEMvoNoVpz4OfGC3CCwNygBoaLCJ0$0$manual$manual$0,XFjUhrVxY12ZFUMlivAKgdQplslzNR,2025-01-05T11:00:00.000Z
manual,,,17.3,manual,1736060400000,ugEMvoNoVpz4OfGC3CCwNygBoaLCJ0$0$manual$manual$0,ptWJz5ftGMyP16siJ5MXMPTitoXvXa,2025-01-05T07:00:00.000Z
manual,,,17.1,manual,1736046000000,ugEMvoNoVpz4OfGC3CCwNygBoaLCJ0$0$manual$manual$0,bUa7rOckHUHnVNr51rnec2yEeDxpOG,2025-01-05T03:00:00.000Z
manual,,,16.9,manual,1736031600000,ugEMvoNoVpz4OfGC3CCwNygBoaLCJ0$0$manual$manual$0,WhTriSnzjm2gMpQlxkRMoW2thUGc3L,2025-01-04T23:00:00.000Z
manual,,,17.2,manual,1736017200000,ugEMvoNoVpz4OfGC3CCwNygBoaLCJ0$0$manual$manual$0,Q0LftPTDAXlENi6mLMgDH8qANYCois,2025-01-04T19:00:00.000Z
manual,,,17.4,manual,1736002800000,ugEMvoNoVpz4OfGC3CCwNygBoaLCJ0$0$manual$manual$0,akEVKOmiCuf9Eh9v2RWSd3Rzk6YUoG,2025-01-04T15:00:00.000Z
manual,,,16.8,manual,1735988400000,ugEMvoNoVpz4OfGC3CCwNygBoaLCJ0$0$manual$manual$0,FuFZ7IWniyPiwK43Ry74k5QP43WB18,2025-01-04T11:00:00.000Z
manual,,,16.9,manual,1735974000000,ugEMvoNoVpz4OfGC3CCwNygBoaLCJ0$0$manual$manual$0,k0T3nDzVVsVz72B4DBcwmbOhMSMRW9,2025-01-04T07:00:00.000Z
manual,,,17.2,manual,1735959600000,ugEMvoNoVpz4OfGC3CCwNygBoaLCJ0$0$manual$manual$0,82fJigmf3iU5HFH2GVpmIvkvXRP0CY,2025-01-04T03:00:00.000Z
manual,,,17.5,manual,1735945200000,ugEMvoNoVpz4OfGC3CCwNygBoaLCJ0$0$manual$manual$0,HSSfMzhnNIFWKeaAqVMG86NoMc9Bzz,2025-01-03T23:00:00.000Z
manual,,,16.5,manual,1735930800000,ugEMvoNoVpz4OfGC3CCwNygBoaLCJ0$0$manual$manual$0,AkMUxUrKkrqC29k73UvXWTLDeuZG4r,2025-01-03T19:00:00.000Z
manual,,,16.7,manual,1735916400000,ugEMvoNoVpz4OfGC3CCwNygBoaLCJ0$0$manual$manual$0,pu9I4I7wdGhTmNcJJOulWlz7MG4Uo4,2025-01-03T15:00:00.000Z
manual,,,17.3,manual,1735902000000,ugEMvoNoVpz4OfGC3CCwNygBoaLCJ0$0$manual$manual$0,0Ks5eqjkQcKr0P29j8iCpgjcKMCwjA,2025-01-03T11:00:00.000Z
manual,,,16.6,manual,1735887600000,ugEMvoNoVpz4OfGC3CCwNygBoaLCJ0$0$manual$manual$0,zsmPqeFFzxOqHneninDPo0yTQIYMEr,2025-01-03T07:00:00.000Z
manual,,,16.8,manual,1735873200000,ugEMvoNoVpz4OfGC3CCwNygBoaLCJ0$0$manual$manual$0,d2Ok0U9NbvlfLr4n20PMdQ6ugQgqd2,2025-01-03T03:00:00.000Z
manual,,,17,manual,1735858800000,ugEMvoNoVpz4OfGC3CCwNygBoaLCJ0$0$manual$manual$0,r0rU7SjX7Zbs3NQQ7wRongdbyBntuu,2025-01-02T23:00:00.000Z
manual,,,17.3,manual,1735844400000,ugEMvoNoVpz4OfGC3CCwNygBoaLCJ0$0$manual$manual$0,19djRKCUhDZ2dXxRz0DvbhlFbzcfNU,2025-01-02T19:00:00.000Z
manual,,,17.2,manual,1735830000000,ugEMvoNoVpz4OfGC3CCwNygBoaLCJ0$0$manual$manual$0,0cRv4UK8nrvxi3C3OMhwPEcvIu8Lka,2025-01-02T15:00:00.000Z
manual,,,17.3,manual,1735815600000,ugEMvoNoVpz4OfGC3CCwNygBoaLCJ0$0$manual$manual$0,ciI4mIEBpOThlj9fqjMmLz9pq13T1G,2025-01-02T11:00:00.000Z
manual,,,17.4,manual,1735801200000,ugEMvoNoVpz4OfGC3CCwNygBoaLCJ0$0$manual$manual$0,13yPoOhrtGDkWXJ7z3FzqxqIDZXKN8,2025-01-02T07:00:00.000Z
manual,,,17.3,manual,1735786800000,ugEMvoNoVpz4OfGC3CCwNygBoaLCJ0$0$manual$manual$0,MKHWFjioXS6uJLUUutlOZ0XsO3d5ZJ,2025-01-02T03:00:00.000Z
manual,,,17.1,manual,1735772400000,ugEMvoNoVpz4OfGC3CCwNygBoaLCJ0$0$manual$manual$0,EcewsQkNsKLBvsogtnwN1nW6DcLmDP,2025-01-01T23:00:00.000Z
manual,,,17,manual,1735758000000,ugEMvoNoVpz4OfGC3CCwNygBoaLCJ0$0$manual$manual$0,LJufBMpOp6BkKpPfBGKU3kP9CQX0ik,2025-01-01T19:00:00.000Z
manual,,,16.7,manual,1735743600000,ugEMvoNoVpz4OfGC3CCwNygBoaLCJ0$0$manual$manual$0,DEpCBSKek4fR6GEZ7J7hUNJpCZW1Ij,2025-01-01T15:00:00.000Z
manual,,,16.5,manual,1735729200000,ugEMvoNoVpz4OfGC3CCwNygBoaLCJ0$0$manual$manual$0,hGJSoypUrOtiBapsPQMzzPBTdLkvMO,2025-01-01T11:00:00.000Z
manual,,,17,manual,1735714800000,ugEMvoNoVpz4OfGC3CCwNygBoaLCJ0$0$manual$manual$0,Okir5dsZQcpZ4fcQnPbGg0a3fyfNnx,2025-01-01T07:00:00.000Z
manual,,,17.4,manual,1735700400000,ugEMvoNoVpz4OfGC3CCwNygBoaLCJ0$0$manual$manual$0,BLFJO3pZCDniCaKK9DqtcJqczRUPsy,2025-01-01T03:00:00.000Z
manual,,,17.2,manual,1735686000000,ugEMvoNoVpz4OfGC3CCwNygBoaLCJ0$0$manual$manual$0,IiMZpGUPPAePVXPLZPel3GU84aQsgX,2024-12-31T23:00:00.000Z
manual,,,17.1,manual,1735671600000,ugEMvoNoVpz4OfGC3CCwNygBoaLCJ0$0$manual$manual$0,HRtflVAvyY15IVS0XsIIP1J7osnrXq,2024-12-31T19:00:00.000Z
manual,,,17,manual,1735657200000,ugEMvoNoVpz4OfGC3CCwNygBoaLCJ0$0$manual$manual$0,5qWfy6HJa4HnvRvy9K6pGAPtIrRfx2,2024-12-31T15:00:00.000Z
manual,,,17,manual,1735642800000,ugEMvoNoVpz4OfGC3CCwNygBoaLCJ0$0$manual$manual$0,cG4B4ARvxzkhUYYXwd6RF952VwKNDT,2024-12-31T11:00:00.000Z
manual,,,16.7,manual,1735628400000,ugEMvoNoVpz4OfGC3CCwNygBoaLCJ0$0$manual$manual$0,j2UcVVCHfIbvL4028MhrFn2Bikcbtv,2024-12-31T07:00:00.000Z
manual,,,16.7,manual,1735614000000,ugEMvoNoVpz4OfGC3CCwNygBoaLCJ0$0$manual$manual$0,c5wlDW6vsOIcxUC3ODX1iod1015o7y,2024-12-31T03:00:00.000Z
manual,,,17.4,manual,1735599600000,ugEMvoNoVpz4OfGC3CCwNygBoaLCJ0$0$manual$manual$0,kMyIuLpaNZj58XVh5gLRtHYra686fG,2024-12-30T23:00:00.000Z
manual,,,17.4,manual,1735585200000,ugEMvoNoVpz4OfGC3CCwNygBoaLCJ0$0$manual$manual$0,Rtd4rgJtnOXHXpaNWFzxL0n77RLwgl,2024-12-30T19:00:00.000Z
manual,,,17.3,manual,1735570800000,ugEMvoNoVpz4OfGC3CCwNygBoaLCJ0$0$manual$manual$0,6Ta2v0qrBNnaWIME99lx2lLAWCQLQc,2024-12-30T15:00:00.000Z
manual,,,17.2,manual,1735556400000,ugEMvoNoVpz4OfGC3CCwNygBoaLCJ0$0$manual$manual$0,gOIlLIS5HU75EFJ4dmiTqgat5QXurK,2024-12-30T11:00:00.000Z
manual,,,16.8,manual,1735542000000,ugEMvoNoVpz4OfGC3CCwNygBoaLCJ0$0$manual$manual$0,UxZyzBAXQITW5OXNIxbLDmyLGJfPII,2024-12-30T07:00:00.000Z
manual,,,16.5,manual,1735527600000,ugEMvoNoVpz4OfGC3CCwNygBoaLCJ0$0$manual$manual$0,39o65tb1G5WwXK59cOWx2KgGPCXT8r,2024-12-30T03:00:00.000Z
manual,,,16.5,manual,1735513200000,ugEMvoNoVpz4OfGC3CCwNygBoaLCJ0$0$manual$manual$0,RoDmcff4g112JVMXWyMXrvrMkXSTQf,2024-12-29T23:00:00.000Z
manual,,,16.7,manual,1735498800000,ugEMvoNoVpz4OfGC3CCwNygBoaLCJ0$0$manual$manual$0,jwu9l1eEJeqHGwkRRBP7uyq2fRwPcB,2024-12-29T19:00:00.000Z
manual,,,16.8,manual,1735484400000,ugEMvoNoVpz4OfGC3CCwNygBoaLCJ0$0$manual$manual$0,SMaMbaSl9EBaqJQ8Xh7nmmfwfmDl98,2024-12-29T15:00:00.000Z
manual,,,17.1,manual,1735470000000,ugEMvoNoVpz4OfGC3CCwNygBoaLCJ0$0$manual$manual$0,tCAKn2aBdMqUSpJ94Gx2v7BoCD3F6u,2024-12-29T11:00:00.000Z
manual,,,16.8,manual,1735455600000,ugEMvoNoVpz4OfGC3CCwNygBoaLCJ0$0$manual$manual$0,WRcFyjLMhagMpkehOStY3PlA2W8IMR,2024-12-29T07:00:00.000Z
manual,,,16.5,manual,1735441200000,ugEMvoNoVpz4OfGC3CCwNygBoaLCJ0$0$manual$manual$0,pE5XcuCYRVo8Ee30deBdbZKXXhowbm,2024-12-29T03:00:00.000Z
manual,,,16.6,manual,1735426800000,ugEMvoNoVpz4OfGC3CCwNygBoaLCJ0$0$manual$manual$0,9rsf9102ISKjIBz9oq8XljXDBw8CIz,2024-12-28T23:00:00.000Z
manual,,,16.8,manual,1735412400000,ugEMvoNoVpz4OfGC3CCwNygBoaLCJ0$0$manual$manual$0,3MjJvn3Tc6Z1b2006e1AqAQzMactpX,2024-12-28T19:00:00.000Z
manual,,,16.8,manual,1735398000000,ugEMvoNoVpz4OfGC3CCwNygBoaLCJ0$0$manual$manual$0,MV4La3OwBiUh4SniJfY3KiyOrZSuxX,2024-12-28T15:00:00.000Z
manual,,,16.8,manual,1735383600000,ugEMvoNoVpz4OfGC3CCwNygBoaLCJ0$0$manual$manual$0,UAVWCyl20F9ZX0Bkk8zVHL8FNmwPdI,2024-12-28T11:00:00.000Z
manual,,,16.9,manual,1735369200000,ugEMvoNoVpz4OfGC3CCwNygBoaLCJ0$0$manual$manual$0,gCfqox0Wuj8rU4IDkCqc8YT5f5hl4q,2024-12-28T07:00:00.000Z
manual,,,16.9,manual,1735354800000,ugEMvoNoVpz4OfGC3CCwNygBoaLCJ0$0$manual$manual$0,1zPxEtDxxNXuYcBqiZsh4frmle5pkn,2024-12-28T03:00:00.000Z
manual,,,16.8,manual,1735340400000,ugEMvoNoVpz4OfGC3CCwNygBoaLCJ0$0$manual$manual$0,bNCeGU6PhiiReIDK7G95O6LQGOSV7P,2024-12-27T23:00:00.000Z
manual,,,16.7,manual,1735326000000,ugEMvoNoVpz4OfGC3CCwNygBoaLCJ0$0$manual$manual$0,3ytDgU7iiIywLpGP92nflI02dDIO7p,2024-12-27T19:00:00.000Z
manual,,,16.5,manual,1735311600000,ugEMvoNoVpz4OfGC3CCwNygBoaLCJ0$0$manual$manual$0,VatlNWYX5ct2k90Yx07CfVtuBAvoGT,2024-12-27T15:00:00.000Z
manual,,,16.6,manual,1735297200000,ugEMvoNoVpz4OfGC3CCwNygBoaLCJ0$0$manual$manual$0,qxbgKMPE0GMEtZIVZlENSejLoaHi8Z,2024-12-27T11:00:00.000Z
manual,,,17.4,manual,1735282800000,ugEMvoNoVpz4OfGC3CCwNygBoaLCJ0$0$manual$manual$0,MFg67aGcDcEX8GMyuAvZjB3qBgpZxv,2024-12-27T07:00:00.000Z
manual,,,17.5,manual,1735269300000,ugEMvoNoVpz4OfGC3CCwNygBoaLCJ0$0$manual$manual$0,0hI0TBryCumzQTqP0iLIcYLMNavf2e,2024-12-27T03:15:00.000Z
manual,,,17.1,manual,1735254000000,ugEMvoNoVpz4OfGC3CCwNygBoaLCJ0$0$manual$manual$0,2pGW62Sue8gCuPY0C2AQ5c7yMUVrX3,2024-12-26T23:00:00.000Z
manual,,,16.6,manual,1735239600000,ugEMvoNoVpz4OfGC3CCwNygBoaLCJ0$0$manual$manual$0,65ltf9C1Cm59RqzE8wPBfIZxozik4P,2024-12-26T19:00:00.000Z
manual,,,16.8,manual,1735225200000,ugEMvoNoVpz4OfGC3CCwNygBoaLCJ0$0$manual$manual$0,6Q4FDXhVU2IN4XPLQnjZ8uEt96BT6V,2024-12-26T15:00:00.000Z
manual,,,17.5,manual,1735210800000,ugEMvoNoVpz4OfGC3CCwNygBoaLCJ0$0$manual$manual$0,Lu5c2hXnMgJBSgLdvewizrD7b79VVU,2024-12-26T11:00:00.000Z
manual,,,17.4,manual,1735196400000,ugEMvoNoVpz4OfGC3CCwNygBoaLCJ0$0$manual$manual$0,vWmrOIbOW0UbJJTd2cSOVsWCmy8R3u,2024-12-26T07:00:00.000Z
manual,,,17,manual,1735182000000,ugEMvoNoVpz4OfGC3CCwNygBoaLCJ0$0$manual$manual$0,Y2ZVeG0GNsuSUs3fjFgP5yhks9PzMC,2024-12-26T03:00:00.000Z
manual,,,16.5,manual,1735167600000,ugEMvoNoVpz4OfGC3CCwNygBoaLCJ0$0$manual$manual$0,cD3W7oxZLgcWfDPKzXzj4FIez41jSA,2024-12-25T23:00:00.000Z
manual,,,16.7,manual,1735153200000,ugEMvoNoVpz4OfGC3CCwNygBoaLCJ0$0$manual$manual$0,szpN3opkpdCHpgJz9g2smKqozAoMZG,2024-12-25T19:00:00.000Z
manual,,,17.2,manual,1735138800000,ugEMvoNoVpz4OfGC3CCwNygBoaLCJ0$0$manual$manual$0,9XCqrki7VOcERya6WhZ7e0ML4rlhsf,2024-12-25T15:00:00.000Z
manual,,,17.5,manual,1735124400000,ugEMvoNoVpz4OfGC3CCwNygBoaLCJ0$0$manual$manual$0,qQUsUkZNXhtQAKW9tJJOpS4XaBZYUf,2024-12-25T11:00:00.000Z
manual,,,17.2,manual,1735110000000,ugEMvoNoVpz4OfGC3CCwNygBoaLCJ0$0$manual$manual$0,sxsClQxxTZ20ABsZOzZEu60MTLcy87,2024-12-25T07:00:00.000Z
manual,,,16.8,manual,1735095600000,ugEMvoNoVpz4OfGC3CCwNygBoaLCJ0$0$manual$manual$0,W3oFdOtKAwd4unIyvXuiyh5de91QGQ,2024-12-25T03:00:00.000Z
manual,,,16.5,manual,1735081200000,ugEMvoNoVpz4OfGC3CCwNygBoaLCJ0$0$manual$manual$0,q2hLqu7SH5eGzK9HiE6Mq0dGa9xd39,2024-12-24T23:00:00.000Z
manual,,,17.1,manual,1735066800000,ugEMvoNoVpz4OfGC3CCwNygBoaLCJ0$0$manual$manual$0,SxbSpBJCvu284iR5fX54uTWbtrpjAl,2024-12-24T19:00:00.000Z
manual,,,17.5,manual,1735051500000,ugEMvoNoVpz4OfGC3CCwNygBoaLCJ0$0$manual$manual$0,Kcr8Jex5jFAAQS5Ac06K8KCoN3Pz6W,2024-12-24T14:45:00.000Z
manual,,,17.6,manual,1735038000000,ugEMvoNoVpz4OfGC3CCwNygBoaLCJ0$0$manual$manual$0,F8ZR3Tm9AIqdRl4NOlDqhEPYCs5pCa,2024-12-24T11:00:00.000Z
manual,,,17.5,manual,1735023600000,ugEMvoNoVpz4OfGC3CCwNygBoaLCJ0$0$manual$manual$0,pNoadfQFshj4Yo5tB198UfUaj9fNVU,2024-12-24T07:00:00.000Z
manual,,,17.6,manual,1735009200000,ugEMvoNoVpz4OfGC3CCwNygBoaLCJ0$0$manual$manual$0,3nDkBNwde5Sdgza5I7rL3sZgD5rL0P,2024-12-24T03:00:00.000Z
manual,,,17.5,manual,1734994800000,ugEMvoNoVpz4OfGC3CCwNygBoaLCJ0$0$manual$manual$0,QkCQkmnOfrbyaqglmajUCb4ye7NwZ0,2024-12-23T23:00:00.000Z
manual,,,17.4,manual,1734980400000,ugEMvoNoVpz4OfGC3CCwNygBoaLCJ0$0$manual$manual$0,t61WoW9qRqHF8KdT36IB9cT1pMPENG,2024-12-23T19:00:00.000Z
manual,,,17.4,manual,1734966000000,ugEMvoNoVpz4OfGC3CCwNygBoaLCJ0$0$manual$manual$0,ikKuRkVmJG4trMatappFqIwwELJyYw,2024-12-23T15:00:00.000Z
manual,,,17.2,manual,1734951600000,ugEMvoNoVpz4OfGC3CCwNygBoaLCJ0$0$manual$manual$0,8OQZGHrhvMcMw1TjjoTjPF2DE6kiKL,2024-12-23T11:00:00.000Z
manual,,,17,manual,1734937200000,ugEMvoNoVpz4OfGC3CCwNygBoaLCJ0$0$manual$manual$0,ri7IBQe2YqXnCVYp4UY9aLJo87SIR3,2024-12-23T07:00:00.000Z
manual,,,16.8,manual,1734922800000,ugEMvoNoVpz4OfGC3CCwNygBoaLCJ0$0$manual$manual$0,GTmc9iQOQaJ0cUQUaNb7mbRLos7zng,2024-12-23T03:00:00.000Z
manual,,,16.6,manual,1734908400000,ugEMvoNoVpz4OfGC3CCwNygBoaLCJ0$0$manual$manual$0,Ocwkm5NgXj3fkbuGN2uwLOljUXLsd4,2024-12-22T23:00:00.000Z
manual,,,16.5,manual,1734894000000,ugEMvoNoVpz4OfGC3CCwNygBoaLCJ0$0$manual$manual$0,qndPvaP1ltv3OXMl0roUEKZAk52YUO,2024-12-22T19:00:00.000Z
manual,,,17,manual,1734879600000,ugEMvoNoVpz4OfGC3CCwNygBoaLCJ0$0$manual$manual$0,Pm1ozr6oSYEo53poSdKnJ3QAojXn4E,2024-12-22T15:00:00.000Z
manual,,,17.5,manual,1734865200000,ugEMvoNoVpz4OfGC3CCwNygBoaLCJ0$0$manual$manual$0,lvN2YcxKCq7uaYGtmyxCglgk9gjDeF,2024-12-22T11:00:00.000Z
manual,,,16.9,manual,1734850800000,ugEMvoNoVpz4OfGC3CCwNygBoaLCJ0$0$manual$manual$0,YMBi7WZ7Ml9JccFwCIjytqwboLDF7c,2024-12-22T07:00:00.000Z
manual,,,16.6,manual,1734836400000,ugEMvoNoVpz4OfGC3CCwNygBoaLCJ0$0$manual$manual$0,G9G5FFXPrRA9LF6xM8rWHV6pLbP9PB,2024-12-22T03:00:00.000Z
manual,,,17.6,manual,1734822000000,ugEMvoNoVpz4OfGC3CCwNygBoaLCJ0$0$manual$manual$0,dcFbPemAPx5s1ZLaARlPHuFplI84X0,2024-12-21T23:00:00.000Z
manual,,,17,manual,1734807600000,ugEMvoNoVpz4OfGC3CCwNygBoaLCJ0$0$manual$manual$0,YA13tMYY5EBs7kgHikDaFVUbtGLV4e,2024-12-21T19:00:00.000Z
manual,,,16.4,manual,1734793200000,ugEMvoNoVpz4OfGC3CCwNygBoaLCJ0$0$manual$manual$0,EwuEmVTSvZXFXozhnRazxcAd9cykj8,2024-12-21T15:00:00.000Z
manual,,,17.4,manual,1734778800000,ugEMvoNoVpz4OfGC3CCwNygBoaLCJ0$0$manual$manual$0,oFMJZWQ1BgrXsIqEfXQZWAyk93npVi,2024-12-21T11:00:00.000Z
manual,,,17.1,manual,1734764400000,ugEMvoNoVpz4OfGC3CCwNygBoaLCJ0$0$manual$manual$0,hkCkKTgzExQpUFy9XfdeCOOjK2Qu0G,2024-12-21T07:00:00.000Z
manual,,,16.7,manual,1734750000000,ugEMvoNoVpz4OfGC3CCwNygBoaLCJ0$0$manual$manual$0,USNmKZKOI3H3yUNVoENTerEJxGOmCr,2024-12-21T03:00:00.000Z
manual,,,17.4,manual,1734735600000,ugEMvoNoVpz4OfGC3CCwNygBoaLCJ0$0$manual$manual$0,2TX5bIetH77UQNTYdJgMl5Oqt5HfU4,2024-12-20T23:00:00.000Z
manual,,,16.8,manual,1734721200000,ugEMvoNoVpz4OfGC3CCwNygBoaLCJ0$0$manual$manual$0,YIlfubK3c8LVma3a8ri1X6nw6Au83B,2024-12-20T19:00:00.000Z
manual,,,16.5,manual,1734706800000,ugEMvoNoVpz4OfGC3CCwNygBoaLCJ0$0$manual$manual$0,rWNDm3A1mM6dp6jBMacNITjk6lEGFv,2024-12-20T15:00:00.000Z
manual,,,17.2,manual,1734692400000,ugEMvoNoVpz4OfGC3CCwNygBoaLCJ0$0$manual$manual$0,OTVIeR590fskPoK296L3XH9C3GhzFo,2024-12-20T11:00:00.000Z
manual,,,17.4,manual,1734678000000,ugEMvoNoVpz4OfGC3CCwNygBoaLCJ0$0$manual$manual$0,DNXoWchgoi4ryCCbTtvWhIFlTGOkUE,2024-12-20T07:00:00.000Z
manual,,,17.1,manual,1734663600000,ugEMvoNoVpz4OfGC3CCwNygBoaLCJ0$0$manual$manual$0,ONWd9Imzh0E1KRwgDsyv1xA248Jqr1,2024-12-20T03:00:00.000Z
manual,,,16.5,manual,1734649200000,ugEMvoNoVpz4OfGC3CCwNygBoaLCJ0$0$manual$manual$0,VaxEfttSrwSMSUjWbQgaH9fSBDnpiB,2024-12-19T23:00:00.000Z
manual,,,17,manual,1734634800000,ugEMvoNoVpz4OfGC3CCwNygBoaLCJ0$0$manual$manual$0,D5Lhhe7VfLbuN0UdwFsIIiYSIKC3Cw,2024-12-19T19:00:00.000Z
manual,,,17.5,manual,1734620400000,ugEMvoNoVpz4OfGC3CCwNygBoaLCJ0$0$manual$manual$0,n8zEcBQFPWbljcgBxsIOcBKVhGy6n6,2024-12-19T15:00:00.000Z
manual,,,16.8,manual,1734606000000,ugEMvoNoVpz4OfGC3CCwNygBoaLCJ0$0$manual$manual$0,sMukX8qvjPi9Uzg0ABbHuvBnvbbDPm,2024-12-19T11:00:00.000Z
manual,,,16.7,manual,1734591600000,ugEMvoNoVpz4OfGC3CCwNygBoaLCJ0$0$manual$manual$0,Ew15Ds9uIW9MUJvS2b8h2qMNE6bPIh,2024-12-19T07:00:00.000Z
manual,,,17.2,manual,1734577200000,ugEMvoNoVpz4OfGC3CCwNygBoaLCJ0$0$manual$manual$0,dU6n20RvE9gQGhTIwXeDUuL3jXn43W,2024-12-19T03:00:00.000Z
manual,,,17.5,manual,1734562800000,ugEMvoNoVpz4OfGC3CCwNygBoaLCJ0$0$manual$manual$0,Xdg9xwkr59wHw5IXlqRERhWCcyQcIC,2024-12-18T23:00:00.000Z
manual,,,16.7,manual,1734548400000,ugEMvoNoVpz4OfGC3CCwNygBoaLCJ0$0$manual$manual$0,kih78EZavaTJ7WZe5pJHgwPMDQgL8h,2024-12-18T19:00:00.000Z
manual,,,16.7,manual,1734534000000,ugEMvoNoVpz4OfGC3CCwNygBoaLCJ0$0$manual$manual$0,YfUq1yxowZzGx1wgXkBWLgoiyaUIfM,2024-12-18T15:00:00.000Z
manual,,,17.5,manual,1734519600000,ugEMvoNoVpz4OfGC3CCwNygBoaLCJ0$0$manual$manual$0,KyINbPAaHL5j8uUQ14im521Ah0wNmv,2024-12-18T11:00:00.000Z
manual,,,16.5,manual,1734505200000,ugEMvoNoVpz4OfGC3CCwNygBoaLCJ0$0$manual$manual$0,9IVjwrpu5sWvx8gWvEmSDmacxq9oK3,2024-12-18T07:00:00.000Z
manual,,,17.1,manual,1734490800000,ugEMvoNoVpz4OfGC3CCwNygBoaLCJ0$0$manual$manual$0,M6PFKur8M6ydHSbVjPlGsP0k69fOEu,2024-12-18T03:00:00.000Z
manual,,,17.4,manual,1734476400000,ugEMvoNoVpz4OfGC3CCwNygBoaLCJ0$0$manual$manual$0,N4qwb06hRcGYvBIWQ3rG3SlzAXf2FH,2024-12-17T23:00:00.000Z
manual,,,16.7,manual,1734461100000,ugEMvoNoVpz4OfGC3CCwNygBoaLCJ0$0$manual$manual$0,diy6EIn0Y5Kw4fUAivHZHkIIXj7QjF,2024-12-17T18:45:00.000Z
manual,,,17.1,manual,1734447600000,ugEMvoNoVpz4OfGC3CCwNygBoaLCJ0$0$manual$manual$0,mM6VvG5bThaihhmCYuK34OzkOJpPfA,2024-12-17T15:00:00.000Z
manual,,,17.2,manual,1734433200000,ugEMvoNoVpz4OfGC3CCwNygBoaLCJ0$0$manual$manual$0,AwQGJqyd3FDcHTb5h5fMP3aZsGaDTT,2024-12-17T11:00:00.000Z
manual,,,16.5,manual,1734418800000,ugEMvoNoVpz4OfGC3CCwNygBoaLCJ0$0$manual$manual$0,YXYoS5GXjIVKGhcr1ZmSx8MQ1XcTiE,2024-12-17T07:00:00.000Z
manual,,,17,manual,1734404400000,ugEMvoNoVpz4OfGC3CCwNygBoaLCJ0$0$manual$manual$0,sBNIhxnLvOrVz2uOYeOtSz14RYOXNz,2024-12-17T03:00:00.000Z
manual,,,17.5,manual,1734390000000,ugEMvoNoVpz4OfGC3CCwNygBoaLCJ0$0$manual$manual$0,G67C8GCN9qVXGU8rJXibZ1MprxNce6,2024-12-16T23:00:00.000Z
manual,,,16.8,manual,1734375600000,ugEMvoNoVpz4OfGC3CCwNygBoaLCJ0$0$manual$manual$0,q0ZQqQGEDCTbRAkF5yRZZFrNPEuwDV,2024-12-16T19:00:00.000Z
manual,,,16.7,manual,1734361200000,ugEMvoNoVpz4OfGC3CCwNygBoaLCJ0$0$manual$manual$0,SrwQFmWVbptHiXIjpkILku1w3Mo3wN,2024-12-16T15:00:00.000Z
manual,,,17.1,manual,1734346800000,ugEMvoNoVpz4OfGC3CCwNygBoaLCJ0$0$manual$manual$0,NEpQfRB3bydMz9toDPiQ4rDymYQDCk,2024-12-16T11:00:00.000Z
manual,,,17.5,manual,1734332400000,ugEMvoNoVpz4OfGC3CCwNygBoaLCJ0$0$manual$manual$0,JG2zfiNYaEMf7anwBpxsUBbfyN5Jgg,2024-12-16T07:00:00.000Z
manual,,,17.3,manual,1734318000000,ugEMvoNoVpz4OfGC3CCwNygBoaLCJ0$0$manual$manual$0,asAAQ64500ecKIjzoWwnC0mMtOZ8RH,2024-12-16T03:00:00.000Z
manual,,,16.9,manual,1734303600000,ugEMvoNoVpz4OfGC3CCwNygBoaLCJ0$0$manual$manual$0,0AvUbmgTdrwYMbVyXzzoat31iSakwn,2024-12-15T23:00:00.000Z
manual,,,16.8,manual,1734289200000,ugEMvoNoVpz4OfGC3CCwNygBoaLCJ0$0$manual$manual$0,otuvL6ItXLLzHFlLSor8ZI7YCapVbp,2024-12-15T19:00:00.000Z
manual,,,13.2,manual,1734274800000,ugEMvoNoVpz4OfGC3CCwNygBoaLCJ0$0$manual$manual$0,sTbBOXyJnfmxYkBgy4YIpac4ThN27D,2024-12-15T15:00:00.000Z
manual,,,17.3,manual,1734260400000,ugEMvoNoVpz4OfGC3CCwNygBoaLCJ0$0$manual$manual$0,cxO03pKSO726dqeTWi5ATR7tiHERpA,2024-12-15T11:00:00.000Z
manual,,,16.9,manual,1734246000000,ugEMvoNoVpz4OfGC3CCwNygBoaLCJ0$0$manual$manual$0,pVRn9g7exxnAgAHmnzG4spAlyollNY,2024-12-15T07:00:00.000Z
manual,,,16.5,manual,1734231600000,ugEMvoNoVpz4OfGC3CCwNygBoaLCJ0$0$manual$manual$0,DlcB3nSMm8YtIWIEVdQNSdaQRDqQlQ,2024-12-15T03:00:00.000Z
manual,,,17.1,manual,1734226200000,ugEMvoNoVpz4OfGC3CCwNygBoaLCJ0$0$manual$manual$0,F4blbrpMgVX2KMbh4tuYqKtvXJ25Ta,2024-12-15T01:30:00.000Z
manual,,,16.5,manual,1734202800000,ugEMvoNoVpz4OfGC3CCwNygBoaLCJ0$0$manual$manual$0,zpNJFeBFXrlkynNdGuy5Y4EHqyVHBm,2024-12-14T19:00:00.000Z
manual,,,16.8,manual,1734188400000,ugEMvoNoVpz4OfGC3CCwNygBoaLCJ0$0$manual$manual$0,2qwbT3wiCZWVinQKllYiyWslQqzXO0,2024-12-14T15:00:00.000Z
manual,,,16.9,manual,1734174000000,ugEMvoNoVpz4OfGC3CCwNygBoaLCJ0$0$manual$manual$0,8aFByEu74DvYc6tcHVM7SDGtJxIAMp,2024-12-14T11:00:00.000Z
manual,,,17.4,manual,1734159600000,ugEMvoNoVpz4OfGC3CCwNygBoaLCJ0$0$manual$manual$0,bIgPJBydjLJNdn5cYStQUmkGfFtRP9,2024-12-14T07:00:00.000Z
manual,,,17.5,manual,1734145200000,ugEMvoNoVpz4OfGC3CCwNygBoaLCJ0$0$manual$manual$0,lNw4fpJ3gJ4YbOca2h6zX2qHJk4tUO,2024-12-14T03:00:00.000Z
manual,,,17.3,manual,1734130800000,ugEMvoNoVpz4OfGC3CCwNygBoaLCJ0$0$manual$manual$0,hXA7GG1TUbOMH1fgZ4KUfYo2Q26JCi,2024-12-13T23:00:00.000Z
manual,,,19.9,manual,1734116400000,ugEMvoNoVpz4OfGC3CCwNygBoaLCJ0$0$manual$manual$0,0MEoQvtpv4PahMtRggpvq7YtKZ1yXc,2024-12-13T19:00:00.000Z
manual,1.013,,15.3,manual,1734106440000,ugEMvoNoVpz4OfGC3CCwNygBoaLCJ0$0$manual$manual$0,xUyfei6PXmj3wqaww1Weapuvr5ldqO,2024-12-13T16:14:00.000Z,0.145038,4.1
manual,,,20,manual,1734102000000,ugEMvoNoVpz4OfGC3CCwNygBoaLCJ0$0$manual$manual$0,Dg9vYBNPD8mGguERCmR9Jvtm8g7OVN,2024-12-13T15:00:00.000Z,,
manual,,,20,manual,1734087600000,ugEMvoNoVpz4OfGC3CCwNygBoaLCJ0$0$manual$manual$0,mTCgVQdL27FPScZuGqt0JZ602usnaT,2024-12-13T11:00:00.000Z,,
manual,,,20.3,manual,1734073200000,ugEMvoNoVpz4OfGC3CCwNygBoaLCJ0$0$manual$manual$0,zMJIPxreHoKipkGbokHDLYCipuO7Yq,2024-12-13T07:00:00.000Z,,
manual,,,20.9,manual,1734058800000,ugEMvoNoVpz4OfGC3CCwNygBoaLCJ0$0$manual$manual$0,qqBfHpvH6Uf9phGP2RXalH5aXsOtjO,2024-12-13T03:00:00.000Z,,
manual,,,20.9,manual,1734044400000,ugEMvoNoVpz4OfGC3CCwNygBoaLCJ0$0$manual$manual$0,AmPPL0F4YimUSvYcMJkE2yuf159MuY,2024-12-12T23:00:00.000Z,,
manual,,,21,manual,1734030000000,ugEMvoNoVpz4OfGC3CCwNygBoaLCJ0$0$manual$manual$0,GyVYDo7C0ZXn49HtwYwvrUlEhKCQwi,2024-12-12T19:00:00.000Z,,
manual,,,21,manual,1734015600000,ugEMvoNoVpz4OfGC3CCwNygBoaLCJ0$0$manual$manual$0,876E4NwFJJlbgAi72Dn61F2e508qgN,2024-12-12T15:00:00.000Z,,
manual,,,20.7,manual,1734001200000,ugEMvoNoVpz4OfGC3CCwNygBoaLCJ0$0$manual$manual$0,90klaE7GneoSkULAudrZzz4DbUJmZK,2024-12-12T11:00:00.000Z,,
manual,,,20.3,manual,1733986800000,ugEMvoNoVpz4OfGC3CCwNygBoaLCJ0$0$manual$manual$0,0BHTpxjSrP3dJIaqAiQthfneGGBPMU,2024-12-12T07:00:00.000Z,,
manual,,,20.1,manual,1733972400000,ugEMvoNoVpz4OfGC3CCwNygBoaLCJ0$0$manual$manual$0,lKudA3MmEbSYHJzWYpQ7FQE7YkKi7l,2024-12-12T03:00:00.000Z,,
manual,,,20,manual,1733958000000,ugEMvoNoVpz4OfGC3CCwNygBoaLCJ0$0$manual$manual$0,TuN02VUDkwe0ut9AtCIP1Df3NlaWje,2024-12-11T23:00:00.000Z,,
manual,,,20,manual,1733943600000,ugEMvoNoVpz4OfGC3CCwNygBoaLCJ0$0$manual$manual$0,6Eur9IRcXynnh0JEDqj4f9dDs7dy0I,2024-12-11T19:00:00.000Z,0.145038,
manual,,,20,manual,1733929200000,ugEMvoNoVpz4OfGC3CCwNygBoaLCJ0$0$manual$manual$0,XCH3mpXvTo9JdLjbqxbeDMfhBckgou,2024-12-11T15:00:00.000Z,,
manual,,,20.2,manual,1733914800000,ugEMvoNoVpz4OfGC3CCwNygBoaLCJ0$0$manual$manual$0,rSScKcKowrCJwtsEZrY1uWjFD4kj4c,2024-12-11T11:00:00.000Z,,
manual,,,20.4,manual,1733900400000,ugEMvoNoVpz4OfGC3CCwNygBoaLCJ0$0$manual$manual$0,yzzeR6lbaihT4aaLaRC9GZMS8deHhw,2024-12-11T07:00:00.000Z,,
manual,,,20.8,manual,1733886000000,ugEMvoNoVpz4OfGC3CCwNygBoaLCJ0$0$manual$manual$0,94EdytEazOmPs1strPYGoAd8TcvWCt,2024-12-11T03:00:00.000Z,,
manual,,,21,manual,1733871600000,ugEMvoNoVpz4OfGC3CCwNygBoaLCJ0$0$manual$manual$0,cJgWqjlCefp27E2YLgHk2rUYzLYrBc,2024-12-10T23:00:00.000Z,,
manual,,,21.1,manual,1733857200000,ugEMvoNoVpz4OfGC3CCwNygBoaLCJ0$0$manual$manual$0,4lmid0IwSeCr0fE8hq2I4j88Ov73kJ,2024-12-10T19:00:00.000Z,0.145038,
manual,,,21.1,manual,1733842800000,ugEMvoNoVpz4OfGC3CCwNygBoaLCJ0$0$manual$manual$0,6cOpBOiQeo3G9ZQqS8Ss7fjwiOJkgc,2024-12-10T15:00:00.000Z,,
manual,,,20.9,manual,1733828400000,ugEMvoNoVpz4OfGC3CCwNygBoaLCJ0$0$manual$manual$0,PiONRYXIKjXdbvv1ovisOWyVdCmKU5,2024-12-10T11:00:00.000Z,,
manual,,,20.4,manual,1733814000000,ugEMvoNoVpz4OfGC3CCwNygBoaLCJ0$0$manual$manual$0,5JeOesVExk8yA9fsRBAEs2hSIzxX0v,2024-12-10T07:00:00.000Z,,
manual,,,20.1,manual,1733799600000,ugEMvoNoVpz4OfGC3CCwNygBoaLCJ0$0$manual$manual$0,oBvLdmwDBrmCmTqIdaaQF1mtIlmLVJ,2024-12-10T03:00:00.000Z,,
manual,,,20,manual,1733785200000,ugEMvoNoVpz4OfGC3CCwNygBoaLCJ0$0$manual$manual$0,Ei0rS0Ojo9D3mzteZu2H0p6ap1UISm,2024-12-09T23:00:00.000Z,,
manual,,,20,manual,1733770800000,ugEMvoNoVpz4OfGC3CCwNygBoaLCJ0$0$manual$manual$0,XqfGlcfZdIHUwW6S2SLVkMu770xK9d,2024-12-09T19:00:00.000Z,0.145038,
manual,,,20,manual,1733756400000,ugEMvoNoVpz4OfGC3CCwNygBoaLCJ0$0$manual$manual$0,m6el3OgaAHMhD45G42WhKf1ElVtGhP,2024-12-09T15:00:00.000Z,0.145038,
manual,,,20.2,manual,1733742000000,ugEMvoNoVpz4OfGC3CCwNygBoaLCJ0$0$manual$manual$0,3xfPhOJXK2B0vY1BLOQtCY4131cBre,2024-12-09T11:00:00.000Z,,
manual,,,20.2,manual,1733727600000,ugEMvoNoVpz4OfGC3CCwNygBoaLCJ0$0$manual$manual$0,s9zX6rt9bTjZB3IbOh0yWula9lOJS5,2024-12-09T07:00:00.000Z,0.145038,
manual,,,20.5,manual,1733713200000,ugEMvoNoVpz4OfGC3CCwNygBoaLCJ0$0$manual$manual$0,CkngM6Dl5HRyLgJoyKQbsTbIkaUvyW,2024-12-09T03:00:00.000Z,,
manual,,,20.7,manual,1733698800000,ugEMvoNoVpz4OfGC3CCwNygBoaLCJ0$0$manual$manual$0,vILcrIbdGoOFkwFg4UWVxffCxcuqe9,2024-12-08T23:00:00.000Z,,
manual,,,21,manual,1733684400000,ugEMvoNoVpz4OfGC3CCwNygBoaLCJ0$0$manual$manual$0,qRWFTyjPcW4gXwMwIMXNKtrP921NVd,2024-12-08T19:00:00.000Z,,
manual,,,20.7,manual,1733670000000,ugEMvoNoVpz4OfGC3CCwNygBoaLCJ0$0$manual$manual$0,p7xjz0owaTGsBkACxVVfblvkLe9Cft,2024-12-08T15:00:00.000Z,0.145038,
manual,,,20.5,manual,1733655600000,ugEMvoNoVpz4OfGC3CCwNygBoaLCJ0$0$manual$manual$0,XgbOBRgCWK7FL5kqmckDV3HTCYI9nW,2024-12-08T11:00:00.000Z,0.145038,
manual,,,20.4,manual,1733641200000,ugEMvoNoVpz4OfGC3CCwNygBoaLCJ0$0$manual$manual$0,isMmOcOx7oR6GDV5d4fp66bEM6GAsF,2024-12-08T07:00:00.000Z,0.145038,
manual,,,20.1,manual,1733626800000,ugEMvoNoVpz4OfGC3CCwNygBoaLCJ0$0$manual$manual$0,64GhsyKewmAnhW2YON1vYTrtTHr97E,2024-12-08T03:00:00.000Z,,
manual,,,20,manual,1733612400000,ugEMvoNoVpz4OfGC3CCwNygBoaLCJ0$0$manual$manual$0,k00QDhWZC5gFiexW4jnXMqoLUFledN,2024-12-07T23:00:00.000Z,,
manual,,,20.1,manual,1733598000000,ugEMvoNoVpz4OfGC3CCwNygBoaLCJ0$0$manual$manual$0,m8DeDayYg9QBeQTuPad8ZUpBmLxe2J,2024-12-07T19:00:00.000Z,0.145038,
manual,,,20.5,manual,1733583600000,ugEMvoNoVpz4OfGC3CCwNygBoaLCJ0$0$manual$manual$0,APCh1pjeWsFwUdqb7L045WD2No87NP,2024-12-07T15:00:00.000Z,0.145038,
manual,,,20.8,manual,1733569200000,ugEMvoNoVpz4OfGC3CCwNygBoaLCJ0$0$manual$manual$0,8iEWoWqeCra5FEk3Y8GMASNpNveTgS,2024-12-07T11:00:00.000Z,,
manual,,,21,manual,1733554800000,ugEMvoNoVpz4OfGC3CCwNygBoaLCJ0$0$manual$manual$0,0LDuQ1pas39cD6ODA6GomOJj4gnO2d,2024-12-07T07:00:00.000Z,,
manual,,,21,manual,1733540400000,ugEMvoNoVpz4OfGC3CCwNygBoaLCJ0$0$manual$manual$0,7MQO7GdbsgudgScPaDs9LUlzrlWpog,2024-12-07T03:00:00.000Z,,
manual,,,21,manual,1733529600000,ugEMvoNoVpz4OfGC3CCwNygBoaLCJ0$0$manual$manual$0,IiU9jw3jB3TradKKkVRlBvDAplEMzC,2024-12-07T00:00:00.000Z,,
manual,,,19.8,manual,1733511600000,ugEMvoNoVpz4OfGC3CCwNygBoaLCJ0$0$manual$manual$0,ahuT7GE21nrb2bbrXkGgDDQgjcgS00,2024-12-06T19:00:00.000Z,0.145038,
manual,,,17.5,manual,1733497200000,ugEMvoNoVpz4OfGC3CCwNygBoaLCJ0$0$manual$manual$0,Rw7bUPEyh62KwcUMP5VZcTyHoDO7Eb,2024-12-06T15:00:00.000Z,0.145038,
manual,,,17.1,manual,1733482800000,ugEMvoNoVpz4OfGC3CCwNygBoaLCJ0$0$manual$manual$0,a3EDgCNymI3mZM49aPjvdFxq7Tw6o4,2024-12-06T11:00:00.000Z,0.145038,
manual,,,17.5,manual,1733469300000,ugEMvoNoVpz4OfGC3CCwNygBoaLCJ0$0$manual$manual$0,OIyIfSBeWdqGKo3WOQTOrJEuqU0lr7,2024-12-06T07:15:00.000Z,,
manual,,,16.9,manual,1733454000000,ugEMvoNoVpz4OfGC3CCwNygBoaLCJ0$0$manual$manual$0,jfVhMrYwvcsxDTOoiKbz1Vp0sIwfHL,2024-12-06T03:00:00.000Z,,
manual,,,17.1,manual,1733439600000,ugEMvoNoVpz4OfGC3CCwNygBoaLCJ0$0$manual$manual$0,xcCrWD6lNNFoFysVLthowrhWCCQClS,2024-12-05T23:00:00.000Z,,
manual,,,16.9,manual,1733425200000,ugEMvoNoVpz4OfGC3CCwNygBoaLCJ0$0$manual$manual$0,13cknd4bxlVM3eAJotQ3Sa3UAcw9hs,2024-12-05T19:00:00.000Z,0.145038,
manual,,,16.9,manual,1733410800000,ugEMvoNoVpz4OfGC3CCwNygBoaLCJ0$0$manual$manual$0,Z9gUoMqxW4pugMXksViFTb1pNKVxSS,2024-12-05T15:00:00.000Z,0.145038,
manual,,,16.7,manual,1733396400000,ugEMvoNoVpz4OfGC3CCwNygBoaLCJ0$0$manual$manual$0,CPmhDwzJmt6xPHdSgWSZjsokRVFCJ0,2024-12-05T11:00:00.000Z,,
manual,,,16.5,manual,1733382000000,ugEMvoNoVpz4OfGC3CCwNygBoaLCJ0$0$manual$manual$0,Ry2gNMIbwcD7acfClEGQ849rWlnuYf,2024-12-05T07:00:00.000Z,0.145038,
manual,,,16.5,manual,1733367600000,ugEMvoNoVpz4OfGC3CCwNygBoaLCJ0$0$manual$manual$0,3hCSrDilWFfyppBjqFtfrvcD6QxPea,2024-12-05T03:00:00.000Z,,
manual,,,16.7,manual,1733352300000,ugEMvoNoVpz4OfGC3CCwNygBoaLCJ0$0$manual$manual$0,iZHqhZWQdpnwmuADxS1a3a47ZhQO0O,2024-12-04T22:45:00.000Z,,
manual,,,16.4,manual,1733338800000,ugEMvoNoVpz4OfGC3CCwNygBoaLCJ0$0$manual$manual$0,SIU3dGjiUf7XcTZCRPvvWFmUZkQxo8,2024-12-04T19:00:00.000Z,0.145038,
manual,,,17,manual,1733324400000,ugEMvoNoVpz4OfGC3CCwNygBoaLCJ0$0$manual$manual$0,FpsjqemYMVuJ59C6uPfuTlHykbjzYu,2024-12-04T15:00:00.000Z,,
manual,,,17.1,manual,1733310000000,ugEMvoNoVpz4OfGC3CCwNygBoaLCJ0$0$manual$manual$0,e9djlM0J09Qdrfj5OOXKtZMpszTgRb,2024-12-04T11:00:00.000Z,,
manual,,,17.2,manual,1733295600000,ugEMvoNoVpz4OfGC3CCwNygBoaLCJ0$0$manual$manual$0,aLtqZQIZOaXv7Uiu4W44qvvuAE4Kc5,2024-12-04T07:00:00.000Z,0.145038,
manual,,,17.5,manual,1733280300000,ugEMvoNoVpz4OfGC3CCwNygBoaLCJ0$0$manual$manual$0,HrTtHOyPQz2wyl5PVMFlrfsMoSKMy9,2024-12-04T02:45:00.000Z,,
manual,,,17.5,manual,1733266800000,ugEMvoNoVpz4OfGC3CCwNygBoaLCJ0$0$manual$manual$0,AqjiuV19S9H5WkA0MPBDnyZcNAi5Jh,2024-12-03T23:00:00.000Z,,
manual,,,17.5,manual,1733252400000,ugEMvoNoVpz4OfGC3CCwNygBoaLCJ0$0$manual$manual$0,mRejRqoJ4w3I7tAwFq1vidmCkhbwEc,2024-12-03T19:00:00.000Z,0.145038,
manual,,,17.5,manual,1733238000000,ugEMvoNoVpz4OfGC3CCwNygBoaLCJ0$0$manual$manual$0,O4nY4aE2aKG1z1NwsM8H6c9oEuG6Py,2024-12-03T15:00:00.000Z,,
manual,,,17.5,manual,1733223600000,ugEMvoNoVpz4OfGC3CCwNygBoaLCJ0$0$manual$manual$0,5yyk27RRJDvXwLdu3gq6c5KKVHr7tu,2024-12-03T11:00:00.000Z,,
manual,,,17.7,manual,1733209200000,ugEMvoNoVpz4OfGC3CCwNygBoaLCJ0$0$manual$manual$0,tOzTyjKVmUGOqedrmleBdFZMwJruxw,2024-12-03T07:00:00.000Z,,
manual,,,17.5,manual,1733194800000,ugEMvoNoVpz4OfGC3CCwNygBoaLCJ0$0$manual$manual$0,DiLcwyAoOqa59afz7fSmW2KN1VkUx8,2024-12-03T03:00:00.000Z,,
manual,,,17.5,manual,1733180400000,ugEMvoNoVpz4OfGC3CCwNygBoaLCJ0$0$manual$manual$0,gctfgYgu3vLczaMPvLRHTodaGJUxN5,2024-12-02T23:00:00.000Z,,
manual,,,17.5,manual,1733166000000,ugEMvoNoVpz4OfGC3CCwNygBoaLCJ0$0$manual$manual$0,Kzkh9B1kDMJWtFkrKoRiBnsHzM49gD,2024-12-02T19:00:00.000Z,0.145038,
manual,,,17.5,manual,1733151600000,ugEMvoNoVpz4OfGC3CCwNygBoaLCJ0$0$manual$manual$0,SiamOx5VjbXJDRgZtnN46q0qRLajmK,2024-12-02T15:00:00.000Z,0.145038,
manual,,,17.4,manual,1733137200000,ugEMvoNoVpz4OfGC3CCwNygBoaLCJ0$0$manual$manual$0,fKT5KECPw0qNbHI6jinToRQUbUyMJO,2024-12-02T11:00:00.000Z,0.145038,
manual,,,17.5,manual,1733122800000,ugEMvoNoVpz4OfGC3CCwNygBoaLCJ0$0$manual$manual$0,MHXDyYtBVf63pnpIWZvaVZECoXWTQd,2024-12-02T07:00:00.000Z,0.145038,
manual,,,17.5,manual,1733108400000,ugEMvoNoVpz4OfGC3CCwNygBoaLCJ0$0$manual$manual$0,wwv3LQTnSS5wl9fBXsxSGuaDpp33V7,2024-12-02T03:00:00.000Z,,
manual,,,17.3,manual,1733094000000,ugEMvoNoVpz4OfGC3CCwNygBoaLCJ0$0$manual$manual$0,ML0Rll5cav4LHgnjYtdS75UAXkk7cx,2024-12-01T23:00:00.000Z,,
manual,,,17,manual,1733079600000,ugEMvoNoVpz4OfGC3CCwNygBoaLCJ0$0$manual$manual$0,d7UR4zC5rqCuJLiHK2wg0e56IxpoRA,2024-12-01T19:00:00.000Z,0.145038,
manual,,,16.5,manual,1733065200000,ugEMvoNoVpz4OfGC3CCwNygBoaLCJ0$0$manual$manual$0,QUpEzpn56OmgvcAplsby1DfLhkwhRK,2024-12-01T15:00:00.000Z,0.145038,
manual,,,16.8,manual,1733050800000,ugEMvoNoVpz4OfGC3CCwNygBoaLCJ0$0$manual$manual$0,zRNOj79ATEHBsVyCbWR8OOWtHmdbKL,2024-12-01T11:00:00.000Z,0.145038,
manual,,,17,manual,1733036400000,ugEMvoNoVpz4OfGC3CCwNygBoaLCJ0$0$manual$manual$0,SFXqH5eRF2JZLVcevoieJWuVCByaRR,2024-12-01T07:00:00.000Z,0.145038,
manual,,,17.4,manual,1733022000000,ugEMvoNoVpz4OfGC3CCwNygBoaLCJ0$0$manual$manual$0,KFkYDDvb82fkEyOzX5oBBB0Pg0uJtB,2024-12-01T03:00:00.000Z,,
manual,,,17.5,manual,1733007600000,ugEMvoNoVpz4OfGC3CCwNygBoaLCJ0$0$manual$manual$0,TtsDt25d0UF9dv6CR3zFCfgyLLxIW7,2024-11-30T23:00:00.000Z,,
manual,,,17,manual,1732993200000,ugEMvoNoVpz4OfGC3CCwNygBoaLCJ0$0$manual$manual$0,IEW1VDTTKsxgjEqkZ9oVSydOQhVIJd,2024-11-30T19:00:00.000Z,0.145038,
manual,,,17.4,manual,1732978800000,ugEMvoNoVpz4OfGC3CCwNygBoaLCJ0$0$manual$manual$0,iiweavYZTSjbG555WP3gvtHs0mr0J6,2024-11-30T15:00:00.000Z,0.145038,
manual,,,16.8,manual,1732964400000,ugEMvoNoVpz4OfGC3CCwNygBoaLCJ0$0$manual$manual$0,OFInjtxp8tbJCg205HDBaeoAeClPu2,2024-11-30T11:00:00.000Z,0.145038,
manual,,,17.1,manual,1732950000000,ugEMvoNoVpz4OfGC3CCwNygBoaLCJ0$0$manual$manual$0,lSVde213TYsx1ssLZ5CZX9XV5lwCtG,2024-11-30T07:00:00.000Z,0.145038,
manual,,,17.4,manual,1732935600000,ugEMvoNoVpz4OfGC3CCwNygBoaLCJ0$0$manual$manual$0,ausfk6Y42XVD8ansGh4kULxLcwhbgR,2024-11-30T03:00:00.000Z,,
manual,,,17.5,manual,1732921200000,ugEMvoNoVpz4OfGC3CCwNygBoaLCJ0$0$manual$manual$0,bi53jzmVFhkME5y229gPgcEUOQaYiA,2024-11-29T23:00:00.000Z,,
manual,,,17.5,manual,1732906800000,ugEMvoNoVpz4OfGC3CCwNygBoaLCJ0$0$manual$manual$0,vXT7KjfupNjJkFi4mVeEssjPob7GeO,2024-11-29T19:00:00.000Z,0.145038,
manual,,,17.5,manual,1732892400000,ugEMvoNoVpz4OfGC3CCwNygBoaLCJ0$0$manual$manual$0,P62m29kbNwipfwbN3bLAc37lfmjCtt,2024-11-29T15:00:00.000Z,0.145038,
manual,,,17.5,manual,1732878000000,ugEMvoNoVpz4OfGC3CCwNygBoaLCJ0$0$manual$manual$0,FgmHvi6SYH97a1k2Q3hGD4jnsKtY5Z,2024-11-29T11:00:00.000Z,0.145038,
manual,,,17.5,manual,1732863600000,ugEMvoNoVpz4OfGC3CCwNygBoaLCJ0$0$manual$manual$0,5aZbii5JtHQ7nQ2IwJtzn1VSSRCeI3,2024-11-29T07:00:00.000Z,0.145038,
manual,,,17.6,manual,1732849200000,ugEMvoNoVpz4OfGC3CCwNygBoaLCJ0$0$manual$manual$0,2gYe03LLYAlvgyd57DnAG8ZabxOT7i,2024-11-29T03:00:00.000Z,,
manual,,,17.5,manual,1732834800000,ugEMvoNoVpz4OfGC3CCwNygBoaLCJ0$0$manual$manual$0,0jZKZL2NXHZYrB050k9sSzLdOKBkSa,2024-11-28T23:00:00.000Z,,
manual,,,17.3,manual,1732820400000,ugEMvoNoVpz4OfGC3CCwNygBoaLCJ0$0$manual$manual$0,TPTiD0l7DtEjR4niWc1gq07559M555,2024-11-28T19:00:00.000Z,0.145038,
manual,,,17.1,manual,1732806000000,ugEMvoNoVpz4OfGC3CCwNygBoaLCJ0$0$manual$manual$0,m7MUMZoOnZrskJalyvSvaOFSOP1dL0,2024-11-28T15:00:00.000Z,0.145038,
manual,,shake.,16.7,manual,1732791600000,ugEMvoNoVpz4OfGC3CCwNygBoaLCJ0$0$manual$manual$0,V1Xnb88Pca7n394W2sTlBY43OHITWa,2024-11-28T11:00:00.000Z,0.145038,
manual,,,16.5,manual,1732777200000,ugEMvoNoVpz4OfGC3CCwNygBoaLCJ0$0$manual$manual$0,XYBGmDDrE7iBjBCXgVbNaMMDyXH6PK,2024-11-28T07:00:00.000Z,0.145038,
manual,,,17.5,manual,1732762800000,ugEMvoNoVpz4OfGC3CCwNygBoaLCJ0$0$manual$manual$0,ZN2f7OoS7uWps2DTbTN9iKwao5VRvW,2024-11-28T03:00:00.000Z,,
manual,,,17.5,manual,1732748400000,ugEMvoNoVpz4OfGC3CCwNygBoaLCJ0$0$manual$manual$0,0s9ape6mG3nPCmaT33ix2NZCkwAHZB,2024-11-27T23:00:00.000Z,,
manual,,,17,manual,1732734000000,ugEMvoNoVpz4OfGC3CCwNygBoaLCJ0$0$manual$manual$0,6KQQ6dztAdVLJ5tcp0fujFiWf9Ho4X,2024-11-27T19:00:00.000Z,0.145038,
manual,,,16.5,manual,1732719600000,ugEMvoNoVpz4OfGC3CCwNygBoaLCJ0$0$manual$manual$0,d079pO718en6LBSmhIS4wouDI7zvjd,2024-11-27T15:00:00.000Z,0.145038,
manual,,shake.,17.1,manual,1732705200000,ugEMvoNoVpz4OfGC3CCwNygBoaLCJ0$0$manual$manual$0,tVkWlghxZHZ41wf0LF03qGPSCcV7t7,2024-11-27T11:00:00.000Z,0.145038,
manual,,,17.5,manual,1732690800000,ugEMvoNoVpz4OfGC3CCwNygBoaLCJ0$0$manual$manual$0,vYlVAZ2o1lsly9b3gFJvX3vSwrUnH0,2024-11-27T07:00:00.000Z,0.145038,
manual,,,17.5,manual,1732676400000,ugEMvoNoVpz4OfGC3CCwNygBoaLCJ0$0$manual$manual$0,UlKedXmhPStzCOqEAcbSnd2mvXUNiN,2024-11-27T03:00:00.000Z,,
manual,,,17.5,manual,1732662000000,ugEMvoNoVpz4OfGC3CCwNygBoaLCJ0$0$manual$manual$0,ZTXGU9P8RX475TDL5kQmNetW6YDqP0,2024-11-26T23:00:00.000Z,,
manual,,,17.1,manual,1732647600000,ugEMvoNoVpz4OfGC3CCwNygBoaLCJ0$0$manual$manual$0,1ng7ns3dbnXESiJrQq0hHThfiixNvq,2024-11-26T19:00:00.000Z,0.145038,
manual,,,16.1,manual,1732633200000,ugEMvoNoVpz4OfGC3CCwNygBoaLCJ0$0$manual$manual$0,Jbeb5c2jxoQTkTYfW0fDh9h095AYSH,2024-11-26T15:00:00.000Z,0.145038,
manual,,,17,manual,1732618800000,ugEMvoNoVpz4OfGC3CCwNygBoaLCJ0$0$manual$manual$0,n7Kdh6KK6mCYKYfWLk0uGR2X55kI1N,2024-11-26T11:00:00.000Z,0.145038,
manual,1.071,,13.9,manual,1732608840000,ugEMvoNoVpz4OfGC3CCwNygBoaLCJ0$0$manual$manual$0,ehXlWpLfgSAmrQy1u8IRsBqR2viaWl,2024-11-26T08:14:00.000Z,0.145038,5.07