id,time,sg,type,temp,comment,__acc_reading_doc_id,__acc_reading_data_id,timepoint,ph,pressure
manual,1645898400000,,manual,16.8,,TjtwdVQupuNBdoluPdPMKXCyuffTpq$0$manual$manual$0,zBakRTzf0RYMt1q3IUAs4bAdqAcQ61,2022-02-26T18:00:00.000Z
manual,1645887600000,,manual,16.8,,TjtwdVQupuNBdoluPdPMKXCyuffTpq$0$manual$manual$0,BO1GJffZXNICteVNJWBoqH3ljuXUiw,2022-02-26T15:00:00.000Z
manual,1645873200000,,manual,17,,TjtwdVQupuNBdoluPdPMKXCyuffTpq$0$manual$manual$0,pXKPKhaY1OLe8zicPQNCmN2z8Nr1Bz,2022-02-26T11:00:00.000Z
manual,1645858800000,,manual,16.4,,TjtwdVQupuNBdoluPdPMKXCyuffTpq$0$manual$manual$0,GkQrLzkvytBgcHyrB2g4xhhwk78QkJ,2022-02-26T07:00:00.000Z
manual,1645844400000,,manual,17.4,,TjtwdVQupuNBdoluPdPMKXCyuffTpq$0$manual$manual$0,Jj1vclsoRupVECta5slJ6g90zvGXjx,2022-02-26T03:00:00.000Z
manual,1645830000000,,manual,16.5,,TjtwdVQupuNBdoluPdPMKXCyuffTpq$0$manual$manual$0,otWpp5LM4lDXMxDarq9i83PZzcqvVZ,2022-02-25T23:00:00.000Z
manual,1645815600000,,manual,17.4,,TjtwdVQupuNBdoluPdPMKXCyuffTpq$0$manual$manual$0,mL18GdSfew6K1w6yZFOyLzgCa9fxEX,2022-02-25T19:00:00.000Z
manual,1645801200000,,manual,16.5,,TjtwdVQupuNBdoluPdPMKXCyuffTpq$0$manual$manual$0,gKHm7rOLPLSAkS5F3KmNdDvzRt7tK0,2022-02-25T15:00:00.000Z
manual,1645786800000,,manual,17,,TjtwdVQupuNBdoluPdPMKXCyuffTpq$0$manual$manual$0,8aN6jvocJkTsvpEK911Zr0iuThBGkE,2022-02-25T11:00:00.000Z
manual,1645772400000,,manual,16.5,,TjtwdVQupuNBdoluPdPMKXCyuffTpq$0$manual$manual$0,PZjzAOdtmE8FL8fC3oEDjH6yqGDlRh,2022-02-25T07:00:00.000Z
manual,1645758000000,,manual,17.1,,TjtwdVQupuNBdoluPdPMKXCyuffTpq$0$manual$manual$0,yg2pYpJkfQneUSKHtON5sq9RH12GKY,2022-02-25T03:00:00.000Z
manual,1645743600000,,manual,16.5,,TjtwdVQupuNBdoluPdPMKXCyuffTpq$0$manual$manual$0,hp6RUH9BRatz4DdsMsXxh9pUaagJdM,2022-02-24T23:00:00.000Z
manual,1645729200000,,manual,17,,TjtwdVQupuNBdoluPdPMKXCyuffTpq$0$manual$manual$0,dNovb0bVISqSuJjq6EmrG7uyZohPHX,2022-02-24T19:00:00.000Z
manual,1645714800000,,manual,16.8,,TjtwdVQupuNBdoluPdPMKXCyuffTpq$0$manual$manual$0,wranq4VAbnMOXO009RWQ5Cu4Ggj1St,2022-02-24T15:00:00.000Z
manual,1645700400000,,manual,16.8,,TjtwdVQupuNBdoluPdPMKXCyuffTpq$0$manual$manual$0,6NzXRU17OAU3xjU2k6d1MVvxc21AEM,2022-02-24T11:00:00.000Z
manual,1645686000000,,manual,17.4,,TjtwdVQupuNBdoluPdPMKXCyuffTpq$0$manual$manual$0,iiygDKqckXEEXcOm3LagqQ7KWcdqGM,2022-02-24T07:00:00.000Z
manual,1645671600000,,manual,16.5,,TjtwdVQupuNBdoluPdPMKXCyuffTpq$0$manual$manual$0,RJ0HVnJSAESn3FN1q1iNK3ltqj1jOL,2022-02-24T03:00:00.000Z
manual,1645657200000,,manual,17.4,,TjtwdVQupuNBdoluPdPMKXCyuffTpq$0$manual$manual$0,30Ptz1QbSuiamGia6e82Woz5gV42Ie,2022-02-23T23:00:00.000Z
manual,1645642800000,,manual,16.8,,TjtwdVQupuNBdoluPdPMKXCyuffTpq$0$manual$manual$0,coRYIpKbaukm3dbcrWj8iuDJ7WQ8C2,2022-02-23T19:00:00.000Z
manual,1645628400000,,manual,16.9,,TjtwdVQupuNBdoluPdPMKXCyuffTpq$0$manual$manual$0,9JZP8llWonthUzlnWoi0PHoqGM0opg,2022-02-23T15:00:00.000Z
manual,1645614000000,,manual,17.5,,TjtwdVQupuNBdoluPdPMKXCyuffTpq$0$manual$manual$0,5xgs5WXfN2NyJhrHPQJzqt60j5J9N7,2022-02-23T11:00:00.000Z
manual,1645599600000,,manual,16.6,,TjtwdVQupuNBdoluPdPMKXCyuffTpq$0$manual$manual$0,sdFSSa00GltIE7TGhsyZBd10kBeOQu,2022-02-23T07:00:00.000Z
manual,1645585200000,,manual,17.5,,TjtwdVQupuNBdoluPdPMKXCyuffTpq$0$manual$manual$0,5i6YXGEvBX2Pci6EZBnmmrRmGiDP3j,2022-02-23T03:00:00.000Z
manual,1645570800000,,manual,16.5,,TjtwdVQupuNBdoluPdPMKXCyuffTpq$0$manual$manual$0,KHiPm5YA7WdFzZfBxs29wnwJfBv2hv,2022-02-22T23:00:00.000Z
manual,1645556400000,,manual,17.4,,TjtwdVQupuNBdoluPdPMKXCyuffTpq$0$manual$manual$0,U4k3LovDT83kfpfZMn9qcydEuyg4Im,2022-02-22T19:00:00.000Z
manual,1645542000000,,manual,16.7,,TjtwdVQupuNBdoluPdPMKXCyuffTpq$0$manual$manual$0,ut1YdSjQuV8WLuOVffBMdFhVrg9nEJ,2022-02-22T15:00:00.000Z
manual,1645527600000,,manual,16.9,,TjtwdVQupuNBdoluPdPMKXCyuffTpq$0$manual$manual$0,K6NCqwpdJoRUxxSL7IOxLfg9wpmGSM,2022-02-22T11:00:00.000Z
manual,1645513200000,,manual,17,,TjtwdVQupuNBdoluPdPMKXCyuffTpq$0$manual$manual$0,vf2N2hglyTHEY2ABJEzG0uWpwFJxL0,2022-02-22T07:00:00.000Z
manual,1645498800000,,manual,16.7,,TjtwdVQupuNBdoluPdPMKXCyuffTpq$0$manual$manual$0,HLgS9uxyHkaia0gUvwRDJSakSJp8oe,2022-02-22T03:00:00.000Z
manual,1645484400000,,manual,17.5,,TjtwdVQupuNBdoluPdPMKXCyuffTpq$0$manual$manual$0,KcUySbNhIEZLZ4x6xrsfVTnFSmS4Bl,2022-02-21T23:00:00.000Z
manual,1645470000000,,manual,16.5,,TjtwdVQupuNBdoluPdPMKXCyuffTpq$0$manual$manual$0,LfePQIsnN35LDTs3WJxE5sk8ScKgOV,2022-02-21T19:00:00.000Z
manual,1645455600000,,manual,17.5,,TjtwdVQupuNBdoluPdPMKXCyuffTpq$0$manual$manual$0,ghf7rwyFcad4nVP2qhvuyQYhp2BNbi,2022-02-21T15:00:00.000Z
manual,1645441200000,,manual,16.5,,TjtwdVQupuNBdoluPdPMKXCyuffTpq$0$manual$manual$0,1hqpGz9enrrOyxWNZWbnUnw8JkNJGG,2022-02-21T11:00:00.000Z
manual,1645426800000,,manual,17.3,,TjtwdVQupuNBdoluPdPMKXCyuffTpq$0$manual$manual$0,sJkZJG0OooyGKWsZ2YDf8XadHdGQpr,2022-02-21T07:00:00.000Z
manual,1645412400000,,manual,16.5,,TjtwdVQupuNBdoluPdPMKXCyuffTpq$0$manual$manual$0,bDN5GnnIvj1xxqZ5VUemezQpvlsyuY,2022-02-21T03:00:00.000Z
manual,1645398000000,,manual,17,,TjtwdVQupuNBdoluPdPMKXCyuffTpq$0$manual$manual$0,ivlOTXZv93JtDTlH71hGMbjg4FBEkK,2022-02-20T23:00:00.000Z
manual,1645383600000,,manual,17.2,,TjtwdVQupuNBdoluPdPMKXCyuffTpq$0$manual$manual$0,tUmM7rOCDNAUI8uNhSLuBWDTfspvaN,2022-02-20T19:00:00.000Z
manual,1645369200000,,manual,16.5,,TjtwdVQupuNBdoluPdPMKXCyuffTpq$0$manual$manual$0,A9axRAX5S0E4AYg9pKRrxXPKifLR9E,2022-02-20T15:00:00.000Z
manual,1645354800000,,manual,17.5,,TjtwdVQupuNBdoluPdPMKXCyuffTpq$0$manual$manual$0,Uf7nnbl3jFOHKPIHyrjWgm45f1YA7f,2022-02-20T11:00:00.000Z
manual,1645340400000,,manual,16.4,,TjtwdVQupuNBdoluPdPMKXCyuffTpq$0$manual$manual$0,WlCMOREIIXvCSSdRnf8gsSaWqqwXwP,2022-02-20T07:00:00.000Z
manual,1645326000000,,manual,17.3,,TjtwdVQupuNBdoluPdPMKXCyuffTpq$0$manual$manual$0,I3FCbWeRqSEvcgYKIa1lsAX3IpAkRw,2022-02-20T03:00:00.000Z
manual,1645311600000,,manual,16.6,,TjtwdVQupuNBdoluPdPMKXCyuffTpq$0$manual$manual$0,T5cwIwSetOKsbdcRPcHkg9s2FIM3V9,2022-02-19T23:00:00.000Z
manual,1645297200000,,manual,16.9,,TjtwdVQupuNBdoluPdPMKXCyuffTpq$0$manual$manual$0,6O7jzcxu28jxmXrdg98BdtdNlGaq7v,2022-02-19T19:00:00.000Z
manual,1645282800000,,manual,17.2,,TjtwdVQupuNBdoluPdPMKXCyuffTpq$0$manual$manual$0,7miLBfOOWaZOPL8WdBL540yVMPxcSz,2022-02-19T15:00:00.000Z
manual,1645268400000,,manual,16.5,,TjtwdVQupuNBdoluPdPMKXCyuffTpq$0$manual$manual$0,weQZngLR0RLh1UWTSFKsD1gBEeZZ9w,2022-02-19T11:00:00.000Z
manual,1645254000000,,manual,17.5,,TjtwdVQupuNBdoluPdPMKXCyuffTpq$0$manual$manual$0,zafjD1opdHGFg6Uw1FHmqMIN80SK6n,2022-02-19T07:00:00.000Z
manual,1645239600000,,manual,16.4,,TjtwdVQupuNBdoluPdPMKXCyuffTpq$0$manual$manual$0,WZQNwSK3DTPDsBf0mAINKVtDTy7Frr,2022-02-19T03:00:00.000Z
manual,1645225200000,,manual,17.3,,TjtwdVQupuNBdoluPdPMKXCyuffTpq$0$manual$manual$0,nMve6RZN2mYTILfqoqcKOYBNZQzzF4,2022-02-18T23:00:00.000Z
manual,1645210800000,,manual,16.6,,TjtwdVQupuNBdoluPdPMKXCyuffTpq$0$manual$manual$0,j8LY2e2MTiKD8NppLoltadc3mRvDWg,2022-02-18T19:00:00.000Z
manual,1645196400000,,manual,16.9,,TjtwdVQupuNBdoluPdPMKXCyuffTpq$0$manual$manual$0,ZSK8VHpZ7xIvc3c0uiHUqhYFdXd8SW,2022-02-18T15:00:00.000Z
manual,1645182000000,,manual,17.3,,TjtwdVQupuNBdoluPdPMKXCyuffTpq$0$manual$manual$0,quqrhavhyk4pD3ayfD0uF7uVzucjiL,2022-02-18T11:00:00.000Z
manual,1645167600000,,manual,16.5,,TjtwdVQupuNBdoluPdPMKXCyuffTpq$0$manual$manual$0,SCeE2dJLV5haNIEcxf7AamSfYe1qLy,2022-02-18T07:00:00.000Z
manual,1645153200000,,manual,17.5,,TjtwdVQupuNBdoluPdPMKXCyuffTpq$0$manual$manual$0,wQNzsyvjbclRFLM2V1waCVUQBOOI13,2022-02-18T03:00:00.000Z
manual,1645138800000,,manual,16.5,,TjtwdVQupuNBdoluPdPMKXCyuffTpq$0$manual$manual$0,nVPhM375OmyvtwsXj9Vng9eqk0iOXc,2022-02-17T23:00:00.000Z
manual,1645124400000,,manual,17.1,,TjtwdVQupuNBdoluPdPMKXCyuffTpq$0$manual$manual$0,gFLc3JAhosXRURGPAWljganfXCAUdq,2022-02-17T19:00:00.000Z
manual,1645110000000,,manual,17,,TjtwdVQupuNBdoluPdPMKXCyuffTpq$0$manual$manual$0,m3bgX3IUbKFipZBfx68uowz4PoYI4L,2022-02-17T15:00:00.000Z
manual,1645095600000,,manual,17,,TjtwdVQupuNBdoluPdPMKXCyuffTpq$0$manual$manual$0,sn026syO2cpQhOl4fFOTNZa3aEO2Zq,2022-02-17T11:00:00.000Z
manual,1645081200000,,manual,17.5,,TjtwdVQupuNBdoluPdPMKXCyuffTpq$0$manual$manual$0,9oNeDTxIRdRf4WqiH0AL6SLMR7AEz4,2022-02-17T07:00:00.000Z
manual,1645066800000,,manual,16.5,,TjtwdVQupuNBdoluPdPMKXCyuffTpq$0$manual$manual$0,bzPBimZYJO8zg2WumgZYn0LAHC8Go5,2022-02-17T03:00:00.000Z
manual,1645052400000,,manual,17.5,,TjtwdVQupuNBdoluPdPMKXCyuffTpq$0$manual$manual$0,OhLD6bnzgXnAdcCOp4MA8aZADHSoWe,2022-02-16T23:00:00.000Z
manual,1645038000000,,manual,16.8,,TjtwdVQupuNBdoluPdPMKXCyuffTpq$0$manual$manual$0,Tu7cWKT94VLn7MipeAqulSERSOV8dY,2022-02-16T19:00:00.000Z
manual,1645023600000,,manual,17,,TjtwdVQupuNBdoluPdPMKXCyuffTpq$0$manual$manual$0,s0bLzRvctwvgFboOjviIKbacAtgbfE,2022-02-16T15:00:00.000Z
manual,1645009200000,,manual,17.3,,TjtwdVQupuNBdoluPdPMKXCyuffTpq$0$manual$manual$0,GAC4Ox3R2zbWZLAg9zyxfhotH2MMHh,2022-02-16T11:00:00.000Z
manual,1644994800000,,manual,16.5,,TjtwdVQupuNBdoluPdPMKXCyuffTpq$0$manual$manual$0,ltQsB5erQU8rigZ7CNWmPENQKWI7jT,2022-02-16T07:00:00.000Z
manual,1644980400000,,manual,17.5,,TjtwdVQupuNBdoluPdPMKXCyuffTpq$0$manual$manual$0,1u70hzhc0vOzuQ20Gq7og3mhD50sJZ,2022-02-16T03:00:00.000Z
manual,1644966000000,,manual,16.7,,TjtwdVQupuNBdoluPdPMKXCyuffTpq$0$manual$manual$0,Ck4kTdcRGufiRbWNqYEGiDvbr8ralb,2022-02-15T23:00:00.000Z
manual,1644951600000,,manual,17,,TjtwdVQupuNBdoluPdPMKXCyuffTpq$0$manual$manual$0,tdO6j2OzwScEBpvdk8IYCtOSGzjMep,2022-02-15T19:00:00.000Z
manual,1644937200000,,manual,17.1,,TjtwdVQupuNBdoluPdPMKXCyuffTpq$0$manual$manual$0,wuCcRjSNxzvttkpy5uG39raDSZKR5o,2022-02-15T15:00:00.000Z
manual,1644922800000,,manual,16.6,,TjtwdVQupuNBdoluPdPMKXCyuffTpq$0$manual$manual$0,gPwSRNPymVGNsRMgfCe7bRtrajMuhQ,2022-02-15T11:00:00.000Z
manual,1644908400000,,manual,17.5,,TjtwdVQupuNBdoluPdPMKXCyuffTpq$0$manual$manual$0,vy6KezwyFWdlN4MUuCYvJZRFijgc0e,2022-02-15T07:00:00.000Z
manual,1644894000000,,manual,16.5,,TjtwdVQupuNBdoluPdPMKXCyuffTpq$0$manual$manual$0,4xGOFPnVpfZ8YKVEzZ3lYYFTYCfV53,2022-02-15T03:00:00.000Z
manual,1644879600000,,manual,17.1,,TjtwdVQupuNBdoluPdPMKXCyuffTpq$0$manual$manual$0,3FoIkixTKcgUt2eRHKngaSNz83N2eX,2022-02-14T23:00:00.000Z
manual,1644865200000,,manual,17.1,,TjtwdVQupuNBdoluPdPMKXCyuffTpq$0$manual$manual$0,nvslgsvPBHY3ZJoEZ5sNVx43GBpAyK,2022-02-14T19:00:00.000Z
manual,1644850800000,,manual,16.5,,TjtwdVQupuNBdoluPdPMKXCyuffTpq$0$manual$manual$0,IMqhI8xTw9J9jO8Fizifa4fGPaf1VN,2022-02-14T15:00:00.000Z
manual,1644836400000,,manual,17.5,,TjtwdVQupuNBdoluPdPMKXCyuffTpq$0$manual$manual$0,LH0RO4x7LVQEink0gUrI4ERlmrG2NM,2022-02-14T11:00:00.000Z
manual,1644822000000,,manual,16.5,,TjtwdVQupuNBdoluPdPMKXCyuffTpq$0$manual$manual$0,MfpQ7ObTQVPqIDaOehAJEajNmmR6H1,2022-02-14T07:00:00.000Z
manual,1644807600000,,manual,17.2,,TjtwdVQupuNBdoluPdPMKXCyuffTpq$0$manual$manual$0,v0ai920AK5Sy14MuPrpCqL6I1G2jKV,2022-02-14T03:00:00.000Z
manual,1644793200000,,manual,16.8,,TjtwdVQupuNBdoluPdPMKXCyuffTpq$0$manual$manual$0,0M4lHKjGSzGSQcq8CmI8v0LyCipQL7,2022-02-13T23:00:00.000Z
manual,1644778800000,,manual,16.7,,TjtwdVQupuNBdoluPdPMKXCyuffTpq$0$manual$manual$0,abhJ7jSubqRRIjaPdkjnOnjZl7AIER,2022-02-13T19:00:00.000Z
manual,1644764400000,,manual,17.2,,TjtwdVQupuNBdoluPdPMKXCyuffTpq$0$manual$manual$0,6XAFlvVuroDiFQHRUaHgOmeXPZTSdM,2022-02-13T15:00:00.000Z
manual,1644750000000,,manual,16.9,,TjtwdVQupuNBdoluPdPMKXCyuffTpq$0$manual$manual$0,GnPpNTvuWMpmmPff1cEUsh5mfYTxc8,2022-02-13T11:00:00.000Z
manual,1644735600000,,manual,16.4,,TjtwdVQupuNBdoluPdPMKXCyuffTpq$0$manual$manual$0,xdURe7FomVytO1tUUY4DYRof18D7tr,2022-02-13T07:00:00.000Z
manual,1644721200000,,manual,17.5,,TjtwdVQupuNBdoluPdPMKXCyuffTpq$0$manual$manual$0,bY1lxEha0QcYPdXo0Q9VZc1QUGAx0g,2022-02-13T03:00:00.000Z
manual,1644706800000,,manual,16.7,,TjtwdVQupuNBdoluPdPMKXCyuffTpq$0$manual$manual$0,rRJW0EDu4J13gUb5ofvHVZhGzz5m0y,2022-02-12T23:00:00.000Z
manual,1644692400000,,manual,16.9,,TjtwdVQupuNBdoluPdPMKXCyuffTpq$0$manual$manual$0,7VOOhDXYdlPeKbgCaEL8YP36Tm6Lh0,2022-02-12T19:00:00.000Z
manual,1644678000000,,manual,16.8,,TjtwdVQupuNBdoluPdPMKXCyuffTpq$0$manual$manual$0,EMlWcDSI9TqxIr1gRVb4jFzzdJU90F,2022-02-12T15:00:00.000Z
manual,1644663600000,,manual,17.5,,TjtwdVQupuNBdoluPdPMKXCyuffTpq$0$manual$manual$0,juIREtdZpmh0U75pKtD0ByEQGPsQRG,2022-02-12T11:00:00.000Z
manual,1644649200000,,manual,17,,TjtwdVQupuNBdoluPdPMKXCyuffTpq$0$manual$manual$0,wBbTfv06daPf1elC5hEgbICBXLcQ92,2022-02-12T07:00:00.000Z
manual,1644634800000,,manual,16.5,,TjtwdVQupuNBdoluPdPMKXCyuffTpq$0$manual$manual$0,4MlFoadIoxUYE4RBQYbphJCQpfsxKl,2022-02-12T03:00:00.000Z
manual,1644620400000,,manual,17.5,,TjtwdVQupuNBdoluPdPMKXCyuffTpq$0$manual$manual$0,NgB5nUb27HIWg4Ia4VHyU24fcKLvVc,2022-02-11T23:00:00.000Z
manual,1644606000000,,manual,16.6,,TjtwdVQupuNBdoluPdPMKXCyuffTpq$0$manual$manual$0,GvDOtTfZYeIDGsCD3vCD4kD5qMFsfV,2022-02-11T19:00:00.000Z
manual,1644591600000,,manual,17.5,,TjtwdVQupuNBdoluPdPMKXCyuffTpq$0$manual$manual$0,MJqQX3y70OA3W1YDqfCehF3h1oJzi5,2022-02-11T15:00:00.000Z
manual,1644577200000,,manual,16.4,,TjtwdVQupuNBdoluPdPMKXCyuffTpq$0$manual$manual$0,0sGJ0Virp9W8UmcxE1vqAARPdA4QsG,2022-02-11T11:00:00.000Z
manual,1644562800000,,manual,17.5,,TjtwdVQupuNBdoluPdPMKXCyuffTpq$0$manual$manual$0,cm0DtnHp2ChlKA8uWPJiR8sMmFZPLh,2022-02-11T07:00:00.000Z
manual,1644548400000,,manual,16.5,,TjtwdVQupuNBdoluPdPMKXCyuffTpq$0$manual$manual$0,2tnDWbjlTpZo3KhmEpFvCyJOWk9Sz6,2022-02-11T03:00:00.000Z
manual,1644534000000,,manual,17.3,,TjtwdVQupuNBdoluPdPMKXCyuffTpq$0$manual$manual$0,tXeLMrzXbVOfXimUihguldNDR62kcO,2022-02-10T23:00:00.000Z
manual,1644519600000,,manual,16.7,,TjtwdVQupuNBdoluPdPMKXCyuffTpq$0$manual$manual$0,XiZW9mwLzXmCzEiVJMZX4ZhknlH9be,2022-02-10T19:00:00.000Z
manual,1644505200000,,manual,16.9,,TjtwdVQupuNBdoluPdPMKXCyuffTpq$0$manual$manual$0,fdFFIsJAgk4dvaztl6MC24T0n1MEWO,2022-02-10T15:00:00.000Z
manual,1644490800000,,manual,17.5,,TjtwdVQupuNBdoluPdPMKXCyuffTpq$0$manual$manual$0,IEqZzSPD31mdmcy8aiKOL7rJ8W8VCN,2022-02-10T11:00:00.000Z
manual,1644476400000,,manual,16.5,,TjtwdVQupuNBdoluPdPMKXCyuffTpq$0$manual$manual$0,whnPLGMyq9VdrvKqbWn8Qm6vHmqDCf,2022-02-10T07:00:00.000Z
manual,1644462000000,,manual,17.5,,TjtwdVQupuNBdoluPdPMKXCyuffTpq$0$manual$manual$0,D6u5oWfx52JrrRZbZJU6tKSZyBEHCC,2022-02-10T03:00:00.000Z
manual,1644447600000,,manual,16.8,,TjtwdVQupuNBdoluPdPMKXCyuffTpq$0$manual$manual$0,Ye1kgeooe1bLsx2WLO3CFyUOpCE7Cw,2022-02-09T23:00:00.000Z
manual,1644433200000,,manual,16.9,,TjtwdVQupuNBdoluPdPMKXCyuffTpq$0$manual$manual$0,ijh59YHcJhXNswZjwuas3afYh51Oqd,2022-02-09T19:00:00.000Z
manual,1644418800000,,manual,17.3,,TjtwdVQupuNBdoluPdPMKXCyuffTpq$0$manual$manual$0,uSQiThtPDbYb4Wsg6RgdHyq9dreBlr,2022-02-09T15:00:00.000Z
manual,1644404400000,,manual,16.5,,TjtwdVQupuNBdoluPdPMKXCyuffTpq$0$manual$manual$0,Kqzn9qDXJtoaSImCFnuY1ELwmLSBrN,2022-02-09T11:00:00.000Z
manual,1644390000000,,manual,17.5,,TjtwdVQupuNBdoluPdPMKXCyuffTpq$0$manual$manual$0,z9E1lJRJYdEuu5SBd1bc0KhzkZQuuZ,2022-02-09T07:00:00.000Z
manual,1644375600000,,manual,16.7,,TjtwdVQupuNBdoluPdPMKXCyuffTpq$0$manual$manual$0,HQv0mkMzrQBpR0PuH6YtYH39x5E82I,2022-02-09T03:00:00.000Z
manual,1644361200000,,manual,16.9,,TjtwdVQupuNBdoluPdPMKXCyuffTpq$0$manual$manual$0,PymqBKFbMKGYXHkTiv79a7StC9xbKL,2022-02-08T23:00:00.000Z
manual,1644346800000,,manual,17.3,,TjtwdVQupuNBdoluPdPMKXCyuffTpq$0$manual$manual$0,uK0H0kgfUpJVP7RkusdfPpAwHyDuPW,2022-02-08T19:00:00.000Z
manual,1644332400000,,manual,16.5,,TjtwdVQupuNBdoluPdPMKXCyuffTpq$0$manual$manual$0,lEp1N0dmUvkTA77PzTvB4xhg8urTeo,2022-02-08T15:00:00.000Z
manual,1644318000000,,manual,17.5,,TjtwdVQupuNBdoluPdPMKXCyuffTpq$0$manual$manual$0,EWWww23akoTftSkwRjWVRCiVGVcQdj,2022-02-08T11:00:00.000Z
manual,1644303600000,,manual,16.5,,TjtwdVQupuNBdoluPdPMKXCyuffTpq$0$manual$manual$0,IfLXob3rlkjXE52exlzmWnlspeUkbX,2022-02-08T07:00:00.000Z
manual,1644289200000,,manual,17.1,,TjtwdVQupuNBdoluPdPMKXCyuffTpq$0$manual$manual$0,AdaW5hAebKCxWcZJKfRpq7z0u49YaZ,2022-02-08T03:00:00.000Z
manual,1644274800000,,manual,17.1,,TjtwdVQupuNBdoluPdPMKXCyuffTpq$0$manual$manual$0,kPVQ7nBaoJWsyYUUnua0QDU1umt3KF,2022-02-07T23:00:00.000Z
manual,1644260400000,,manual,16.7,,TjtwdVQupuNBdoluPdPMKXCyuffTpq$0$manual$manual$0,nPvbw2iZgOhaFuSqUFkbS2rSLbtQww,2022-02-07T19:00:00.000Z
manual,1644246000000,,manual,17.4,,TjtwdVQupuNBdoluPdPMKXCyuffTpq$0$manual$manual$0,LqSJfsD92fMDZglYMumUAIv0Jle7jp,2022-02-07T15:00:00.000Z
manual,1644231600000,,manual,16.6,,TjtwdVQupuNBdoluPdPMKXCyuffTpq$0$manual$manual$0,JNcqkcNQF5HKPXXUZ113IRBQ31Wbns,2022-02-07T11:00:00.000Z
manual,1644217200000,,manual,17.5,,TjtwdVQupuNBdoluPdPMKXCyuffTpq$0$manual$manual$0,FoF1nuNJucmAcumQK73LFXBZUDTCo2,2022-02-07T07:00:00.000Z
manual,1644202800000,,manual,16.6,,TjtwdVQupuNBdoluPdPMKXCyuffTpq$0$manual$manual$0,ZNGupo6BuxR6H2Y9cLZVg9he0pVphm,2022-02-07T03:00:00.000Z
manual,1644188400000,,manual,17.5,,TjtwdVQupuNBdoluPdPMKXCyuffTpq$0$manual$manual$0,mfEyHNEfJ9MWTBkWR69FXiiQxQ9V6k,2022-02-06T23:00:00.000Z
manual,1644174000000,,manual,16.5,,TjtwdVQupuNBdoluPdPMKXCyuffTpq$0$manual$manual$0,hMGMu4F63ByA4lN9ayFgn091oqLSDZ,2022-02-06T19:00:00.000Z
manual,1644159600000,,manual,17.5,,TjtwdVQupuNBdoluPdPMKXCyuffTpq$0$manual$manual$0,kbIIayc2SnEkLZzCwPbh9AYuOwlac4,2022-02-06T15:00:00.000Z
manual,1644145200000,,manual,16.4,,TjtwdVQupuNBdoluPdPMKXCyuffTpq$0$manual$manual$0,a41t51rLpFuqrlpOT77Ed4w5z4KMF2,2022-02-06T11:00:00.000Z
manual,1644130800000,,manual,17.1,,TjtwdVQupuNBdoluPdPMKXCyuffTpq$0$manual$manual$0,sljgaKdYI0PxZqLNdriAgzmYUw8PpE,2022-02-06T07:00:00.000Z
manual,1644116400000,,manual,17.2,,TjtwdVQupuNBdoluPdPMKXCyuffTpq$0$manual$manual$0,hFrhDIb2vYmqVjhMIIKBOD84YJA8rJ,2022-02-06T03:00:00.000Z
manual,1644102000000,,manual,16.5,,TjtwdVQupuNBdoluPdPMKXCyuffTpq$0$manual$manual$0,ascEMAV70qm8nc9O582iyB6X3Ujv1O,2022-02-05T23:00:00.000Z
manual,1644087600000,,manual,17.5,,TjtwdVQupuNBdoluPdPMKXCyuffTpq$0$manual$manual$0,V1botUrSfGAZBqRj0sEbIf8PuiAsLv,2022-02-05T19:00:00.000Z
manual,1644073200000,,manual,16.5,,TjtwdVQupuNBdoluPdPMKXCyuffTpq$0$manual$manual$0,Db16QNyVMjJFIsYFG75qfKfrQXhbbr,2022-02-05T15:00:00.000Z
manual,1644058800000,,manual,17.2,,TjtwdVQupuNBdoluPdPMKXCyuffTpq$0$manual$manual$0,65mV50OURmZWfSHSyZSM5bknnqWrU3,2022-02-05T11:00:00.000Z
manual,1644044400000,,manual,16.5,,TjtwdVQupuNBdoluPdPMKXCyuffTpq$0$manual$manual$0,yjAs9vhhSezxhNmggM7odklKXECQLc,2022-02-05T07:00:00.000Z
manual,1644030000000,,manual,17.1,,TjtwdVQupuNBdoluPdPMKXCyuffTpq$0$manual$manual$0,qdkstbHk8cgAgDFrB9zQPuX7ghDNwg,2022-02-05T03:00:00.000Z
manual,1644015600000,,manual,16.6,,TjtwdVQupuNBdoluPdPMKXCyuffTpq$0$manual$manual$0,8AGps3mGlJyUbD3jYRMgw2Jtdxlg09,2022-02-04T23:00:00.000Z
manual,1644001200000,,manual,17,,TjtwdVQupuNBdoluPdPMKXCyuffTpq$0$manual$manual$0,ghtBT7tYx81IJcIrJrkL1AxXWUgudX,2022-02-04T19:00:00.000Z
manual,1643986800000,,manual,16.9,,TjtwdVQupuNBdoluPdPMKXCyuffTpq$0$manual$manual$0,2y3NWS3RH0aKEPRrtY2HAfEPWBwFo5,2022-02-04T15:00:00.000Z
manual,1643972400000,,manual,16.7,,TjtwdVQupuNBdoluPdPMKXCyuffTpq$0$manual$manual$0,PAYjOQScEU6i0ue4bUvMCQoFOzyEBg,2022-02-04T11:00:00.000Z
manual,1643959800000,,manual,17.3,,TjtwdVQupuNBdoluPdPMKXCyuffTpq$0$manual$manual$0,tE6PpRaGwH6nQpWYtlOqZHKM4YVMLy,2022-02-04T07:30:00.000Z
manual,1643938200000,,manual,17,,TjtwdVQupuNBdoluPdPMKXCyuffTpq$0$manual$manual$0,eDY2vE3b4e6CQyQvfNx5vn3v2bfi3H,2022-02-04T01:30:00.000Z
manual,1643929200000,,manual,17.3,,TjtwdVQupuNBdoluPdPMKXCyuffTpq$0$manual$manual$0,M4S4t0qn1AC1YqPXPCMjYvkvduXPdC,2022-02-03T23:00:00.000Z
manual,1643914800000,,manual,16.7,,TjtwdVQupuNBdoluPdPMKXCyuffTpq$0$manual$manual$0,LZKilADPOroBw7waeGCuVGLuY69TBB,2022-02-03T19:00:00.000Z
manual,1643900400000,,manual,17,,TjtwdVQupuNBdoluPdPMKXCyuffTpq$0$manual$manual$0,xPq7zpZn2Lt0m9HJAKbx7ktGwJMAKH,2022-02-03T15:00:00.000Z
manual,1643886000000,,manual,17.3,,TjtwdVQupuNBdoluPdPMKXCyuffTpq$0$manual$manual$0,kVm6Akg06h57UrUpt5Eznpkc9zd6f6,2022-02-03T11:00:00.000Z
manual,1643871600000,,manual,16.5,,TjtwdVQupuNBdoluPdPMKXCyuffTpq$0$manual$manual$0,O9zYZKuXDUdpc8JFZ3HrddK3wB0tlE,2022-02-03T07:00:00.000Z
manual,1643857200000,,manual,17.5,,TjtwdVQupuNBdoluPdPMKXCyuffTpq$0$manual$manual$0,74typGVIwoFmRauEQOnp7BQSbG2zYW,2022-02-03T03:00:00.000Z
manual,1643842800000,,manual,16.6,,TjtwdVQupuNBdoluPdPMKXCyuffTpq$0$manual$manual$0,S9lK3FkaYbT1QJzvKkAefvJk5HFI54,2022-02-02T23:00:00.000Z
manual,1643828400000,,manual,16.9,,TjtwdVQupuNBdoluPdPMKXCyuffTpq$0$manual$manual$0,JJWpINfU8B8hOE1WP6oDSKkdnPqmIU,2022-02-02T19:00:00.000Z
manual,1643814000000,,manual,17.3,,TjtwdVQupuNBdoluPdPMKXCyuffTpq$0$manual$manual$0,kqtz3I1aN2PgLd7JMS5dy28uu7vrgz,2022-02-02T15:00:00.000Z
manual,1643799600000,,manual,16.5,,TjtwdVQupuNBdoluPdPMKXCyuffTpq$0$manual$manual$0,iUPZD2RYUz2rFwisvEm4kF8Jk0VCi2,2022-02-02T11:00:00.000Z
manual,1643785200000,,manual,17.5,,TjtwdVQupuNBdoluPdPMKXCyuffTpq$0$manual$manual$0,VBMjdBi7UYCkgLuPsqRwC5m648EYO2,2022-02-02T07:00:00.000Z
manual,1643770800000,,manual,16.5,,TjtwdVQupuNBdoluPdPMKXCyuffTpq$0$manual$manual$0,Hkjex0gJhkINsbNHZwHEYAWDpyjOKM,2022-02-02T03:00:00.000Z
manual,1643756400000,,manual,17,,TjtwdVQupuNBdoluPdPMKXCyuffTpq$0$manual$manual$0,NV9vRevI0UyrdAn8KMbVeJ8BijleR0,2022-02-01T23:00:00.000Z
manual,1643742000000,,manual,17.1,,TjtwdVQupuNBdoluPdPMKXCyuffTpq$0$manual$manual$0,tnG7qmub7ud0QBXmTbIYS1xmOS1w66,2022-02-01T19:00:00.000Z
manual,1643727600000,,manual,16.6,,TjtwdVQupuNBdoluPdPMKXCyuffTpq$0$manual$manual$0,hhUYWO3stb3NMVvhUQkyE840tF7qUA,2022-02-01T15:00:00.000Z
manual,1643713200000,,manual,17.5,,TjtwdVQupuNBdoluPdPMKXCyuffTpq$0$manual$manual$0,Pid9s5dbKCXAVKODZoCfn51a7JjKFy,2022-02-01T11:00:00.000Z
manual,1643698800000,,manual,16.5,,TjtwdVQupuNBdoluPdPMKXCyuffTpq$0$manual$manual$0,IeSiwQLspV6tN19nw11ARu50ozWVYT,2022-02-01T07:00:00.000Z
manual,1643684400000,,manual,17.5,,TjtwdVQupuNBdoluPdPMKXCyuffTpq$0$manual$manual$0,lZYtCRaUUjzziyMnTkrYU5NaF5Up1B,2022-02-01T03:00:00.000Z
manual,1643670000000,,manual,16.5,,TjtwdVQupuNBdoluPdPMKXCyuffTpq$0$manual$manual$0,csIHf4nNDKOeIEBqXkKhmUdBM1cF1b,2022-01-31T23:00:00.000Z
manual,1643655600000,,manual,14.9,,TjtwdVQupuNBdoluPdPMKXCyuffTpq$0$manual$manual$0,0lPgI2yHmXPLqwY5OUGeBSIT7ZBzZD,2022-01-31T19:00:00.000Z
manual,1643651100000,,manual,14.9,,TjtwdVQupuNBdoluPdPMKXCyuffTpq$0$manual$manual$0,CP3Um9jbdoAw69OGhT02PxV4dmJFR7,2022-01-31T17:45:00.000Z
manual,1643638500000,,manual,16.5,,TjtwdVQupuNBdoluPdPMKXCyuffTpq$0$manual$manual$0,cGKzedcd2iI5VXumlmR6ux1lndE9DY,2022-01-31T14:15:00.000Z
manual,1643626800000,,manual,17.5,,TjtwdVQupuNBdoluPdPMKXCyuffTpq$0$manual$manual$0,e9WBVzkFVufxA07VXzMlb1fQO794VM,2022-01-31T11:00:00.000Z
manual,1643612400000,,manual,16.5,,TjtwdVQupuNBdoluPdPMKXCyuffTpq$0$manual$manual$0,MwzbbF4OldvaZWTFRH1BptwkNJ5uCG,2022-01-31T07:00:00.000Z
manual,1643598000000,,manual,17.5,,TjtwdVQupuNBdoluPdPMKXCyuffTpq$0$manual$manual$0,v5WGynQJE7mqy1IhrKKPj7QJGV6ipq,2022-01-31T03:00:00.000Z
manual,1643583600000,,manual,16.5,,TjtwdVQupuNBdoluPdPMKXCyuffTpq$0$manual$manual$0,qexLqrpG6kfktItNtGfoq8AGB1nXQF,2022-01-30T23:00:00.000Z
manual,1643569200000,,manual,17.3,,TjtwdVQupuNBdoluPdPMKXCyuffTpq$0$manual$manual$0,e1gtuftHp7fxETzTjKPjQXQnJO4JEC,2022-01-30T19:00:00.000Z
manual,1643554800000,,manual,16.6,,TjtwdVQupuNBdoluPdPMKXCyuffTpq$0$manual$manual$0,Wrfdv16faqwdja4jwXI8MeWaq7xMcB,2022-01-30T15:00:00.000Z
manual,1643540400000,,manual,17,,TjtwdVQupuNBdoluPdPMKXCyuffTpq$0$manual$manual$0,azySeKm4CkAKoueuLpOEwHx4R1ww7w,2022-01-30T11:00:00.000Z
manual,1643526000000,,manual,17,,TjtwdVQupuNBdoluPdPMKXCyuffTpq$0$manual$manual$0,Bjau4xhqEHK7E66K2lr6xFhORmzcA6,2022-01-30T07:00:00.000Z
manual,1643511600000,,manual,16.5,,TjtwdVQupuNBdoluPdPMKXCyuffTpq$0$manual$manual$0,r6gOYKJZFx7vvJFENldzKAFI3DoSsP,2022-01-30T03:00:00.000Z
manual,1643497200000,,manual,17.5,,TjtwdVQupuNBdoluPdPMKXCyuffTpq$0$manual$manual$0,B3yyRiBtpu802Jf9FD0eo7UakGkJgg,2022-01-29T23:00:00.000Z
manual,1643482800000,,manual,16.5,,TjtwdVQupuNBdoluPdPMKXCyuffTpq$0$manual$manual$0,o1IfIpT2UOEaONlVqPDoTrFrhX8arY,2022-01-29T19:00:00.000Z
manual,1643468400000,,manual,17.5,,TjtwdVQupuNBdoluPdPMKXCyuffTpq$0$manual$manual$0,3mnciCZbIZL8FUJl3XUAkfz0fOf79O,2022-01-29T15:00:00.000Z
manual,1643454000000,,manual,16.6,,TjtwdVQupuNBdoluPdPMKXCyuffTpq$0$manual$manual$0,Ckr1nqmEeG0lKguNbnRVTyGMR3kf0M,2022-01-29T11:00:00.000Z
manual,1643439600000,,manual,16.9,,TjtwdVQupuNBdoluPdPMKXCyuffTpq$0$manual$manual$0,aHrEHez4yTaJi8lPMZKhyE4US2pk9s,2022-01-29T07:00:00.000Z
manual,1643425200000,,manual,17.5,,TjtwdVQupuNBdoluPdPMKXCyuffTpq$0$manual$manual$0,Mlq8DVAPuL0N7n9elgQmPOZznNgbUp,2022-01-29T03:00:00.000Z
manual,1643410800000,,manual,16.4,,TjtwdVQupuNBdoluPdPMKXCyuffTpq$0$manual$manual$0,NEQ9PjIREfvtGcoY32ilqnurHp1x2S,2022-01-28T23:00:00.000Z
manual,1643396400000,,manual,17.5,,TjtwdVQupuNBdoluPdPMKXCyuffTpq$0$manual$manual$0,7URhmuDet7XSqlQboXY8aVMIcUJGES,2022-01-28T19:00:00.000Z
manual,1643382000000,,manual,16.5,,TjtwdVQupuNBdoluPdPMKXCyuffTpq$0$manual$manual$0,Uug67UkBZh6ON5A09fW1XZplACorm2,2022-01-28T15:00:00.000Z
manual,1643367600000,,manual,17.4,,TjtwdVQupuNBdoluPdPMKXCyuffTpq$0$manual$manual$0,6SFSsT9QTBNJjp58gMutbedKAFRRjX,2022-01-28T11:00:00.000Z
manual,1643353200000,,manual,16.5,,TjtwdVQupuNBdoluPdPMKXCyuffTpq$0$manual$manual$0,FavjWTu4kYvl1YHWZ9tIr4EURPSfS2,2022-01-28T07:00:00.000Z
manual,1643338800000,,manual,17.2,,TjtwdVQupuNBdoluPdPMKXCyuffTpq$0$manual$manual$0,yXHULWm110OMWbNTHhJMjIB2TUDP57,2022-01-28T03:00:00.000Z
manual,1643324400000,,manual,16.4,,TjtwdVQupuNBdoluPdPMKXCyuffTpq$0$manual$manual$0,nUEOF5Vf4CjxS0MOKiJ7qjMOUR9zpi,2022-01-27T23:00:00.000Z
manual,1643310000000,,manual,16.9,,TjtwdVQupuNBdoluPdPMKXCyuffTpq$0$manual$manual$0,VNyrxVmEAkPZzQl77nPL2pQx511rXm,2022-01-27T19:00:00.000Z
manual,1643295600000,,manual,17.3,,TjtwdVQupuNBdoluPdPMKXCyuffTpq$0$manual$manual$0,OqDBKqRKn1JqK40cZ6VTkMm2I6nE5E,2022-01-27T15:00:00.000Z
manual,1643281200000,,manual,16.7,,TjtwdVQupuNBdoluPdPMKXCyuffTpq$0$manual$manual$0,bJqXy0WqU4mY29GLmBUytGRywRRQj7,2022-01-27T11:00:00.000Z
manual,1643266800000,,manual,17.5,,TjtwdVQupuNBdoluPdPMKXCyuffTpq$0$manual$manual$0,gJGjcg42h1NPT1wM7x6rHppC6Ric2s,2022-01-27T07:00:00.000Z
manual,1643252400000,,manual,16.5,,TjtwdVQupuNBdoluPdPMKXCyuffTpq$0$manual$manual$0,NroR83Kohl1QjiLDaadOBEs1ya7If6,2022-01-27T03:00:00.000Z
manual,1643238000000,,manual,17.5,,TjtwdVQupuNBdoluPdPMKXCyuffTpq$0$manual$manual$0,inY4KoEg9GbWECXMAmA9WPhAKGeaki,2022-01-26T23:00:00.000Z
manual,1643223600000,,manual,16.5,,TjtwdVQupuNBdoluPdPMKXCyuffTpq$0$manual$manual$0,mv4W9B0daCIDujE6424zBD4ygm2ekf,2022-01-26T19:00:00.000Z
manual,1643209200000,,manual,17.5,,TjtwdVQupuNBdoluPdPMKXCyuffTpq$0$manual$manual$0,YFR7BxpdlSUDfzscLbvsdPuaC2YzpB,2022-01-26T15:00:00.000Z
manual,1643194800000,,manual,16.4,,TjtwdVQupuNBdoluPdPMKXCyuffTpq$0$manual$manual$0,UrCLo60CHfniv9xIwhAsjUTj2kfhiD,2022-01-26T11:00:00.000Z
manual,1643180400000,,manual,17.5,,TjtwdVQupuNBdoluPdPMKXCyuffTpq$0$manual$manual$0,ocd8H4sbzarfCLsz9HaTwDJC0K2fSp,2022-01-26T07:00:00.000Z
manual,1643166000000,,manual,16.7,,TjtwdVQupuNBdoluPdPMKXCyuffTpq$0$manual$manual$0,xHqGKFVvC9BzPcIkbFUHj1n6REOgx5,2022-01-26T03:00:00.000Z
manual,1643151600000,,manual,17.1,,TjtwdVQupuNBdoluPdPMKXCyuffTpq$0$manual$manual$0,5aLcXkCJgVogEiyZY2LXEnOIdkxkfu,2022-01-25T23:00:00.000Z
manual,1643137200000,,manual,17,,TjtwdVQupuNBdoluPdPMKXCyuffTpq$0$manual$manual$0,YLIjX14ougFeFCzWuRQyN7hnGSTZCW,2022-01-25T19:00:00.000Z
manual,1643122800000,,manual,16.5,,TjtwdVQupuNBdoluPdPMKXCyuffTpq$0$manual$manual$0,N8Bnm2fuA5eOkLFTnTrXfCe30VHOZD,2022-01-25T15:00:00.000Z
manual,1643108400000,,manual,17.1,,TjtwdVQupuNBdoluPdPMKXCyuffTpq$0$manual$manual$0,eyhSv3VgOKrtEZqHOgYilN00oNOTJt,2022-01-25T11:00:00.000Z
manual,1643094000000,,manual,16.5,,TjtwdVQupuNBdoluPdPMKXCyuffTpq$0$manual$manual$0,GRWFE3x29A2jAfhkSZlmjKoZWlkDeT,2022-01-25T07:00:00.000Z
manual,1643079600000,,manual,17.2,,TjtwdVQupuNBdoluPdPMKXCyuffTpq$0$manual$manual$0,Lr9xMIAxIDd5lZKLIxGNAa2L9Dpa7d,2022-01-25T03:00:00.000Z
manual,1643065200000,,manual,16.5,,TjtwdVQupuNBdoluPdPMKXCyuffTpq$0$manual$manual$0,5ODAQE23YJf2WmIOvzOPwgg92bUD1w,2022-01-24T23:00:00.000Z
manual,1643050800000,,manual,17.3,,TjtwdVQupuNBdoluPdPMKXCyuffTpq$0$manual$manual$0,nkyZkfeHr4Ne1GzHahus4NOzbs5H3b,2022-01-24T19:00:00.000Z
manual,1643036400000,,manual,16.5,,TjtwdVQupuNBdoluPdPMKXCyuffTpq$0$manual$manual$0,C8mxsrg0tXgvWsWWkl89U18kTnDrsE,2022-01-24T15:00:00.000Z
manual,1643022000000,,manual,17.1,,TjtwdVQupuNBdoluPdPMKXCyuffTpq$0$manual$manual$0,CW50vaJFDOu6hQ1FctNYx5eeMLFk7f,2022-01-24T11:00:00.000Z
manual,1643007600000,,manual,16.6,,TjtwdVQupuNBdoluPdPMKXCyuffTpq$0$manual$manual$0,HwJwNU9SjCSozSRQw4VVtJm4sOnzRD,2022-01-24T07:00:00.000Z
manual,1642993200000,,manual,16.9,,TjtwdVQupuNBdoluPdPMKXCyuffTpq$0$manual$manual$0,caeFiwQiXzyAN3NCivhnkv3Il6xKnK,2022-01-24T03:00:00.000Z
manual,1642978800000,,manual,17.1,,TjtwdVQupuNBdoluPdPMKXCyuffTpq$0$manual$manual$0,7vGMn79WCTBeZ4gOXSkJMxi7vzDJdD,2022-01-23T23:00:00.000Z
manual,1642964400000,,manual,16.6,,TjtwdVQupuNBdoluPdPMKXCyuffTpq$0$manual$manual$0,kZpn1UZsziM9O0Xumn6gijtHVFbF21,2022-01-23T19:00:00.000Z
manual,1642950000000,,manual,17.5,,TjtwdVQupuNBdoluPdPMKXCyuffTpq$0$manual$manual$0,ouDqp8dppmmnynrFmugQior8gDosC4,2022-01-23T15:00:00.000Z
manual,1642935600000,,manual,16.5,,TjtwdVQupuNBdoluPdPMKXCyuffTpq$0$manual$manual$0,W78LCrXsTpe4SJgyoeXyRZ5tVKqslh,2022-01-23T11:00:00.000Z
manual,1642921200000,,manual,17.5,,TjtwdVQupuNBdoluPdPMKXCyuffTpq$0$manual$manual$0,BxiWAuBRgwXq8LtbirGx9AJ4PSq5ck,2022-01-23T07:00:00.000Z
manual,1642906800000,,manual,16.5,,TjtwdVQupuNBdoluPdPMKXCyuffTpq$0$manual$manual$0,ysvssB5ck3RDUBnViULkgzgVtycsCx,2022-01-23T03:00:00.000Z
manual,1642892400000,,manual,17.3,,TjtwdVQupuNBdoluPdPMKXCyuffTpq$0$manual$manual$0,ai6rZN72YTxaGhBJoOVufodYkzRmfO,2022-01-22T23:00:00.000Z
manual,1642878000000,,manual,16.5,,TjtwdVQupuNBdoluPdPMKXCyuffTpq$0$manual$manual$0,rpaoAyhIc405OSStMTvOK4mC23NYU4,2022-01-22T19:00:00.000Z
manual,1642863600000,,manual,17.2,,TjtwdVQupuNBdoluPdPMKXCyuffTpq$0$manual$manual$0,1MGY6ipEzV0rNuTipKdjfIwRM4Caza,2022-01-22T15:00:00.000Z
manual,1642849200000,,manual,16.5,,TjtwdVQupuNBdoluPdPMKXCyuffTpq$0$manual$manual$0,760J6LEsUHZOOiPO225bmuFAPVsh2A,2022-01-22T11:00:00.000Z
manual,1642834800000,,manual,16.9,,TjtwdVQupuNBdoluPdPMKXCyuffTpq$0$manual$manual$0,2Fr5cN8ASKkBTxhTIED02xspAOlyEj,2022-01-22T07:00:00.000Z
manual,1642820400000,,manual,16.9,,TjtwdVQupuNBdoluPdPMKXCyuffTpq$0$manual$manual$0,UNDqilAHtfdxs492Xh0SbwOO6St27y,2022-01-22T03:00:00.000Z
manual,1642806000000,,manual,16.8,,TjtwdVQupuNBdoluPdPMKXCyuffTpq$0$manual$manual$0,IEd3qZ5k07HsuODhdMlhU3nvlx9Rcu,2022-01-21T23:00:00.000Z
manual,1642791600000,,manual,17.1,,TjtwdVQupuNBdoluPdPMKXCyuffTpq$0$manual$manual$0,5ifZZEf46aIwh5Kj5protOsgFPppQA,2022-01-21T19:00:00.000Z
manual,1642777200000,,manual,16.8,,TjtwdVQupuNBdoluPdPMKXCyuffTpq$0$manual$manual$0,8N4S9pDBIEX4y9YZOVlGDlE7SnG42A,2022-01-21T15:00:00.000Z
manual,1642762800000,,manual,16.4,,TjtwdVQupuNBdoluPdPMKXCyuffTpq$0$manual$manual$0,NpUo9upXPWuyGYp1Z3L4NezcTGJeed,2022-01-21T11:00:00.000Z
manual,1642748400000,,manual,17.2,,TjtwdVQupuNBdoluPdPMKXCyuffTpq$0$manual$manual$0,A22OXDp743mDkbGBv4Bh8LFaraZiUI,2022-01-21T07:00:00.000Z
manual,1642734000000,,manual,16.4,,TjtwdVQupuNBdoluPdPMKXCyuffTpq$0$manual$manual$0,fkMy1sDZvZ98SRHnQVmt3V8Ca2D9Eh,2022-01-21T03:00:00.000Z
manual,1642719600000,,manual,17.2,,TjtwdVQupuNBdoluPdPMKXCyuffTpq$0$manual$manual$0,ERuZwl1vSiI2kKT0iSnWHi5dWjCx6q,2022-01-20T23:00:00.000Z
manual,1642705200000,,manual,17,,TjtwdVQupuNBdoluPdPMKXCyuffTpq$0$manual$manual$0,XEqG2WATmJS4yuiTQ0J9pl1sEzuHO5,2022-01-20T19:00:00.000Z
manual,1642690800000,,manual,16.5,,TjtwdVQupuNBdoluPdPMKXCyuffTpq$0$manual$manual$0,4hd3lHZqKwixRCtSOxswwpKm48i8cU,2022-01-20T15:00:00.000Z
manual,1642676400000,,manual,17.3,,TjtwdVQupuNBdoluPdPMKXCyuffTpq$0$manual$manual$0,lzyKGlPpPsxhaw9uc2pGof63PL8gQa,2022-01-20T11:00:00.000Z
manual,1642662000000,,manual,16.5,,TjtwdVQupuNBdoluPdPMKXCyuffTpq$0$manual$manual$0,93rZ1HDZJNSm5Q7TNupFjV04lxxmsf,2022-01-20T07:00:00.000Z
manual,1642647600000,,manual,17.5,,TjtwdVQupuNBdoluPdPMKXCyuffTpq$0$manual$manual$0,bSUUgAx8DCEfThBHEEa2JJXdwvgtGe,2022-01-20T03:00:00.000Z
manual,1642633200000,,manual,16.5,,TjtwdVQupuNBdoluPdPMKXCyuffTpq$0$manual$manual$0,ueb37SOydHqv7dFIzzQWjiREByHLPL,2022-01-19T23:00:00.000Z
manual,1642618800000,,manual,17.5,,TjtwdVQupuNBdoluPdPMKXCyuffTpq$0$manual$manual$0,SnG58SluAZzhjbAAc5Trb87NEE7Oqc,2022-01-19T19:00:00.000Z
manual,1642604400000,,manual,16.5,,TjtwdVQupuNBdoluPdPMKXCyuffTpq$0$manual$manual$0,CBErWERtGwIZyuSnWZZ4f2Z4aSZu2g,2022-01-19T15:00:00.000Z
manual,1642590000000,,manual,17.5,,TjtwdVQupuNBdoluPdPMKXCyuffTpq$0$manual$manual$0,8CupXk5S99pE8hYZ9BnmqeStzNwdhB,2022-01-19T11:00:00.000Z
manual,1642575600000,,manual,16.7,,TjtwdVQupuNBdoluPdPMKXCyuffTpq$0$manual$manual$0,QWNpxJ3VBMhniS0XO0zDZswgOcSLzR,2022-01-19T07:00:00.000Z
manual,1642561200000,,manual,16.7,,TjtwdVQupuNBdoluPdPMKXCyuffTpq$0$manual$manual$0,8aJuuKXHsPurrQcNRjCX19pQXmh4X9,2022-01-19T03:00:00.000Z
manual,1642546800000,,manual,17,,TjtwdVQupuNBdoluPdPMKXCyuffTpq$0$manual$manual$0,jFujiRVVBFOUTkWVZ2VgjK8tOsnCil,2022-01-18T23:00:00.000Z
manual,1642532400000,,manual,16.5,,TjtwdVQupuNBdoluPdPMKXCyuffTpq$0$manual$manual$0,PgQNOb157uB1Nj01WqeZHwB4ggTvE9,2022-01-18T19:00:00.000Z
manual,1642518000000,,manual,17.1,,TjtwdVQupuNBdoluPdPMKXCyuffTpq$0$manual$manual$0,l7eYXnXV0HkTEHnmZriyLx3Xc0w925,2022-01-18T15:00:00.000Z
manual,1642503600000,,manual,16.4,,TjtwdVQupuNBdoluPdPMKXCyuffTpq$0$manual$manual$0,bxW6H4oYDxMlYLTvJhjpSRlfA9MBjF,2022-01-18T11:00:00.000Z
manual,1642489200000,,manual,17.3,,TjtwdVQupuNBdoluPdPMKXCyuffTpq$0$manual$manual$0,nU8cvQkrL53bPIT6Exgq8Oi0F7Kt8S,2022-01-18T07:00:00.000Z
manual,1642474800000,,manual,16.5,,TjtwdVQupuNBdoluPdPMKXCyuffTpq$0$manual$manual$0,ia7kCeTw3lfuCDO5A7j7QlioYWB3oh,2022-01-18T03:00:00.000Z
manual,1642460400000,,manual,17.5,,TjtwdVQupuNBdoluPdPMKXCyuffTpq$0$manual$manual$0,d4dQT0t7gP41Dd7c6NVnEej5nV5PxQ,2022-01-17T23:00:00.000Z
manual,1642446000000,,manual,16.5,,TjtwdVQupuNBdoluPdPMKXCyuffTpq$0$manual$manual$0,AbcJRT1h9wVqqjGNJ0sW8B4Qw62eWB,2022-01-17T19:00:00.000Z
manual,1642431600000,,manual,17.3,,TjtwdVQupuNBdoluPdPMKXCyuffTpq$0$manual$manual$0,xLpcvGEAJwB6SFR8UrOQqifazMgsRh,2022-01-17T15:00:00.000Z
manual,1642417200000,,manual,16.5,,TjtwdVQupuNBdoluPdPMKXCyuffTpq$0$manual$manual$0,1lXfWRlIBW0lt40xJ5vIzmoBfBaHZ0,2022-01-17T11:00:00.000Z
manual,1642402800000,,manual,17,,TjtwdVQupuNBdoluPdPMKXCyuffTpq$0$manual$manual$0,wb4iwmm2uP1Zg86eUR9eHmGMT5YnkT,2022-01-17T07:00:00.000Z
manual,1642388400000,,manual,16.6,,TjtwdVQupuNBdoluPdPMKXCyuffTpq$0$manual$manual$0,mfe3ffKRA4dvM7l5SM93NoeIGvVwc0,2022-01-17T03:00:00.000Z
manual,1642374000000,,manual,16.9,,TjtwdVQupuNBdoluPdPMKXCyuffTpq$0$manual$manual$0,KgmA5oxiMNHX8WMU00NxdJjVojnqOC,2022-01-16T23:00:00.000Z
manual,1642359600000,,manual,16.8,,TjtwdVQupuNBdoluPdPMKXCyuffTpq$0$manual$manual$0,N02aM2gBqE9H5xRtdk50gqTLJ0NmlF,2022-01-16T19:00:00.000Z
manual,1642345200000,,manual,17,,TjtwdVQupuNBdoluPdPMKXCyuffTpq$0$manual$manual$0,p1VJS5CxlzaW0vpViy2pHd0g8vr2FH,2022-01-16T15:00:00.000Z
manual,1642330800000,,manual,17.8,,TjtwdVQupuNBdoluPdPMKXCyuffTpq$0$manual$manual$0,od5h00IFgXNzHgoJxNjtoXZAHIeRzj,2022-01-16T11:00:00.000Z
manual,1642316400000,,manual,17.3,,TjtwdVQupuNBdoluPdPMKXCyuffTpq$0$manual$manual$0,Y7X3JHOFwVo5G0Nz08DlAqekzjGiB4,2022-01-16T07:00:00.000Z
manual,1642302000000,,manual,16.9,,TjtwdVQupuNBdoluPdPMKXCyuffTpq$0$manual$manual$0,GrE4fIn6RPYRHuwJFyWqgTl1q0TxqG,2022-01-16T03:00:00.000Z
manual,1642287600000,,manual,17.9,,TjtwdVQupuNBdoluPdPMKXCyuffTpq$0$manual$manual$0,QHHro87S7XjZqQAR38dtjPuR0PlU7i,2022-01-15T23:00:00.000Z
manual,1642273200000,,manual,17.2,,TjtwdVQupuNBdoluPdPMKXCyuffTpq$0$manual$manual$0,21zfQKsNGNcG8omd0lkx58I8zoQPw4,2022-01-15T19:00:00.000Z
manual,1642258800000,,manual,16.3,,TjtwdVQupuNBdoluPdPMKXCyuffTpq$0$manual$manual$0,05pimWzL30Kwsuj4pOX5goYlFox9Kv,2022-01-15T15:00:00.000Z
manual,1642244400000,1.005,manual,17.7,,TjtwdVQupuNBdoluPdPMKXCyuffTpq$0$manual$manual$0,BWJjYpfEhESaHuwtoUr2pDFbPXVmg3,2022-01-15T11:00:00.000Z,4.51
manual,1642230000000,,manual,16.7,,TjtwdVQupuNBdoluPdPMKXCyuffTpq$0$manual$manual$0,0Kb6O9gWmHlWCxNF4HMETVDcWUYWSp,2022-01-15T07:00:00.000Z,
manual,1642215600000,,manual,16.4,,TjtwdVQupuNBdoluPdPMKXCyuffTpq$0$manual$manual$0,wGhutmxMCG1BuzFOIFsN0C4OhfUMiW,2022-01-15T03:00:00.000Z,
manual,1642201200000,,manual,16.5,,TjtwdVQupuNBdoluPdPMKXCyuffTpq$0$manual$manual$0,JONJcZJZYkFtWilY5Rip8j3gWKkleK,2022-01-14T23:00:00.000Z,
manual,1642186800000,,manual,17,,TjtwdVQupuNBdoluPdPMKXCyuffTpq$0$manual$manual$0,PbC2WQacrPAsWTL074s5F22VkXVwXf,2022-01-14T19:00:00.000Z,
manual,1642172400000,,manual,16.4,,TjtwdVQupuNBdoluPdPMKXCyuffTpq$0$manual$manual$0,pm0rZIUtGr4lgRGTxUW08vKcdfLZbA,2022-01-14T15:00:00.000Z,
manual,1642158000000,,manual,16.4,,TjtwdVQupuNBdoluPdPMKXCyuffTpq$0$manual$manual$0,L0TBUMiztdm37VIHE3ACzxYLSwdIvC,2022-01-14T11:00:00.000Z,
manual,1642143600000,,manual,16.7,,TjtwdVQupuNBdoluPdPMKXCyuffTpq$0$manual$manual$0,ZqCIDdJZmXnsUg4xmtb8pP6sA0X8EI,2022-01-14T07:00:00.000Z,
manual,1642129200000,,manual,16.1,,TjtwdVQupuNBdoluPdPMKXCyuffTpq$0$manual$manual$0,oKfbxuGxCjnj28XrecUPIX7HYvY0vV,2022-01-14T03:00:00.000Z,
manual,1642114800000,,manual,16.8,,TjtwdVQupuNBdoluPdPMKXCyuffTpq$0$manual$manual$0,XlTyn9Fk09wfgV61pIIPesVbhEIDhZ,2022-01-13T23:00:00.000Z,
manual,1642100400000,,manual,16.5,,TjtwdVQupuNBdoluPdPMKXCyuffTpq$0$manual$manual$0,8rwqxaTjeOt1pcMkS8eg0tY9BxyGYy,2022-01-13T19:00:00.000Z,
manual,1642086000000,,manual,16.1,,TjtwdVQupuNBdoluPdPMKXCyuffTpq$0$manual$manual$0,xVdXGUgZci3c0lyObNe1qvlM8hoB7m,2022-01-13T15:00:00.000Z,
manual,1642071600000,,manual,16.5,,TjtwdVQupuNBdoluPdPMKXCyuffTpq$0$manual$manual$0,x51j7lnVTSa0gQ8FXhaUmEdCv2YWpP,2022-01-13T11:00:00.000Z,
manual,1642057200000,,manual,16.8,,TjtwdVQupuNBdoluPdPMKXCyuffTpq$0$manual$manual$0,Yigv7m6IT8VSf2NAVhGMkZZSdQW7KJ,2022-01-13T07:00:00.000Z,
manual,1642042800000,,manual,16,,TjtwdVQupuNBdoluPdPMKXCyuffTpq$0$manual$manual$0,O5rQbrgNdEIgapHVZZRBZOiqYwWm3T,2022-01-13T03:00:00.000Z,
manual,1642028400000,,manual,16.9,,TjtwdVQupuNBdoluPdPMKXCyuffTpq$0$manual$manual$0,T1I39W7kYWNDo0BEKJBcsyB2VaPKbQ,2022-01-12T23:00:00.000Z,
manual,1642014000000,,manual,16.4,,TjtwdVQupuNBdoluPdPMKXCyuffTpq$0$manual$manual$0,unPpySxir5JoGzlshAwlxQ3KrkFdHN,2022-01-12T19:00:00.000Z,
manual,1641999600000,,manual,16.3,,TjtwdVQupuNBdoluPdPMKXCyuffTpq$0$manual$manual$0,1ZP6B5M4Aj5RxST8BVCPgmmwXIaj35,2022-01-12T15:00:00.000Z,
manual,1641985200000,,manual,17.5,,TjtwdVQupuNBdoluPdPMKXCyuffTpq$0$manual$manual$0,wvk7xw7xMfvG0Hy2Sd2B6JnPl7Bl2K,2022-01-12T11:00:00.000Z,
manual,1641970800000,,manual,17.6,,TjtwdVQupuNBdoluPdPMKXCyuffTpq$0$manual$manual$0,RVmlFujVP4LHEZkJLVang7WkP2NtOW,2022-01-12T07:00:00.000Z,
manual,1641956400000,,manual,17.9,,TjtwdVQupuNBdoluPdPMKXCyuffTpq$0$manual$manual$0,3G8cGhcCEfyevKbUDoShYPLuHGCGWm,2022-01-12T03:00:00.000Z,
manual,1641942000000,,manual,17.6,,TjtwdVQupuNBdoluPdPMKXCyuffTpq$0$manual$manual$0,T3WNnPfRBGgul1ubwpGCCxWedPof0Y,2022-01-11T23:00:00.000Z,
manual,1641928500000,,manual,19.1,,TjtwdVQupuNBdoluPdPMKXCyuffTpq$0$manual$manual$0,WCWqNKn9gjOvIPvIxHxLsKAj9gzGYb,2022-01-11T19:15:00.000Z,
manual,1641927600000,,manual,17.9,,TjtwdVQupuNBdoluPdPMKXCyuffTpq$0$manual$manual$0,Asnzo5BAcRpmLYcucay3nT5cY1dTeM,2022-01-11T19:00:00.000Z,
manual,1641926700000,,manual,19.1,,TjtwdVQupuNBdoluPdPMKXCyuffTpq$0$manual$manual$0,lVqoirld5i4yLHkzIEZE3atdDN6aUx,2022-01-11T18:45:00.000Z,
manual,1641913200000,,manual,19.6,,TjtwdVQupuNBdoluPdPMKXCyuffTpq$0$manual$manual$0,dXxvfZ2638WJYgDZ0yVFjiDLy9woxm,2022-01-11T15:00:00.000Z,
manual,1641898800000,,manual,19.7,,TjtwdVQupuNBdoluPdPMKXCyuffTpq$0$manual$manual$0,64lyOTtqeFtVAjp6xm8MCFL7jdLmkw,2022-01-11T11:00:00.000Z,
manual,1641884400000,,manual,19.8,,TjtwdVQupuNBdoluPdPMKXCyuffTpq$0$manual$manual$0,9MwA0fhtgS3GH12N7cUX2fJ9Gqt6P6,2022-01-11T07:00:00.000Z,
manual,1641870000000,,manual,19.6,,TjtwdVQupuNBdoluPdPMKXCyuffTpq$0$manual$manual$0,oPDgLPZZ3ey3oNP1zqx6SG1CybwG78,2022-01-11T03:00:00.000Z,
manual,1641855600000,,manual,19,,TjtwdVQupuNBdoluPdPMKXCyuffTpq$0$manual$manual$0,Kpu8v1vmcOKDIzFm5H0zI7Xn3qQ2iM,2022-01-10T23:00:00.000Z,
manual,1641841200000,,manual,19.3,,TjtwdVQupuNBdoluPdPMKXCyuffTpq$0$manual$manual$0,PT1Ag5gJDezHbJWfdmU3GCUs6p65qQ,2022-01-10T19:00:00.000Z,
manual,1641826800000,,manual,19.5,,TjtwdVQupuNBdoluPdPMKXCyuffTpq$0$manual$manual$0,GX9fzUkD031aG9fRN8OwzU6U1hmyAf,2022-01-10T15:00:00.000Z,
manual,1641812400000,,manual,19.8,,TjtwdVQupuNBdoluPdPMKXCyuffTpq$0$manual$manual$0,kNRJvuZSecORORdDhbWWki0Tj1wqbC,2022-01-10T11:00:00.000Z,
manual,1641798000000,,manual,19.2,,TjtwdVQupuNBdoluPdPMKXCyuffTpq$0$manual$manual$0,Bf1XM5Co66twHSo15BDsXmWVMYtpNn,2022-01-10T07:00:00.000Z,
manual,1641783600000,,manual,19.9,,TjtwdVQupuNBdoluPdPMKXCyuffTpq$0$manual$manual$0,nEeEb0Bq1Sg48Pmw5HWYDKW3CPuf37,2022-01-10T03:00:00.000Z,
manual,1641769200000,,manual,19.7,,TjtwdVQupuNBdoluPdPMKXCyuffTpq$0$manual$manual$0,YrRFekpHyi5w559sZ2tNvUDx6w6yat,2022-01-09T23:00:00.000Z,
manual,1641754800000,,manual,19.9,,TjtwdVQupuNBdoluPdPMKXCyuffTpq$0$manual$manual$0,Jqt9owMWed7Pb30t18DUaj98KhjxEg,2022-01-09T19:00:00.000Z,
manual,1641740400000,,manual,19.7,,TjtwdVQupuNBdoluPdPMKXCyuffTpq$0$manual$manual$0,nLspeeAeUsgSR7f01d2Z7z8PnTSZSg,2022-01-09T15:00:00.000Z,
manual,1641726000000,,manual,19.3,,TjtwdVQupuNBdoluPdPMKXCyuffTpq$0$manual$manual$0,atSmxA0hov0DbFskKiZz7doyfDqxvz,2022-01-09T11:00:00.000Z,
manual,1641711600000,,manual,19.7,,TjtwdVQupuNBdoluPdPMKXCyuffTpq$0$manual$manual$0,frI8I4YOTFjplLnXlacC200vyuGZOK,2022-01-09T07:00:00.000Z,
manual,1641697200000,,manual,19.5,,TjtwdVQupuNBdoluPdPMKXCyuffTpq$0$manual$manual$0,AfjRnE1GGGlvvmSz3KNQZo7DuXaK0J,2022-01-09T03:00:00.000Z,
manual,1641682800000,,manual,19.3,,TjtwdVQupuNBdoluPdPMKXCyuffTpq$0$manual$manual$0,HeeropRcedYvmgDJNxWcBAgLd4nZbz,2022-01-08T23:00:00.000Z,
manual,1641668400000,,manual,19.5,,TjtwdVQupuNBdoluPdPMKXCyuffTpq$0$manual$manual$0,3akvL54y1z9Nti6uPTzlWDPCtN1Opn,2022-01-08T19:00:00.000Z,
manual,1641654000000,,manual,19.5,,TjtwdVQupuNBdoluPdPMKXCyuffTpq$0$manual$manual$0,7WXEMSTu335zRGGofVmZUTJkFeWJXz,2022-01-08T15:00:00.000Z,
manual,1641639600000,,manual,19.6,,TjtwdVQupuNBdoluPdPMKXCyuffTpq$0$manual$manual$0,gGURljHoIUq7bCvxtkpmRz1KyAGatX,2022-01-08T11:00:00.000Z,
manual,1641625200000,,manual,19.2,,TjtwdVQupuNBdoluPdPMKXCyuffTpq$0$manual$manual$0,nx03St7sdSB8lezxLWyTfhz5hHhcvg,2022-01-08T07:00:00.000Z,
manual,1641610800000,,manual,19.5,,TjtwdVQupuNBdoluPdPMKXCyuffTpq$0$manual$manual$0,9NHMI5RrqBU7n9CHm8uQUiV6ZraiFh,2022-01-08T03:00:00.000Z,
manual,1641596400000,,manual,19.4,,TjtwdVQupuNBdoluPdPMKXCyuffTpq$0$manual$manual$0,evFuvjS6OOQ3P5UdgRiuyY5zFiLuYf,2022-01-07T23:00:00.000Z,
manual,1641582000000,,manual,17.7,,TjtwdVQupuNBdoluPdPMKXCyuffTpq$0$manual$manual$0,LktUhGjjVrgeQT7I3NUQIJFhJWRtXq,2022-01-07T19:00:00.000Z,
manual,1641567600000,,manual,17.6,,TjtwdVQupuNBdoluPdPMKXCyuffTpq$0$manual$manual$0,uVDQzUWbBzF6uWVdA2ZMGPXgSJiLyK,2022-01-07T15:00:00.000Z,
manual,1641553200000,,manual,17.7,,TjtwdVQupuNBdoluPdPMKXCyuffTpq$0$manual$manual$0,GrmhhTilF8R6CurgNsP0zPgpSnrpcI,2022-01-07T11:00:00.000Z,
manual,1641538800000,,manual,17.7,,TjtwdVQupuNBdoluPdPMKXCyuffTpq$0$manual$manual$0,UOZP95QEGWolCKBwr8N1aKzhmeVgIF,2022-01-07T07:00:00.000Z,
manual,1641524400000,,manual,17,,TjtwdVQupuNBdoluPdPMKXCyuffTpq$0$manual$manual$0,pilSGLRt5TeUrLIjVbMf4IBFnHZzup,2022-01-07T03:00:00.000Z,
manual,1641510000000,,manual,17.6,,TjtwdVQupuNBdoluPdPMKXCyuffTpq$0$manual$manual$0,VHmqTBAEJMCC5xKRrkXWW25Zcat42n,2022-01-06T23:00:00.000Z,
manual,1641495600000,,manual,17.5,,TjtwdVQupuNBdoluPdPMKXCyuffTpq$0$manual$manual$0,vroQThzcAsvGxAumOMhlKFib2YBzyC,2022-01-06T19:00:00.000Z,
manual,1641481200000,,manual,17.2,,TjtwdVQupuNBdoluPdPMKXCyuffTpq$0$manual$manual$0,Pyl7ztAJKt1TwLmmenR7huET1qZpxG,2022-01-06T15:00:00.000Z,
manual,1641466800000,,manual,17.3,,TjtwdVQupuNBdoluPdPMKXCyuffTpq$0$manual$manual$0,sTjD2ShMoJ5Ymb2NH0fPn54EAA4Vjp,2022-01-06T11:00:00.000Z,
manual,1641452400000,,manual,17.2,,TjtwdVQupuNBdoluPdPMKXCyuffTpq$0$manual$manual$0,Txd8s9K8cVtdvRvneRqZEaF8VEmc4w,2022-01-06T07:00:00.000Z,
manual,1641438000000,,manual,17.2,,TjtwdVQupuNBdoluPdPMKXCyuffTpq$0$manual$manual$0,5ZYlzjT1VD7IvxW984DqO3T6osSDPz,2022-01-06T03:00:00.000Z,
manual,1641423600000,,manual,17.3,,TjtwdVQupuNBdoluPdPMKXCyuffTpq$0$manual$manual$0,qDuGoovOA7KpQw9Pnoh2rHZbnrY4kN,2022-01-05T23:00:00.000Z,
manual,1641409200000,,manual,17.1,,TjtwdVQupuNBdoluPdPMKXCyuffTpq$0$manual$manual$0,oXnURDYqUXPdYANHFogqfh8V68er91,2022-01-05T19:00:00.000Z,
manual,1641394800000,,manual,17.1,,TjtwdVQupuNBdoluPdPMKXCyuffTpq$0$manual$manual$0,cOuouiCCaGYGnH1RPAAZ6YH8xn8mxM,2022-01-05T15:00:00.000Z,
manual,1641380400000,,manual,17.7,,TjtwdVQupuNBdoluPdPMKXCyuffTpq$0$manual$manual$0,Bd3Om2j1tVDz7HXi0CMdVWE3ya9ZAX,2022-01-05T11:00:00.000Z,
manual,1641366000000,,manual,18,,TjtwdVQupuNBdoluPdPMKXCyuffTpq$0$manual$manual$0,bPeE78rrQ5BzqtUE7uWKr4LbXzvEH0,2022-01-05T07:00:00.000Z,
manual,1641351600000,,manual,17.7,,TjtwdVQupuNBdoluPdPMKXCyuffTpq$0$manual$manual$0,GRiEieUgju5IMqYCwtl4UAu2kgafUz,2022-01-05T03:00:00.000Z,
manual,1641337200000,,manual,17.1,,TjtwdVQupuNBdoluPdPMKXCyuffTpq$0$manual$manual$0,o0DmAt1AnO5ExujujbzGpayqtuxGPE,2022-01-04T23:00:00.000Z,
manual,1641323700000,,manual,17,,TjtwdVQupuNBdoluPdPMKXCyuffTpq$0$manual$manual$0,1duFGnw727sqIUEpqdLpTjNAMniQEN,2022-01-04T19:15:00.000Z,
manual,1641308400000,,manual,17.1,,TjtwdVQupuNBdoluPdPMKXCyuffTpq$0$manual$manual$0,yZ5iHe9axHWn95ZXzs8yE33jEBAmux,2022-01-04T15:00:00.000Z,
manual,1641294000000,,manual,17.7,,TjtwdVQupuNBdoluPdPMKXCyuffTpq$0$manual$manual$0,RGFBQVxQmnShGyxdoaT8IewlojXlcB,2022-01-04T11:00:00.000Z,
manual,1641278700000,,manual,17.2,,TjtwdVQupuNBdoluPdPMKXCyuffTpq$0$manual$manual$0,xNrzv2Q3NdTah3GzvBSdoL5nzwNSAm,2022-01-04T06:45:00.000Z,
manual,1641265200000,,manual,17.6,,TjtwdVQupuNBdoluPdPMKXCyuffTpq$0$manual$manual$0,qNKqXQKc99xQcOYIkf0nv9hwPYBf2b,2022-01-04T03:00:00.000Z,
manual,1641250800000,,manual,17.7,,TjtwdVQupuNBdoluPdPMKXCyuffTpq$0$manual$manual$0,38fWoeuZCIqBjaNs32kR02ynhF2kc1,2022-01-03T23:00:00.000Z,
manual,1641238200000,,manual,17.4,,TjtwdVQupuNBdoluPdPMKXCyuffTpq$0$manual$manual$0,bdzMCEtKlTmMkIpgJ6aS3S0dCKbe7E,2022-01-03T19:30:00.000Z,
manual,1641222900000,,manual,17.8,,TjtwdVQupuNBdoluPdPMKXCyuffTpq$0$manual$manual$0,foW53kVfWw2g6VGMjcapXcTCebd1Vq,2022-01-03T15:15:00.000Z,
manual,1641207600000,,manual,17.4,,TjtwdVQupuNBdoluPdPMKXCyuffTpq$0$manual$manual$0,TjGGpvLoxBikQ7TzY2OPYP2LaoUAWo,2022-01-03T11:00:00.000Z,
manual,1641195900000,,manual,17.1,,TjtwdVQupuNBdoluPdPMKXCyuffTpq$0$manual$manual$0,s29neLFh4mwCXW2iCEdSeAf3BVVced,2022-01-03T07:45:00.000Z,
manual,1641178800000,,manual,17.4,,TjtwdVQupuNBdoluPdPMKXCyuffTpq$0$manual$manual$0,UslnxoyUycgTjhq2lEcCGZd9XjVeLP,2022-01-03T03:00:00.000Z,
manual,1641164400000,,manual,17.5,,TjtwdVQupuNBdoluPdPMKXCyuffTpq$0$manual$manual$0,swipRUgpXP4sKUh4AuJHG3gj7MNcSX,2022-01-02T23:00:00.000Z,
manual,1641160800000,,manual,17,,TjtwdVQupuNBdoluPdPMKXCyuffTpq$0$manual$manual$0,kvIRIk2AtI2AxH4CM35D92GNfC5Zjl,2022-01-02T22:00:00.000Z,
manual,1641139200000,,manual,17.1,,TjtwdVQupuNBdoluPdPMKXCyuffTpq$0$manual$manual$0,7a9h4yfNj39LlWWDFeYHmrOs6zrIqg,2022-01-02T16:00:00.000Z,
manual,1641124800000,,manual,17,,TjtwdVQupuNBdoluPdPMKXCyuffTpq$0$manual$manual$0,okEWKtsSSAmw7p828EsO9HDC4S18VL,2022-01-02T12:00:00.000Z,
manual,1641114900000,,manual,17.3,,TjtwdVQupuNBdoluPdPMKXCyuffTpq$0$manual$manual$0,MAOMFE0i8hydJS9AogtIaIh8iEakdO,2022-01-02T09:15:00.000Z,
manual,1641106800000,,manual,17.6,,TjtwdVQupuNBdoluPdPMKXCyuffTpq$0$manual$manual$0,ovR6yCaIyYNHrAWits8afbIFPXkNCw,2022-01-02T07:00:00.000Z,
manual,1641092400000,,manual,17.2,,TjtwdVQupuNBdoluPdPMKXCyuffTpq$0$manual$manual$0,YQrJXEtEbg4LkrVqkQjTMYfPJL9KjA,2022-01-02T03:00:00.000Z,
manual,1641078000000,,manual,17.1,,TjtwdVQupuNBdoluPdPMKXCyuffTpq$0$manual$manual$0,tIpibH0TIvnlRZo8KvGI2TfCwrLvB6,2022-01-01T23:00:00.000Z,
manual,1641076200000,,manual,16.6,,TjtwdVQupuNBdoluPdPMKXCyuffTpq$0$manual$manual$0,AmyfKOLhItsAcvI68ERT9CE8TSRUiI,2022-01-01T22:30:00.000Z,
manual,1641061800000,,manual,17.5,,TjtwdVQupuNBdoluPdPMKXCyuffTpq$0$manual$manual$0,ZFd0vhmQuQbaec6zEujEl15WOmvr0t,2022-01-01T18:30:00.000Z,
manual,1641045600000,,manual,17.1,,TjtwdVQupuNBdoluPdPMKXCyuffTpq$0$manual$manual$0,16vSWblSoJsQEO7AedEaH1N7U6kQG1,2022-01-01T14:00:00.000Z,
manual,1641031200000,,manual,16.7,,TjtwdVQupuNBdoluPdPMKXCyuffTpq$0$manual$manual$0,Vj8ZSDyiK9sWVU63KszmWdZoAPE9Vc,2022-01-01T10:00:00.000Z,
manual,1641020400000,,manual,17,,TjtwdVQupuNBdoluPdPMKXCyuffTpq$0$manual$manual$0,91RVBaTEWn2lPUdxOooFaysvzG1feq,2022-01-01T07:00:00.000Z,
manual,1641006000000,,manual,17.4,,TjtwdVQupuNBdoluPdPMKXCyuffTpq$0$manual$manual$0,6TTdJKpxY4HgkaabXj3UK4DoVEJkLj,2022-01-01T03:00:00.000Z,
manual,1640991600000,,manual,16.6,,TjtwdVQupuNBdoluPdPMKXCyuffTpq$0$manual$manual$0,rseMKVWaSqjO9SmaUg19k9ND3f83eS,2021-12-31T23:00:00.000Z,
manual,1640979000000,,manual,16.7,,TjtwdVQupuNBdoluPdPMKXCyuffTpq$0$manual$manual$0,gLGjNTGvRvApdjVhZjUHUTyGYFieod,2021-12-31T19:30:00.000Z,
manual,1640960100000,,manual,16.6,,TjtwdVQupuNBdoluPdPMKXCyuffTpq$0$manual$manual$0,A9fAPu7JPt1eNGHmJcGfEeP5Pi0KPz,2021-12-31T14:15:00.000Z,
manual,1640948400000,,manual,16.7,,TjtwdVQupuNBdoluPdPMKXCyuffTpq$0$manual$manual$0,OksgFT0Hk3qdp4XCt0vpyCineZbC6d,2021-12-31T11:00:00.000Z,
manual,1640939400000,,manual,17.3,,TjtwdVQupuNBdoluPdPMKXCyuffTpq$0$manual$manual$0,MKrHDbrkfx7FKjrpgHaPEH8nv5ev85,2021-12-31T08:30:00.000Z,
manual,1640934000000,,manual,16.6,,TjtwdVQupuNBdoluPdPMKXCyuffTpq$0$manual$manual$0,M6qTR50cjvO4X2S4WDuvewOaOaiRcI,2021-12-31T07:00:00.000Z,
manual,1640919600000,,manual,16.7,,TjtwdVQupuNBdoluPdPMKXCyuffTpq$0$manual$manual$0,r0yaJfTuEOm70WipAIHjNm5zncvsF2,2021-12-31T03:00:00.000Z,
manual,1640905200000,,manual,16.8,,TjtwdVQupuNBdoluPdPMKXCyuffTpq$0$manual$manual$0,Fsqg1En8DQ2EaGl5m364o6gGx0hNEM,2021-12-30T23:00:00.000Z,
manual,1640892600000,,manual,16.9,,TjtwdVQupuNBdoluPdPMKXCyuffTpq$0$manual$manual$0,3OWmIJR2XZHjejGplis2h6pwDDXz9Z,2021-12-30T19:30:00.000Z,
manual,1640876400000,,manual,17.4,,TjtwdVQupuNBdoluPdPMKXCyuffTpq$0$manual$manual$0,7iy70WApBMPvS9OXCCroya0nCWHUv3,2021-12-30T15:00:00.000Z,
manual,1640862000000,,manual,16.6,,TjtwdVQupuNBdoluPdPMKXCyuffTpq$0$manual$manual$0,Bq3GDNXgGwH8S1O7utGCc6vhooiVTS,2021-12-30T11:00:00.000Z,
manual,1640852100000,,manual,16.8,,TjtwdVQupuNBdoluPdPMKXCyuffTpq$0$manual$manual$0,MLJHZrgEHcArQeaFPPT4z118ws7Lox,2021-12-30T08:15:00.000Z,
manual,1640847600000,,manual,17.5,,TjtwdVQupuNBdoluPdPMKXCyuffTpq$0$manual$manual$0,jOYZICejJGKmfyfbYhKk0MpkL7r7ZQ,2021-12-30T07:00:00.000Z,
manual,1640833200000,,manual,17,,TjtwdVQupuNBdoluPdPMKXCyuffTpq$0$manual$manual$0,9ob4dE3b0yLX78Z859WOBovkXCC1DG,2021-12-30T03:00:00.000Z,
manual,1640830500000,,manual,16.8,,TjtwdVQupuNBdoluPdPMKXCyuffTpq$0$manual$manual$0,ZuYvOPafUQ5Z2oL9Fwvt4pgETOXnyc,2021-12-30T02:15:00.000Z,
manual,1640818800000,,manual,16.7,,TjtwdVQupuNBdoluPdPMKXCyuffTpq$0$manual$manual$0,X0FJMJKLOBFJQ9ALF3vUhOQsB57CCz,2021-12-29T23:00:00.000Z,
manual,1640804400000,,manual,16.8,,TjtwdVQupuNBdoluPdPMKXCyuffTpq$0$manual$manual$0,qOOCt2CnGu6uEGIL2MgMzAmC3HsIHc,2021-12-29T19:00:00.000Z,
manual,1640793180000,,manual,16.8,,TjtwdVQupuNBdoluPdPMKXCyuffTpq$0$manual$manual$0,OUlCfcfSswtET9w8TwMjeHzJFP2I0F,2021-12-29T15:53:00.000Z,
manual,1640790000000,,manual,17.1,,TjtwdVQupuNBdoluPdPMKXCyuffTpq$0$manual$manual$0,FxGnfTFxkSilYbZirZ7xb9kwFABeML,2021-12-29T15:00:00.000Z,
manual,1640775600000,,manual,16.7,,TjtwdVQupuNBdoluPdPMKXCyuffTpq$0$manual$manual$0,7lBe2pKrQcZGxTmdk2631uPFmTMoX5,2021-12-29T11:00:00.000Z,
manual,1640766900000,,manual,15.8,,TjtwdVQupuNBdoluPdPMKXCyuffTpq$0$manual$manual$0,3eXf8nkseMFD5k20jBAoaItmaxLn0B,2021-12-29T08:35:00.000Z,
manual,1640761200000,,manual,16,,TjtwdVQupuNBdoluPdPMKXCyuffTpq$0$manual$manual$0,38vNA0oKGt5gLDpjzGIOv4XaIcZoVC,2021-12-29T07:00:00.000Z,
manual,1640746800000,,manual,17,,TjtwdVQupuNBdoluPdPMKXCyuffTpq$0$manual$manual$0,KLixyG0LhOojfYXNpRFvAGLADoLLYX,2021-12-29T03:00:00.000Z,
manual,1640732400000,,manual,17.1,,TjtwdVQupuNBdoluPdPMKXCyuffTpq$0$manual$manual$0,Grh1VSBlHbnnZDs2gL0BcMNq3EmdLX,2021-12-28T23:00:00.000Z,
manual,1640725200000,1.042,manual,22.2,,TjtwdVQupuNBdoluPdPMKXCyuffTpq$0$manual$manual$0,5TVeAnesNoXizaG6ZJU98CuyVomZhK,2021-12-28T21:00:00.000Z,,0.145038