id,temp,type,time,sg,comment,__acc_reading_doc_id,__acc_reading_data_id,timepoint,ph,pressure
manual,20,manual,1662228000000,,,86bcrqg3mfZLgOjUeotEborOjc2yYk$0$manual$manual$0,7V71rrQvwxVzL8NLTomnMKD1m5qucp,2022-09-03T18:00:00.000Z
manual,19.4,manual,1662213600000,,,86bcrqg3mfZLgOjUeotEborOjc2yYk$0$manual$manual$0,uPZgEFKhJA1DOLNRMiwnXGeloGKBDf,2022-09-03T14:00:00.000Z
manual,19.4,manual,1662199200000,,,86bcrqg3mfZLgOjUeotEborOjc2yYk$0$manual$manual$0,VFLNRIy6Qz1GVONlAx6IZcXpgnb27n,2022-09-03T10:00:00.000Z
manual,19.4,manual,1662184800000,,,86bcrqg3mfZLgOjUeotEborOjc2yYk$0$manual$manual$0,Mqn5MzYPZSddh7z7UDb7EI6iKBXPzr,2022-09-03T06:00:00.000Z
manual,19.4,manual,1662170400000,,,86bcrqg3mfZLgOjUeotEborOjc2yYk$0$manual$manual$0,2nahgYMbLenaw83A252lChjA1FhT9o,2022-09-03T02:00:00.000Z
manual,19.4,manual,1662156000000,,,86bcrqg3mfZLgOjUeotEborOjc2yYk$0$manual$manual$0,oeWvTGr6w0y5jQ0m4MLcgeiX66JD3I,2022-09-02T22:00:00.000Z
manual,19.7,manual,1662141600000,,,86bcrqg3mfZLgOjUeotEborOjc2yYk$0$manual$manual$0,IMhHMxjcB0QaeZhVwCNjYzRbLh4OoO,2022-09-02T18:00:00.000Z
manual,19.3,manual,1662127200000,,,86bcrqg3mfZLgOjUeotEborOjc2yYk$0$manual$manual$0,hUw3mmjPcwejxoFZ5GyXb9UyVWyOLi,2022-09-02T14:00:00.000Z
manual,19.3,manual,1662112800000,,,86bcrqg3mfZLgOjUeotEborOjc2yYk$0$manual$manual$0,zPRTVpoPUD7WCe9vVtjYwgmEaUkgwL,2022-09-02T10:00:00.000Z
manual,19.6,manual,1662098400000,,,86bcrqg3mfZLgOjUeotEborOjc2yYk$0$manual$manual$0,UezH06p1rwuvpEAxImd5Sx9KJIo9r4,2022-09-02T06:00:00.000Z
manual,19.7,manual,1662084000000,,,86bcrqg3mfZLgOjUeotEborOjc2yYk$0$manual$manual$0,TNX7nMw8QarzZFPxmPP5vmKJtEow5X,2022-09-02T02:00:00.000Z
manual,19.7,manual,1662069600000,,,86bcrqg3mfZLgOjUeotEborOjc2yYk$0$manual$manual$0,kymNxCbNZKytA63FhkkZl0U9qBZcaP,2022-09-01T22:00:00.000Z
manual,19.5,manual,1662055200000,,,86bcrqg3mfZLgOjUeotEborOjc2yYk$0$manual$manual$0,XvlPMYn4z09dmXtbcy8PKjlhvzzhIu,2022-09-01T18:00:00.000Z
manual,19.2,manual,1662040800000,,,86bcrqg3mfZLgOjUeotEborOjc2yYk$0$manual$manual$0,SZBQYsqIkxuWxSxuwkKnUsBH5bEB0X,2022-09-01T14:00:00.000Z
manual,19.2,manual,1662026400000,,,86bcrqg3mfZLgOjUeotEborOjc2yYk$0$manual$manual$0,KDLQwiYrkjaVPhsHJqViktYPeZdza8,2022-09-01T10:00:00.000Z
manual,19.5,manual,1662012000000,,,86bcrqg3mfZLgOjUeotEborOjc2yYk$0$manual$manual$0,d7zpQ7hEUk4d3ThMQg885XxmIiAAFd,2022-09-01T06:00:00.000Z
manual,19.7,manual,1661997600000,,,86bcrqg3mfZLgOjUeotEborOjc2yYk$0$manual$manual$0,LOew5gqDgRmMDLweuj5uGhT0miewLL,2022-09-01T02:00:00.000Z
manual,19.7,manual,1661983200000,,,86bcrqg3mfZLgOjUeotEborOjc2yYk$0$manual$manual$0,A7WZhtO9iQfOTt4HpvebgKfxE3CyrG,2022-08-31T22:00:00.000Z
manual,19.5,manual,1661968800000,,,86bcrqg3mfZLgOjUeotEborOjc2yYk$0$manual$manual$0,nngHmAoNmI0ND3q0WfHbAhqQTprKFw,2022-08-31T18:00:00.000Z
manual,19.4,manual,1661954400000,,,86bcrqg3mfZLgOjUeotEborOjc2yYk$0$manual$manual$0,mhxHEcElyij0bFam1I13ch7E2TAC7n,2022-08-31T14:00:00.000Z
manual,19.4,manual,1661940000000,,,86bcrqg3mfZLgOjUeotEborOjc2yYk$0$manual$manual$0,df5PyVk63SXCDMNg4iYD5lBJYW7gt1,2022-08-31T10:00:00.000Z
manual,19.7,manual,1661925600000,,,86bcrqg3mfZLgOjUeotEborOjc2yYk$0$manual$manual$0,uUFzEoRiN4lDQogYt1Mrj3q8Lv8Dkm,2022-08-31T06:00:00.000Z
manual,19.8,manual,1661911200000,,,86bcrqg3mfZLgOjUeotEborOjc2yYk$0$manual$manual$0,OFTxCOMKWbiYVEKxkCSooDe5WWB9ci,2022-08-31T02:00:00.000Z
manual,19.8,manual,1661896800000,,,86bcrqg3mfZLgOjUeotEborOjc2yYk$0$manual$manual$0,0QK4dWBVKpwtm1F7v6jPODrQ7d4sXh,2022-08-30T22:00:00.000Z
manual,19.6,manual,1661882400000,,,86bcrqg3mfZLgOjUeotEborOjc2yYk$0$manual$manual$0,SrOUqPg2qAvyGh4PZjqZtqo5oQPDNp,2022-08-30T18:00:00.000Z
manual,19.2,manual,1661868000000,,,86bcrqg3mfZLgOjUeotEborOjc2yYk$0$manual$manual$0,L1flZmelzZBqlTaiVmwwGPL6Onn3mC,2022-08-30T14:00:00.000Z
manual,19.2,manual,1661853600000,,,86bcrqg3mfZLgOjUeotEborOjc2yYk$0$manual$manual$0,EXP3UsopJekiQV5GzIz15K8CbKLYlI,2022-08-30T10:00:00.000Z
manual,19.2,manual,1661839200000,,,86bcrqg3mfZLgOjUeotEborOjc2yYk$0$manual$manual$0,MC5axJMB3JDn7UhTqs8F5Y7JGIv0iy,2022-08-30T06:00:00.000Z
manual,19.2,manual,1661824800000,,,86bcrqg3mfZLgOjUeotEborOjc2yYk$0$manual$manual$0,P19OLK1eyBPwqcpvyGmxlCwY3dpYnq,2022-08-30T02:00:00.000Z
manual,19.2,manual,1661810400000,,,86bcrqg3mfZLgOjUeotEborOjc2yYk$0$manual$manual$0,3Gm78b0HdIKAn3WSNv09cvRTuonM5Z,2022-08-29T22:00:00.000Z
manual,19.1,manual,1661796000000,,,86bcrqg3mfZLgOjUeotEborOjc2yYk$0$manual$manual$0,YxUqC2svxbCCGehX0hWBZGlgrPE0SB,2022-08-29T18:00:00.000Z
manual,19,manual,1661781600000,,,86bcrqg3mfZLgOjUeotEborOjc2yYk$0$manual$manual$0,VEqZZguIIIy78LgzRphYMGjM3UmuOV,2022-08-29T14:00:00.000Z
manual,19,manual,1661767200000,,,86bcrqg3mfZLgOjUeotEborOjc2yYk$0$manual$manual$0,bOaVQsOE1bcx4BMeK2ERxiHwyn5d7T,2022-08-29T10:00:00.000Z
manual,19.2,manual,1661752800000,,,86bcrqg3mfZLgOjUeotEborOjc2yYk$0$manual$manual$0,g4UXkeaMsiiw8cQwqxyWX1vUfU74MA,2022-08-29T06:00:00.000Z
manual,19.4,manual,1661738400000,,,86bcrqg3mfZLgOjUeotEborOjc2yYk$0$manual$manual$0,zIJizU29vLIk0QaQ5e7w6dxCFJhc5e,2022-08-29T02:00:00.000Z
manual,19.4,manual,1661724000000,,,86bcrqg3mfZLgOjUeotEborOjc2yYk$0$manual$manual$0,yNjfg8cZ94dubYKMz7PoEdyqjYlei1,2022-08-28T22:00:00.000Z
manual,19.3,manual,1661709600000,,,86bcrqg3mfZLgOjUeotEborOjc2yYk$0$manual$manual$0,a13M7AwAZScvxPrZ4VeQWcv86vFfay,2022-08-28T18:00:00.000Z
manual,19.1,manual,1661695200000,,,86bcrqg3mfZLgOjUeotEborOjc2yYk$0$manual$manual$0,Weff9aWuklsQLmXqLBYbNOGWrbCBHD,2022-08-28T14:00:00.000Z
manual,19.1,manual,1661680800000,,,86bcrqg3mfZLgOjUeotEborOjc2yYk$0$manual$manual$0,iGDpE6kmpW7xLs7lLcRoIwfAwX2KC1,2022-08-28T10:00:00.000Z
manual,19.2,manual,1661666400000,,,86bcrqg3mfZLgOjUeotEborOjc2yYk$0$manual$manual$0,MwU1AbFXT7BU1HVRmER4ES3fNYRObi,2022-08-28T06:00:00.000Z
manual,19.6,manual,1661652000000,,,86bcrqg3mfZLgOjUeotEborOjc2yYk$0$manual$manual$0,xW1RvJnWDVxEwjhrGMjfbMG3fdsbcy,2022-08-28T02:00:00.000Z
manual,19.6,manual,1661637600000,,,86bcrqg3mfZLgOjUeotEborOjc2yYk$0$manual$manual$0,dGPLke5HwX72hLBN0DVexmWFlRAfPt,2022-08-27T22:00:00.000Z
manual,19.6,manual,1661623200000,,,86bcrqg3mfZLgOjUeotEborOjc2yYk$0$manual$manual$0,UBga1PDl7lsf6Ee3dcPzMnqvv21CBG,2022-08-27T18:00:00.000Z
manual,19.5,manual,1661608800000,,,86bcrqg3mfZLgOjUeotEborOjc2yYk$0$manual$manual$0,17mGLRXMZ8AJlASQmhSRkMRvDF5Rls,2022-08-27T14:00:00.000Z
manual,19.5,manual,1661594400000,,,86bcrqg3mfZLgOjUeotEborOjc2yYk$0$manual$manual$0,jh7XJq1d40N08xA6NNFxT3vLDDv5u6,2022-08-27T10:00:00.000Z
manual,19.7,manual,1661580000000,,,86bcrqg3mfZLgOjUeotEborOjc2yYk$0$manual$manual$0,m6F8aDyBLDE5yYMvvJHCWmclfQqdRB,2022-08-27T06:00:00.000Z
manual,19.7,manual,1661565600000,,,86bcrqg3mfZLgOjUeotEborOjc2yYk$0$manual$manual$0,Itex3PToYi0Rjj9HyxhjWsZMyKsW2g,2022-08-27T02:00:00.000Z
manual,19.7,manual,1661551200000,,,86bcrqg3mfZLgOjUeotEborOjc2yYk$0$manual$manual$0,pD12UcM6OUoFzG1g0rt8x5tJ9SbWlD,2022-08-26T22:00:00.000Z
manual,19.9,manual,1661536800000,,,86bcrqg3mfZLgOjUeotEborOjc2yYk$0$manual$manual$0,SMEGUYTcW5mQGSlwdOa1wrZT2ezukN,2022-08-26T18:00:00.000Z
manual,19.9,manual,1661522400000,,,86bcrqg3mfZLgOjUeotEborOjc2yYk$0$manual$manual$0,u5ed02PS0iwmi1K53z9s4V5Wyq8N03,2022-08-26T14:00:00.000Z
manual,19.9,manual,1661508000000,,,86bcrqg3mfZLgOjUeotEborOjc2yYk$0$manual$manual$0,HUF7eerCmQkgo37rmtaC8yf5SNYc80,2022-08-26T10:00:00.000Z
manual,19.2,manual,1661493600000,,,86bcrqg3mfZLgOjUeotEborOjc2yYk$0$manual$manual$0,TUiNNIxOdAHdU9lPsJs3UyliNKfIh8,2022-08-26T06:00:00.000Z
manual,19.4,manual,1661479200000,,,86bcrqg3mfZLgOjUeotEborOjc2yYk$0$manual$manual$0,hM4zboNo3OFEuruQV0wpLzpPeJqLFp,2022-08-26T02:00:00.000Z
manual,19.9,manual,1661464800000,,,86bcrqg3mfZLgOjUeotEborOjc2yYk$0$manual$manual$0,JVSr0jLeVEchkUTYJB3SOK00FCi4EK,2022-08-25T22:00:00.000Z
manual,19.7,manual,1661450400000,,,86bcrqg3mfZLgOjUeotEborOjc2yYk$0$manual$manual$0,yNXOTPk6k5NWSKqJ2Qb5lsnF2UE6E6,2022-08-25T18:00:00.000Z
manual,19.8,manual,1661436000000,,,86bcrqg3mfZLgOjUeotEborOjc2yYk$0$manual$manual$0,JLjLORf7kfxPVK8JE7km900BGgNlxH,2022-08-25T14:00:00.000Z
manual,19.8,manual,1661421600000,,,86bcrqg3mfZLgOjUeotEborOjc2yYk$0$manual$manual$0,ZUafSAivw1F8qjjKfR48iuTJJM7tR0,2022-08-25T10:00:00.000Z
manual,19.7,manual,1661407200000,,,86bcrqg3mfZLgOjUeotEborOjc2yYk$0$manual$manual$0,Xja9ITijqVqX863YIBAyyNVxpGSLkG,2022-08-25T06:00:00.000Z
manual,19.6,manual,1661392800000,,,86bcrqg3mfZLgOjUeotEborOjc2yYk$0$manual$manual$0,jAaDxB2XLtD0EAyoYTFBmcSslmsvCl,2022-08-25T02:00:00.000Z
manual,19.8,manual,1661378400000,,,86bcrqg3mfZLgOjUeotEborOjc2yYk$0$manual$manual$0,yWPzV6PZwk4tORGIh1SaQHHNPA153D,2022-08-24T22:00:00.000Z
manual,19.9,manual,1661364000000,,,86bcrqg3mfZLgOjUeotEborOjc2yYk$0$manual$manual$0,8VH1ZL0ANUQIZuEPbdELyGc3rnQzkZ,2022-08-24T18:00:00.000Z
manual,19.7,manual,1661349600000,,,86bcrqg3mfZLgOjUeotEborOjc2yYk$0$manual$manual$0,d5x4hJiKY99ebflBWoRCzuAbLgGdOl,2022-08-24T14:00:00.000Z
manual,19.9,manual,1661335200000,,,86bcrqg3mfZLgOjUeotEborOjc2yYk$0$manual$manual$0,C1dR0JErXmMhwnxypJsgpBasey2TET,2022-08-24T10:00:00.000Z
manual,19.5,manual,1661320800000,,,86bcrqg3mfZLgOjUeotEborOjc2yYk$0$manual$manual$0,wLJkCZdySm2cOuq4EtcRehi8GGEoku,2022-08-24T06:00:00.000Z
manual,19.9,manual,1661306400000,,,86bcrqg3mfZLgOjUeotEborOjc2yYk$0$manual$manual$0,WsYFUyIesGiI9yN8SeXngU3sApDuUg,2022-08-24T02:00:00.000Z
manual,19.8,manual,1661292000000,,,86bcrqg3mfZLgOjUeotEborOjc2yYk$0$manual$manual$0,gM4qwX1y84kaXDtKZUwQOHZxOMHJtV,2022-08-23T22:00:00.000Z
manual,19.9,manual,1661277600000,,,86bcrqg3mfZLgOjUeotEborOjc2yYk$0$manual$manual$0,nTVWJ1t1IjDL6H4ZciqDMvFDPXNwAj,2022-08-23T18:00:00.000Z
manual,19.5,manual,1661263200000,,,86bcrqg3mfZLgOjUeotEborOjc2yYk$0$manual$manual$0,dEVH7LrR1xTmrDQIuxoEx64WUtqT4I,2022-08-23T14:00:00.000Z
manual,19.7,manual,1661248800000,,,86bcrqg3mfZLgOjUeotEborOjc2yYk$0$manual$manual$0,ZJx5caVJuVrdSlcPfasynmi7xSsHF8,2022-08-23T10:00:00.000Z
manual,19.4,manual,1661234400000,,,86bcrqg3mfZLgOjUeotEborOjc2yYk$0$manual$manual$0,c7ZmPFfkNRYrGuil80NRHLQngWz5QP,2022-08-23T06:00:00.000Z
manual,19.4,manual,1661220000000,,,86bcrqg3mfZLgOjUeotEborOjc2yYk$0$manual$manual$0,ZfUVQE06DLUiTaBN7p1T1L5UyZq3Gz,2022-08-23T02:00:00.000Z
manual,19.9,manual,1661205600000,,,86bcrqg3mfZLgOjUeotEborOjc2yYk$0$manual$manual$0,MCiulVmDgeh6pMWIODK72uOBTn7uLD,2022-08-22T22:00:00.000Z
manual,19.4,manual,1661191200000,,,86bcrqg3mfZLgOjUeotEborOjc2yYk$0$manual$manual$0,k49tdrvF7LfvvPAn3KPUC0pJf6T5jI,2022-08-22T18:00:00.000Z
manual,19.7,manual,1661176800000,,,86bcrqg3mfZLgOjUeotEborOjc2yYk$0$manual$manual$0,4sZYxjiW3IvMlFlHEBN8ieXJIXjdu3,2022-08-22T14:00:00.000Z
manual,19.7,manual,1661162400000,,,86bcrqg3mfZLgOjUeotEborOjc2yYk$0$manual$manual$0,Tm6omZdY3P82GXqwpW26OoBwL7vBIX,2022-08-22T10:00:00.000Z
manual,19.7,manual,1661148000000,,,86bcrqg3mfZLgOjUeotEborOjc2yYk$0$manual$manual$0,UhJsKmYuUBv4iXK9mK1YAXJRcgWMBW,2022-08-22T06:00:00.000Z
manual,19.7,manual,1661133600000,,,86bcrqg3mfZLgOjUeotEborOjc2yYk$0$manual$manual$0,ts2p3a6DIznnu1SwCLXDXsFfuG4UiZ,2022-08-22T02:00:00.000Z
manual,19.7,manual,1661119200000,,,86bcrqg3mfZLgOjUeotEborOjc2yYk$0$manual$manual$0,vuiKLsIa10ZX3SlNNtp3pOBYadznHN,2022-08-21T22:00:00.000Z
manual,19.5,manual,1661104800000,,,86bcrqg3mfZLgOjUeotEborOjc2yYk$0$manual$manual$0,S3VWoL47eA7gLiIB5i0JRWABESnziA,2022-08-21T18:00:00.000Z
manual,19.3,manual,1661090400000,,,86bcrqg3mfZLgOjUeotEborOjc2yYk$0$manual$manual$0,D72dXAueLD7Uw3V0Jx8VCHGR4bFJ5R,2022-08-21T14:00:00.000Z
manual,19.3,manual,1661076000000,,,86bcrqg3mfZLgOjUeotEborOjc2yYk$0$manual$manual$0,5d70CggQ4zgIZZ2C9ENb6zSrv9ErNy,2022-08-21T10:00:00.000Z
manual,19.4,manual,1661061600000,,,86bcrqg3mfZLgOjUeotEborOjc2yYk$0$manual$manual$0,hSAnbuqKNLYc5Gkp4XGhyRoYvBVP7i,2022-08-21T06:00:00.000Z
manual,19.4,manual,1661047200000,,,86bcrqg3mfZLgOjUeotEborOjc2yYk$0$manual$manual$0,PDqgjBABlrRxqF5Z3BBGqlnDf4NQDs,2022-08-21T02:00:00.000Z
manual,19.4,manual,1661032800000,,,86bcrqg3mfZLgOjUeotEborOjc2yYk$0$manual$manual$0,8kYYoFbGTKyTvKl4u6wsh2fXynTE55,2022-08-20T22:00:00.000Z
manual,19.9,manual,1661018400000,,,86bcrqg3mfZLgOjUeotEborOjc2yYk$0$manual$manual$0,vm5YBz3XFTq7gV2BkMOGodmrTKUhpS,2022-08-20T18:00:00.000Z
manual,19.5,manual,1661004000000,,,86bcrqg3mfZLgOjUeotEborOjc2yYk$0$manual$manual$0,OYlS031BNHpVJBky2gPRSjlQqjB8J1,2022-08-20T14:00:00.000Z
manual,19.9,manual,1660989600000,,,86bcrqg3mfZLgOjUeotEborOjc2yYk$0$manual$manual$0,7JRrDYwGcO0wX8rK6g0VjVPFTCr0Sa,2022-08-20T10:00:00.000Z
manual,19.9,manual,1660975200000,,,86bcrqg3mfZLgOjUeotEborOjc2yYk$0$manual$manual$0,4oaU5Ic5niGUzoSWS5Fw6wyPNdTAPx,2022-08-20T06:00:00.000Z
manual,19.9,manual,1660960800000,,,86bcrqg3mfZLgOjUeotEborOjc2yYk$0$manual$manual$0,vZNA3wF4s09GP6o5EnGIpflW2vzPen,2022-08-20T02:00:00.000Z
manual,19.8,manual,1660946400000,,,86bcrqg3mfZLgOjUeotEborOjc2yYk$0$manual$manual$0,EllagPDbbM2MoiaMcQzCoqkHYJppmn,2022-08-19T22:00:00.000Z
manual,18.7,manual,1660932000000,,,86bcrqg3mfZLgOjUeotEborOjc2yYk$0$manual$manual$0,cwFVmvtI9Fm9C3g8lAYEZGK4AMBH4M,2022-08-19T18:00:00.000Z
manual,19.5,manual,1660917600000,,,86bcrqg3mfZLgOjUeotEborOjc2yYk$0$manual$manual$0,rJTpHmNSaG0HxWXyo0TpGsESPGyPNO,2022-08-19T14:00:00.000Z
manual,19.9,manual,1660903200000,,,86bcrqg3mfZLgOjUeotEborOjc2yYk$0$manual$manual$0,anlv6VpPXKmbUYPhvJykF2jWXDgfY9,2022-08-19T10:00:00.000Z
manual,19.9,manual,1660888800000,,,86bcrqg3mfZLgOjUeotEborOjc2yYk$0$manual$manual$0,aN4MfbOqWdBidzDqmiEuLc3bxiEIoq,2022-08-19T06:00:00.000Z
manual,19.9,manual,1660874400000,,,86bcrqg3mfZLgOjUeotEborOjc2yYk$0$manual$manual$0,5wJcml1tEeUaSRfyJrTsXPgRTE5WVH,2022-08-19T02:00:00.000Z
manual,19.8,manual,1660860000000,,,86bcrqg3mfZLgOjUeotEborOjc2yYk$0$manual$manual$0,2U8dGXEFhcopttxuruSJ3gcFemiOih,2022-08-18T22:00:00.000Z
manual,19.5,manual,1660845600000,,,86bcrqg3mfZLgOjUeotEborOjc2yYk$0$manual$manual$0,kSmkPkRGCHCsrYD5nteHYpe5qwv9LG,2022-08-18T18:00:00.000Z
manual,19.6,manual,1660831200000,,,86bcrqg3mfZLgOjUeotEborOjc2yYk$0$manual$manual$0,ovMuEDmEcV9xWFp5NuD2xKTTc5h3kj,2022-08-18T14:00:00.000Z
manual,19.9,manual,1660816800000,,,86bcrqg3mfZLgOjUeotEborOjc2yYk$0$manual$manual$0,nONcL7GpMODvLahSGT26pvcBoURNyc,2022-08-18T10:00:00.000Z
manual,19.9,manual,1660802400000,,,86bcrqg3mfZLgOjUeotEborOjc2yYk$0$manual$manual$0,lOgu2McY2UzyeXp3bpB1xzMf1h7eDa,2022-08-18T06:00:00.000Z
manual,19.9,manual,1660788000000,,,86bcrqg3mfZLgOjUeotEborOjc2yYk$0$manual$manual$0,Quja4I5U5ztsviGBIaMrcjGz1NoXhf,2022-08-18T02:00:00.000Z
manual,19.9,manual,1660773600000,,,86bcrqg3mfZLgOjUeotEborOjc2yYk$0$manual$manual$0,6Qnm46wxXKxv95LZyP5va1MnXI0qH4,2022-08-17T22:00:00.000Z
manual,19.7,manual,1660759200000,,,86bcrqg3mfZLgOjUeotEborOjc2yYk$0$manual$manual$0,8XCRJEPhd6kQPMWof76Zn6dNCr8J3e,2022-08-17T18:00:00.000Z
manual,19.5,manual,1660744800000,,,86bcrqg3mfZLgOjUeotEborOjc2yYk$0$manual$manual$0,uM7VLa1Wy4cPNiS8ehfSEIICTU9OlS,2022-08-17T14:00:00.000Z
manual,19.7,manual,1660730400000,,,86bcrqg3mfZLgOjUeotEborOjc2yYk$0$manual$manual$0,WGZtbD2qxKivOjZkP085iPTVJnUayD,2022-08-17T10:00:00.000Z
manual,19.7,manual,1660716000000,,,86bcrqg3mfZLgOjUeotEborOjc2yYk$0$manual$manual$0,htQcwzZ2BRsOk8VT2pBLF11IAJbW6j,2022-08-17T06:00:00.000Z
manual,19.9,manual,1660701600000,,,86bcrqg3mfZLgOjUeotEborOjc2yYk$0$manual$manual$0,tSfxPxrc78NHQpQ9gu7NRTlnzHnlyK,2022-08-17T02:00:00.000Z
manual,18.7,manual,1660687200000,,,86bcrqg3mfZLgOjUeotEborOjc2yYk$0$manual$manual$0,iuazoim9nyDyjWQ7BKgcjjQtKTOciD,2022-08-16T22:00:00.000Z
manual,18.5,manual,1660672800000,,,86bcrqg3mfZLgOjUeotEborOjc2yYk$0$manual$manual$0,dwYw1lMDDeY3KxB1jevnVRJ73m85Pv,2022-08-16T18:00:00.000Z
manual,19.6,manual,1660658400000,,,86bcrqg3mfZLgOjUeotEborOjc2yYk$0$manual$manual$0,Hgkieqbe2OaF83p0KbOsMMBgcCeOku,2022-08-16T14:00:00.000Z
manual,19.9,manual,1660644000000,,,86bcrqg3mfZLgOjUeotEborOjc2yYk$0$manual$manual$0,sSP5PXmzUSgLgNkSyx5ReRQcCmsgtj,2022-08-16T10:00:00.000Z
manual,19.5,manual,1660629600000,,,86bcrqg3mfZLgOjUeotEborOjc2yYk$0$manual$manual$0,E1MZHIsmheDRi78tLscS9MZRu540Qs,2022-08-16T06:00:00.000Z
manual,19.8,manual,1660615200000,,,86bcrqg3mfZLgOjUeotEborOjc2yYk$0$manual$manual$0,qpN5NXy5CdihnhjxH9reLon1ibVR6j,2022-08-16T02:00:00.000Z
manual,19.8,manual,1660600800000,,,86bcrqg3mfZLgOjUeotEborOjc2yYk$0$manual$manual$0,jrKmX7frikLkTLrBJWngBxWkbprjvD,2022-08-15T22:00:00.000Z
manual,19.6,manual,1660586400000,,,86bcrqg3mfZLgOjUeotEborOjc2yYk$0$manual$manual$0,5oHAk3k2NI5XkWrXhnbUvv9FFJfCvF,2022-08-15T18:00:00.000Z
manual,19.3,manual,1660572000000,,,86bcrqg3mfZLgOjUeotEborOjc2yYk$0$manual$manual$0,EqrivAJJXCwOjyv7sPE0R5rjj4OoFV,2022-08-15T14:00:00.000Z
manual,19.6,manual,1660557600000,,,86bcrqg3mfZLgOjUeotEborOjc2yYk$0$manual$manual$0,oII7H7kTmbVTKtKBirdwrRvWPY2OIv,2022-08-15T10:00:00.000Z
manual,19.9,manual,1660543200000,,,86bcrqg3mfZLgOjUeotEborOjc2yYk$0$manual$manual$0,F43a3oiCCMID0SK53a9Q1tuUoyp0XE,2022-08-15T06:00:00.000Z
manual,19.7,manual,1660528800000,,,86bcrqg3mfZLgOjUeotEborOjc2yYk$0$manual$manual$0,uNhNicq1N30a4TqBb1Z3G1f35khPC1,2022-08-15T02:00:00.000Z
manual,19.9,manual,1660514400000,,,86bcrqg3mfZLgOjUeotEborOjc2yYk$0$manual$manual$0,a85AVpeRhSaUpmeYpCg8BWKEMU4sgr,2022-08-14T22:00:00.000Z
manual,19.9,manual,1660500000000,,,86bcrqg3mfZLgOjUeotEborOjc2yYk$0$manual$manual$0,u69L50IGdBLWdPqEBxffKKqGAEQJsB,2022-08-14T18:00:00.000Z
manual,19.4,manual,1660485600000,,,86bcrqg3mfZLgOjUeotEborOjc2yYk$0$manual$manual$0,Lj5iV0KGvLLsvSOCqpc6K2E98Krh16,2022-08-14T14:00:00.000Z
manual,19.5,manual,1660471200000,,,86bcrqg3mfZLgOjUeotEborOjc2yYk$0$manual$manual$0,Nndfxz1feR2T5PQRkWwHLfg8rFCaVL,2022-08-14T10:00:00.000Z
manual,19.4,manual,1660456800000,,,86bcrqg3mfZLgOjUeotEborOjc2yYk$0$manual$manual$0,FDNBzsxI6tiWj1M9WrWsGMWIQ8oPF8,2022-08-14T06:00:00.000Z
manual,19.4,manual,1660442400000,,,86bcrqg3mfZLgOjUeotEborOjc2yYk$0$manual$manual$0,x0bPrPtX8yTTWnrWW2AINpfsxdvDon,2022-08-14T02:00:00.000Z
manual,19.8,manual,1660428000000,,,86bcrqg3mfZLgOjUeotEborOjc2yYk$0$manual$manual$0,YGawk2MS3EdHPJvlrhXMz0wwVuuxxd,2022-08-13T22:00:00.000Z
manual,19.9,manual,1660413600000,,,86bcrqg3mfZLgOjUeotEborOjc2yYk$0$manual$manual$0,jn6WMRdaipWYGpjzAiEQR28ToV9A8A,2022-08-13T18:00:00.000Z
manual,19.8,manual,1660399200000,,,86bcrqg3mfZLgOjUeotEborOjc2yYk$0$manual$manual$0,gTjfjr3UwYm2Z242RK0rC8eymzMzIH,2022-08-13T14:00:00.000Z
manual,19.4,manual,1660384800000,,,86bcrqg3mfZLgOjUeotEborOjc2yYk$0$manual$manual$0,wQ1e5VJssI4ODaPWJJwveWvJ2QmNAA,2022-08-13T10:00:00.000Z
manual,19.5,manual,1660370400000,,,86bcrqg3mfZLgOjUeotEborOjc2yYk$0$manual$manual$0,yyPhBFQhtKcCaruRkZpHnzMev3Qaac,2022-08-13T06:00:00.000Z
manual,19.5,manual,1660356000000,,,86bcrqg3mfZLgOjUeotEborOjc2yYk$0$manual$manual$0,lK6c5L6aJ32lhrMM9ERXF3fhmuUJZJ,2022-08-13T02:00:00.000Z
manual,20,manual,1660341600000,,,86bcrqg3mfZLgOjUeotEborOjc2yYk$0$manual$manual$0,rcJusN1jZ3BR2q3apTVtdB7F8EMmSa,2022-08-12T22:00:00.000Z
manual,20,manual,1660327200000,,,86bcrqg3mfZLgOjUeotEborOjc2yYk$0$manual$manual$0,sS7LoUenJ72srJ4GUsIU88RXTsD8G6,2022-08-12T18:00:00.000Z
manual,20,manual,1660312800000,,,86bcrqg3mfZLgOjUeotEborOjc2yYk$0$manual$manual$0,LoFROgwxcydluZVXS49sD9aVNDhWYO,2022-08-12T14:00:00.000Z
manual,19.4,manual,1660298400000,,,86bcrqg3mfZLgOjUeotEborOjc2yYk$0$manual$manual$0,5GULYoFqGoBQiX8VYBGHYu05efE9hj,2022-08-12T10:00:00.000Z
manual,19.5,manual,1660284000000,,,86bcrqg3mfZLgOjUeotEborOjc2yYk$0$manual$manual$0,UtgKX4tvv8eEAC40dRz7lFwwQsYviu,2022-08-12T06:00:00.000Z
manual,19.8,manual,1660269600000,,,86bcrqg3mfZLgOjUeotEborOjc2yYk$0$manual$manual$0,d3UMPGmUfsoTXbPCdnXah91NhyMI1M,2022-08-12T02:00:00.000Z
manual,19.8,manual,1660255200000,,,86bcrqg3mfZLgOjUeotEborOjc2yYk$0$manual$manual$0,YFWjdwBXs5rs5lzuySGIA0LEX40moW,2022-08-11T22:00:00.000Z
manual,19.2,manual,1660240800000,,,86bcrqg3mfZLgOjUeotEborOjc2yYk$0$manual$manual$0,1hW4aovJq0WXqMKM2667L6xERhLjsV,2022-08-11T18:00:00.000Z
manual,19.7,manual,1660226400000,,,86bcrqg3mfZLgOjUeotEborOjc2yYk$0$manual$manual$0,lmyh1c2zVAxU1hC4pLMz4Df2n6FxGW,2022-08-11T14:00:00.000Z
manual,19.5,manual,1660212000000,,,86bcrqg3mfZLgOjUeotEborOjc2yYk$0$manual$manual$0,dcHdOmDUXhCtVcdMgQB23Rkf2XGdpL,2022-08-11T10:00:00.000Z
manual,19.9,manual,1660197600000,,,86bcrqg3mfZLgOjUeotEborOjc2yYk$0$manual$manual$0,Y4JPKB5o6KYP1o7nZpqw9JowaNQEdh,2022-08-11T06:00:00.000Z
manual,19.8,manual,1660183200000,,,86bcrqg3mfZLgOjUeotEborOjc2yYk$0$manual$manual$0,NHyJSXuHu3cxxVAPxm1jL4YofLFOGa,2022-08-11T02:00:00.000Z
manual,19.3,manual,1660168800000,,,86bcrqg3mfZLgOjUeotEborOjc2yYk$0$manual$manual$0,J5axb1Ak0V4SDzdUnrTvBhIUv7FdTu,2022-08-10T22:00:00.000Z
manual,19.4,manual,1660154400000,,,86bcrqg3mfZLgOjUeotEborOjc2yYk$0$manual$manual$0,lrwABB3qHREiqmhBI2gPkoYJOGZQuv,2022-08-10T18:00:00.000Z
manual,19.4,manual,1660140000000,,,86bcrqg3mfZLgOjUeotEborOjc2yYk$0$manual$manual$0,UGviSP2Uo62dLiL9uGCpt5YciqgAIO,2022-08-10T14:00:00.000Z
manual,19.7,manual,1660125600000,,,86bcrqg3mfZLgOjUeotEborOjc2yYk$0$manual$manual$0,tyLZ2q2OYqpx2LpHDQSsuRzzLl7rWq,2022-08-10T10:00:00.000Z
manual,19.7,manual,1660111200000,,,86bcrqg3mfZLgOjUeotEborOjc2yYk$0$manual$manual$0,RZTtIvrfHyt7O0Z5hUQWAPbeThmvee,2022-08-10T06:00:00.000Z
manual,19.7,manual,1660096800000,,,86bcrqg3mfZLgOjUeotEborOjc2yYk$0$manual$manual$0,WMH2RP8C3sLD2EsdZ0G2pLHpkTtjTH,2022-08-10T02:00:00.000Z
manual,19.5,manual,1660082400000,,,86bcrqg3mfZLgOjUeotEborOjc2yYk$0$manual$manual$0,uNtMoN85uQfmwj8XlrWEyHtSDcb6JY,2022-08-09T22:00:00.000Z
manual,19.8,manual,1660068000000,,,86bcrqg3mfZLgOjUeotEborOjc2yYk$0$manual$manual$0,05bDh0clbgn1hhSyWLztf4py0eNSJT,2022-08-09T18:00:00.000Z
manual,19.7,manual,1660053600000,,,86bcrqg3mfZLgOjUeotEborOjc2yYk$0$manual$manual$0,gE92rSHfXQumeuWSKayAGbCnIAl7CN,2022-08-09T14:00:00.000Z
manual,19.5,manual,1660039200000,,,86bcrqg3mfZLgOjUeotEborOjc2yYk$0$manual$manual$0,BAjI4otJiqiiUpIfdtBYvUfsYuBZRC,2022-08-09T10:00:00.000Z
manual,19.6,manual,1660024800000,,,86bcrqg3mfZLgOjUeotEborOjc2yYk$0$manual$manual$0,UBBmqQRoc8GdHJfkjOsqWq4pgmc7c5,2022-08-09T06:00:00.000Z
manual,19.7,manual,1660010400000,,,86bcrqg3mfZLgOjUeotEborOjc2yYk$0$manual$manual$0,vg10m1eh0Qlqb0pIoKboTI20ltUemR,2022-08-09T02:00:00.000Z
manual,19.7,manual,1659996000000,,,86bcrqg3mfZLgOjUeotEborOjc2yYk$0$manual$manual$0,8HoMf8PKUM5P9dmgx1GJXvF4k64S0H,2022-08-08T22:00:00.000Z
manual,19.6,manual,1659981600000,,,86bcrqg3mfZLgOjUeotEborOjc2yYk$0$manual$manual$0,Jq9N1CpwoumEWXfCAbhuuiHu74d0fB,2022-08-08T18:00:00.000Z
manual,19.3,manual,1659967200000,,,86bcrqg3mfZLgOjUeotEborOjc2yYk$0$manual$manual$0,Uz3d6Lc62wy61Xe5cT8TfGAehHADr9,2022-08-08T14:00:00.000Z
manual,19.2,manual,1659952800000,,,86bcrqg3mfZLgOjUeotEborOjc2yYk$0$manual$manual$0,YxS3nwzIi2dBBQ265vEIS6t4P8EcOc,2022-08-08T10:00:00.000Z
manual,19.3,manual,1659938400000,,,86bcrqg3mfZLgOjUeotEborOjc2yYk$0$manual$manual$0,WvHKRr6pgSyKBIVFjNlzdh63ipnQBT,2022-08-08T06:00:00.000Z
manual,19.5,manual,1659924000000,,,86bcrqg3mfZLgOjUeotEborOjc2yYk$0$manual$manual$0,XSd46vHb9QabkIFd9OKhIT3khjCxZA,2022-08-08T02:00:00.000Z
manual,19.5,manual,1659909600000,,,86bcrqg3mfZLgOjUeotEborOjc2yYk$0$manual$manual$0,ebp4WW3pmPxAyxOIjqSi7krRF6eI66,2022-08-07T22:00:00.000Z
manual,19.5,manual,1659895200000,,,86bcrqg3mfZLgOjUeotEborOjc2yYk$0$manual$manual$0,Mc6hcxhR93VjiI8HHEyOlmr2xUYuRb,2022-08-07T18:00:00.000Z
manual,18.9,manual,1659880800000,,,86bcrqg3mfZLgOjUeotEborOjc2yYk$0$manual$manual$0,FPKM3K65vBjo0R3RZTGV2VCgpZ1vBo,2022-08-07T14:00:00.000Z
manual,18.5,manual,1659866400000,,,86bcrqg3mfZLgOjUeotEborOjc2yYk$0$manual$manual$0,NQnH5mPAcbWqvB8Rim70JpkMbdt2aP,2022-08-07T10:00:00.000Z
manual,18.7,manual,1659852000000,,,86bcrqg3mfZLgOjUeotEborOjc2yYk$0$manual$manual$0,I6p6FnV5dfeiY8luOYw1uduIzrcnSr,2022-08-07T06:00:00.000Z
manual,19.2,manual,1659837600000,,,86bcrqg3mfZLgOjUeotEborOjc2yYk$0$manual$manual$0,ReiF1JBxxWdhI5wnJC4KPwAtdFDkCT,2022-08-07T02:00:00.000Z
manual,19.2,manual,1659823200000,,,86bcrqg3mfZLgOjUeotEborOjc2yYk$0$manual$manual$0,1sjsN7wtbNP2JPNlZW7Rm44PxxdI9E,2022-08-06T22:00:00.000Z
manual,19.1,manual,1659808800000,,,86bcrqg3mfZLgOjUeotEborOjc2yYk$0$manual$manual$0,sb4MfoyzX6GKWxfBRyoe53MufZ5hFV,2022-08-06T18:00:00.000Z
manual,18.9,manual,1659794400000,,,86bcrqg3mfZLgOjUeotEborOjc2yYk$0$manual$manual$0,rvsyUcxXJyIWGkpHqx9cmAuSxYYDus,2022-08-06T14:00:00.000Z
manual,18.8,manual,1659780000000,,,86bcrqg3mfZLgOjUeotEborOjc2yYk$0$manual$manual$0,t9W2djWxbZg5GFNBdcXCiAaFgzlDD2,2022-08-06T10:00:00.000Z
manual,18.9,manual,1659765600000,,,86bcrqg3mfZLgOjUeotEborOjc2yYk$0$manual$manual$0,28QkMU32PdjuUfXT78oLOAV28dm8Vy,2022-08-06T06:00:00.000Z
manual,19.6,manual,1659751200000,,,86bcrqg3mfZLgOjUeotEborOjc2yYk$0$manual$manual$0,mHMInSWa7S6nkak0E3LNCWdlsHIiY3,2022-08-06T02:00:00.000Z
manual,19.7,manual,1659736800000,,,86bcrqg3mfZLgOjUeotEborOjc2yYk$0$manual$manual$0,9a4oHiSKOL4ba1waKmwjegBRSntF8w,2022-08-05T22:00:00.000Z
manual,19.5,manual,1659722400000,,,86bcrqg3mfZLgOjUeotEborOjc2yYk$0$manual$manual$0,Gxv5rSiDSkfFDXC16bSr2iAFOjgaYC,2022-08-05T18:00:00.000Z
manual,19.8,manual,1659708000000,,,86bcrqg3mfZLgOjUeotEborOjc2yYk$0$manual$manual$0,MZomnG50qTBAv4AUYkTHHIXhcyFddD,2022-08-05T14:00:00.000Z
manual,19.7,manual,1659693600000,,,86bcrqg3mfZLgOjUeotEborOjc2yYk$0$manual$manual$0,F2VoBBW51KoXEQUUzPffPTBrJpXARf,2022-08-05T10:00:00.000Z
manual,19.5,manual,1659679200000,,,86bcrqg3mfZLgOjUeotEborOjc2yYk$0$manual$manual$0,lvRwtg40cFLljfQWiM9wxexCvMJUaW,2022-08-05T06:00:00.000Z
manual,19.5,manual,1659664800000,,,86bcrqg3mfZLgOjUeotEborOjc2yYk$0$manual$manual$0,arZPIyIR04PuPYt0rUmpRgB92WxdEN,2022-08-05T02:00:00.000Z
manual,19.6,manual,1659650400000,,,86bcrqg3mfZLgOjUeotEborOjc2yYk$0$manual$manual$0,0mXlbBGhyoW4REn6PWusbrXTKNMc6n,2022-08-04T22:00:00.000Z
manual,19.6,manual,1659636000000,,,86bcrqg3mfZLgOjUeotEborOjc2yYk$0$manual$manual$0,M7PEYZKlIe0kGQGBjeTPib5XY4rtBp,2022-08-04T18:00:00.000Z
manual,19.9,manual,1659621600000,,,86bcrqg3mfZLgOjUeotEborOjc2yYk$0$manual$manual$0,9XCiB3tL6au1AuC4ckbUQQ12b7m8rU,2022-08-04T14:00:00.000Z
manual,19.7,manual,1659607200000,,,86bcrqg3mfZLgOjUeotEborOjc2yYk$0$manual$manual$0,0HCcBqZkLnnl1NAA2DUTHfq0LsIWgj,2022-08-04T10:00:00.000Z
manual,19.8,manual,1659592800000,,,86bcrqg3mfZLgOjUeotEborOjc2yYk$0$manual$manual$0,d4rIskzBlpCqu3n3L8TZze66wQYyQ0,2022-08-04T06:00:00.000Z
manual,19.9,manual,1659578400000,,,86bcrqg3mfZLgOjUeotEborOjc2yYk$0$manual$manual$0,31WTefxyjtl2ptdmrnJnVjuC4fXI1B,2022-08-04T02:00:00.000Z
manual,19.6,manual,1659564000000,,,86bcrqg3mfZLgOjUeotEborOjc2yYk$0$manual$manual$0,d61wd6y1I51zSi2fTP1sOZlkXHdD3E,2022-08-03T22:00:00.000Z
manual,19.6,manual,1659549600000,,,86bcrqg3mfZLgOjUeotEborOjc2yYk$0$manual$manual$0,AuxwnRrX5D8UGP4EII79XdRiGOwlJK,2022-08-03T18:00:00.000Z
manual,19.8,manual,1659535200000,,,86bcrqg3mfZLgOjUeotEborOjc2yYk$0$manual$manual$0,XLW5yJB8pFHzAvJEGLb8QPyk5syONn,2022-08-03T14:00:00.000Z
manual,19.8,manual,1659520800000,,,86bcrqg3mfZLgOjUeotEborOjc2yYk$0$manual$manual$0,rHyrFYooig4hXgWVPh4JSKArir7lzJ,2022-08-03T10:00:00.000Z
manual,19.4,manual,1659506400000,,,86bcrqg3mfZLgOjUeotEborOjc2yYk$0$manual$manual$0,nsgzWuXyU9j5wHZ0TuG82pLyYccalq,2022-08-03T06:00:00.000Z
manual,19.9,manual,1659492000000,,,86bcrqg3mfZLgOjUeotEborOjc2yYk$0$manual$manual$0,zENbiskH34TjFOU3EADbqhkRzkNrz0,2022-08-03T02:00:00.000Z
manual,19.7,manual,1659477600000,,,86bcrqg3mfZLgOjUeotEborOjc2yYk$0$manual$manual$0,Ak9mSKOhsq7VgUZ5XHoXYzmQlown31,2022-08-02T22:00:00.000Z
manual,19.9,manual,1659463200000,,,86bcrqg3mfZLgOjUeotEborOjc2yYk$0$manual$manual$0,03TPNPXX5hZCvTb38hXf325xQYA1nr,2022-08-02T18:00:00.000Z
manual,19.4,manual,1659448800000,,,86bcrqg3mfZLgOjUeotEborOjc2yYk$0$manual$manual$0,exDHZp6bL4cnh79INEeJBJhRWsq28w,2022-08-02T14:00:00.000Z
manual,19.1,manual,1659434400000,,,86bcrqg3mfZLgOjUeotEborOjc2yYk$0$manual$manual$0,dTTEFPPHuWQNLXl0aij4GaPBt74NVv,2022-08-02T10:00:00.000Z
manual,19.3,manual,1659420000000,,,86bcrqg3mfZLgOjUeotEborOjc2yYk$0$manual$manual$0,vpFC9QBPJ79DiBWXKv1nySxPyddWFC,2022-08-02T06:00:00.000Z
manual,19.5,manual,1659405600000,,,86bcrqg3mfZLgOjUeotEborOjc2yYk$0$manual$manual$0,hdOLWM0pFsW7RWUVQRlVrpJaTP8Yu8,2022-08-02T02:00:00.000Z
manual,19.5,manual,1659391200000,,,86bcrqg3mfZLgOjUeotEborOjc2yYk$0$manual$manual$0,mNY6lVwbsHLZwPtcaGKO9ojrEYjbel,2022-08-01T22:00:00.000Z
manual,19.3,manual,1659376800000,,,86bcrqg3mfZLgOjUeotEborOjc2yYk$0$manual$manual$0,IQP4I34FdxKSdgtQtIexUeTP5Jdx1M,2022-08-01T18:00:00.000Z
manual,19.9,manual,1659362400000,,,86bcrqg3mfZLgOjUeotEborOjc2yYk$0$manual$manual$0,SFaN3sAVA7E27qNVZog9QgYTFKUAfW,2022-08-01T14:00:00.000Z
manual,19.9,manual,1659348000000,,,86bcrqg3mfZLgOjUeotEborOjc2yYk$0$manual$manual$0,6pG93BfzOsGY0dQlRFMPRnvNdDncx9,2022-08-01T10:00:00.000Z
manual,19.9,manual,1659333600000,,,86bcrqg3mfZLgOjUeotEborOjc2yYk$0$manual$manual$0,WlJ8xLdDsUVqmMkDnZYkXjFPFALYfp,2022-08-01T06:00:00.000Z
manual,19.9,manual,1659319200000,,,86bcrqg3mfZLgOjUeotEborOjc2yYk$0$manual$manual$0,t3z4nR7FGhr4JRQJQ6kjy8U86Z8twn,2022-08-01T02:00:00.000Z
manual,19.9,manual,1659304800000,,,86bcrqg3mfZLgOjUeotEborOjc2yYk$0$manual$manual$0,LMmAuA7goFTRwE6nrh3mrluSndhYFV,2022-07-31T22:00:00.000Z
manual,19.9,manual,1659290400000,,,86bcrqg3mfZLgOjUeotEborOjc2yYk$0$manual$manual$0,CeBWBWdSgQlX12aI2kXoyVOTgcgOBH,2022-07-31T18:00:00.000Z
manual,19.7,manual,1659276000000,,,86bcrqg3mfZLgOjUeotEborOjc2yYk$0$manual$manual$0,yVATWe5H6o1oE3t4QSJv535IOlfU3h,2022-07-31T14:00:00.000Z
manual,19.6,manual,1659261600000,,,86bcrqg3mfZLgOjUeotEborOjc2yYk$0$manual$manual$0,MYXDJupuW9mYjlxpSZdrDBFtvfWTbb,2022-07-31T10:00:00.000Z
manual,19.6,manual,1659247200000,,,86bcrqg3mfZLgOjUeotEborOjc2yYk$0$manual$manual$0,8YRbcrBr9EHvxqCqhtgZX5r4HjJQRS,2022-07-31T06:00:00.000Z
manual,19.5,manual,1659232800000,,,86bcrqg3mfZLgOjUeotEborOjc2yYk$0$manual$manual$0,RLiGBQO9Qx8WnTYweLrsg15OK6Qa6Q,2022-07-31T02:00:00.000Z
manual,19.3,manual,1659218400000,,,86bcrqg3mfZLgOjUeotEborOjc2yYk$0$manual$manual$0,X3pJqOf9Ra0UryVLKKTKWlCUkijasM,2022-07-30T22:00:00.000Z
manual,19.7,manual,1659204000000,,,86bcrqg3mfZLgOjUeotEborOjc2yYk$0$manual$manual$0,PbBddPUdtirlYE8kJTC7TANHvJxfdA,2022-07-30T18:00:00.000Z
manual,19.9,manual,1659189600000,,,86bcrqg3mfZLgOjUeotEborOjc2yYk$0$manual$manual$0,pMpW12Dlb0rdNXdqlDzFop71oAxyFt,2022-07-30T14:00:00.000Z
manual,19.7,manual,1659175200000,,,86bcrqg3mfZLgOjUeotEborOjc2yYk$0$manual$manual$0,oGylYSw6ftliEbnd24NYOfgp8W5PvH,2022-07-30T10:00:00.000Z
manual,19.8,manual,1659160800000,,,86bcrqg3mfZLgOjUeotEborOjc2yYk$0$manual$manual$0,hCs4JxcysI0rOprqn6ud3PDWkLOUWJ,2022-07-30T06:00:00.000Z
manual,19.8,manual,1659146400000,,,86bcrqg3mfZLgOjUeotEborOjc2yYk$0$manual$manual$0,DFwc2D0ma4U7Q2dnpY60qYuPCktl6w,2022-07-30T02:00:00.000Z
manual,19.8,manual,1659132000000,,,86bcrqg3mfZLgOjUeotEborOjc2yYk$0$manual$manual$0,lUdjTKwhqFpY40kffWvePXOPbVJCcK,2022-07-29T22:00:00.000Z
manual,19.5,manual,1659117600000,,,86bcrqg3mfZLgOjUeotEborOjc2yYk$0$manual$manual$0,Hq8ruwYtXRzzgyWMZs0kgpIhPu9uIV,2022-07-29T18:00:00.000Z
manual,18.8,manual,1659103200000,,,86bcrqg3mfZLgOjUeotEborOjc2yYk$0$manual$manual$0,igFwoXvAsEpQPb7LzUS1JmolsEzXTN,2022-07-29T14:00:00.000Z
manual,18.8,manual,1659088800000,,,86bcrqg3mfZLgOjUeotEborOjc2yYk$0$manual$manual$0,3JDZojAJAFzcBYIeaMpiMqTfIoOgkY,2022-07-29T10:00:00.000Z
manual,18.8,manual,1659074400000,,,86bcrqg3mfZLgOjUeotEborOjc2yYk$0$manual$manual$0,EVx2QRUekHfveoQW2OtTe1Q5r2qja8,2022-07-29T06:00:00.000Z
manual,18.9,manual,1659060000000,,,86bcrqg3mfZLgOjUeotEborOjc2yYk$0$manual$manual$0,W77x4OQxEJ6Juz4jrXLNmaNowTfL9r,2022-07-29T02:00:00.000Z
manual,18.9,manual,1659045600000,,,86bcrqg3mfZLgOjUeotEborOjc2yYk$0$manual$manual$0,3t90l7WFqVk37YAwVz3mWSHaBOjyqd,2022-07-28T22:00:00.000Z
manual,18.8,manual,1659031200000,,,86bcrqg3mfZLgOjUeotEborOjc2yYk$0$manual$manual$0,rdLSBH1foxXTUfdqPfospomYHLK5X6,2022-07-28T18:00:00.000Z
manual,18.4,manual,1659016800000,,,86bcrqg3mfZLgOjUeotEborOjc2yYk$0$manual$manual$0,wSJzZ6L0lYpaNkmvA9bf2leq6PMQCX,2022-07-28T14:00:00.000Z
manual,18.4,manual,1659008700000,,,86bcrqg3mfZLgOjUeotEborOjc2yYk$0$manual$manual$0,OmqkFlIcIkqd8EYnazvT251b4IlLGV,2022-07-28T11:45:00.000Z
manual,18.4,manual,1658998800000,,,86bcrqg3mfZLgOjUeotEborOjc2yYk$0$manual$manual$0,KWPZWx0UeHqU6Tetz8oynwk3eayupy,2022-07-28T09:00:00.000Z
manual,18.5,manual,1658988000000,,,86bcrqg3mfZLgOjUeotEborOjc2yYk$0$manual$manual$0,mNTO8T7zWPAbqU42eV8fUEtfBvH3rZ,2022-07-28T06:00:00.000Z
manual,19,manual,1658973600000,,,86bcrqg3mfZLgOjUeotEborOjc2yYk$0$manual$manual$0,8RwqZSYnsunjHggyyBCtuEeow7xAPs,2022-07-28T02:00:00.000Z
manual,19.2,manual,1658963700000,,,86bcrqg3mfZLgOjUeotEborOjc2yYk$0$manual$manual$0,gB79NhMB0e0pvo26MGSkNk7oVGpaAC,2022-07-27T23:15:00.000Z
manual,19.2,manual,1658946600000,,,86bcrqg3mfZLgOjUeotEborOjc2yYk$0$manual$manual$0,OiVESunyMOZec5RjoC1mTLbKWKvtAm,2022-07-27T18:30:00.000Z
manual,19.2,manual,1658939400000,,,86bcrqg3mfZLgOjUeotEborOjc2yYk$0$manual$manual$0,xfSPHATicny8dm8QpYHICwMeta2S7P,2022-07-27T16:30:00.000Z
manual,19.2,manual,1658928600000,,,86bcrqg3mfZLgOjUeotEborOjc2yYk$0$manual$manual$0,mtrLBFZqs90gdKSD6voelremPsIbxn,2022-07-27T13:30:00.000Z
manual,19.2,manual,1658916000000,,,86bcrqg3mfZLgOjUeotEborOjc2yYk$0$manual$manual$0,4kqnmakQAMf88s2mkZx9kRyBpPyNMN,2022-07-27T10:00:00.000Z
manual,19.3,manual,1658901600000,,,86bcrqg3mfZLgOjUeotEborOjc2yYk$0$manual$manual$0,jLomVdyjgZO75No8yMIJ3DfA1E4vKV,2022-07-27T06:00:00.000Z
manual,19.7,manual,1658887200000,,,86bcrqg3mfZLgOjUeotEborOjc2yYk$0$manual$manual$0,Goo5d1cSVwxsaS3Oh21m7zU5u7WhYg,2022-07-27T02:00:00.000Z
manual,19.9,manual,1658872800000,,,86bcrqg3mfZLgOjUeotEborOjc2yYk$0$manual$manual$0,PX6wOCuAr1N6suX3wdfmx5hO9IZjig,2022-07-26T22:00:00.000Z
manual,19.9,manual,1658858400000,,,86bcrqg3mfZLgOjUeotEborOjc2yYk$0$manual$manual$0,YjbZGj3UvMuDw2N4qqsiu2s9xr4jeV,2022-07-26T18:00:00.000Z
manual,19.9,manual,1658844000000,,,86bcrqg3mfZLgOjUeotEborOjc2yYk$0$manual$manual$0,W1hUsZVEeD3pN5hKhUhbIEUk71yvPf,2022-07-26T14:00:00.000Z
manual,19.9,manual,1658831400000,,,86bcrqg3mfZLgOjUeotEborOjc2yYk$0$manual$manual$0,qVvtW7KscGqr8Trg9g0yNWE0BQYgWS,2022-07-26T10:30:00.000Z
manual,19.9,manual,1658815200000,,,86bcrqg3mfZLgOjUeotEborOjc2yYk$0$manual$manual$0,dtnDINxkoeZ2AMfivPtJtK2rlyewLh,2022-07-26T06:00:00.000Z
manual,19.9,manual,1658800800000,,,86bcrqg3mfZLgOjUeotEborOjc2yYk$0$manual$manual$0,u25qs58o1U8sWmIViBuIDn0v2b2Gra,2022-07-26T02:00:00.000Z
manual,19.7,manual,1658786400000,,,86bcrqg3mfZLgOjUeotEborOjc2yYk$0$manual$manual$0,YzI60mXm6XK2gJmWS6hUlRRQ8zYZbQ,2022-07-25T22:00:00.000Z
manual,19.8,manual,1658772000000,,,86bcrqg3mfZLgOjUeotEborOjc2yYk$0$manual$manual$0,Yk5gDyrINNL2nIf6GjVq41Goch5wlE,2022-07-25T18:00:00.000Z
manual,19.7,manual,1658757600000,,,86bcrqg3mfZLgOjUeotEborOjc2yYk$0$manual$manual$0,HabW6cfJCySqBP0gcom6ASPkSSSW7c,2022-07-25T14:00:00.000Z
manual,19.9,manual,1658743200000,,,86bcrqg3mfZLgOjUeotEborOjc2yYk$0$manual$manual$0,JYGUbwJYhibpDraNvE7ub5UesGB4zi,2022-07-25T10:00:00.000Z
manual,19.9,manual,1658728800000,,,86bcrqg3mfZLgOjUeotEborOjc2yYk$0$manual$manual$0,STNGxpCX8oKzsrWOMDHhKF4Vfq1SfI,2022-07-25T06:00:00.000Z
manual,18.6,manual,1658714400000,,,86bcrqg3mfZLgOjUeotEborOjc2yYk$0$manual$manual$0,o7HwUCbWxE4dJkIn7yTMzHUpM37F2e,2022-07-25T02:00:00.000Z
manual,19.9,manual,1658700000000,,,86bcrqg3mfZLgOjUeotEborOjc2yYk$0$manual$manual$0,xPCmTDGqigKeg0q54zUX3J3rLooamf,2022-07-24T22:00:00.000Z
manual,19.9,manual,1658685600000,,,86bcrqg3mfZLgOjUeotEborOjc2yYk$0$manual$manual$0,FKGBLEx2LwA939xnfH4jpuDbowdVsA,2022-07-24T18:00:00.000Z
manual,19.9,manual,1658671200000,,,86bcrqg3mfZLgOjUeotEborOjc2yYk$0$manual$manual$0,fjzgSjNzHLQ5094IC2vgC0AIf8FuM2,2022-07-24T14:00:00.000Z
manual,19.8,manual,1658656800000,,,86bcrqg3mfZLgOjUeotEborOjc2yYk$0$manual$manual$0,jzzkYYGwcD8EubE3fUZdW00MuuzPwA,2022-07-24T10:00:00.000Z
manual,19.8,manual,1658642400000,,,86bcrqg3mfZLgOjUeotEborOjc2yYk$0$manual$manual$0,S7vA406bjzUE9xQZR0yYYBENCDbQT2,2022-07-24T06:00:00.000Z
manual,19.8,manual,1658628000000,,,86bcrqg3mfZLgOjUeotEborOjc2yYk$0$manual$manual$0,l3iDSMHnaHuu5nMDqIA2xbtJ3AtdS4,2022-07-24T02:00:00.000Z
manual,19.6,manual,1658613600000,,,86bcrqg3mfZLgOjUeotEborOjc2yYk$0$manual$manual$0,nYu9lCVhIWyCFnzooCXIzj6Z6PpmOV,2022-07-23T22:00:00.000Z
manual,19.1,manual,1658599200000,,,86bcrqg3mfZLgOjUeotEborOjc2yYk$0$manual$manual$0,IVaVD7TjlUtPlTNwh73qxno6DXcnvT,2022-07-23T18:00:00.000Z
manual,18.6,manual,1658585700000,,,86bcrqg3mfZLgOjUeotEborOjc2yYk$0$manual$manual$0,vDh3anVEtX0HYQocWsYGbCX0PyefYf,2022-07-23T14:15:00.000Z
manual,19.8,manual,1658565000000,1.004,,86bcrqg3mfZLgOjUeotEborOjc2yYk$0$manual$manual$0,xrgUIblObkE6k6FM66iTzQwQomseRD,2022-07-23T08:30:00.000Z,4.15,0.145038
manual,18.9,manual,1658563200000,,,86bcrqg3mfZLgOjUeotEborOjc2yYk$0$manual$manual$0,Jay8qPmVll4oaPHq99Wk930BHzoF9h,2022-07-23T08:00:00.000Z,,
manual,19,manual,1658556000000,,,86bcrqg3mfZLgOjUeotEborOjc2yYk$0$manual$manual$0,cZP4M8SCpAqDkbUmYflgBgfKIRhINY,2022-07-23T06:00:00.000Z,,
manual,19.4,manual,1658541600000,,,86bcrqg3mfZLgOjUeotEborOjc2yYk$0$manual$manual$0,IhYbd9IFotBECj6Ft6mbimJ8vNNfy4,2022-07-23T02:00:00.000Z,,
manual,19.4,manual,1658527200000,,,86bcrqg3mfZLgOjUeotEborOjc2yYk$0$manual$manual$0,X9w4jnzNG0oxRKdMwTqal8qamBHeuV,2022-07-22T22:00:00.000Z,,
manual,19.4,manual,1658512800000,,,86bcrqg3mfZLgOjUeotEborOjc2yYk$0$manual$manual$0,arg7qAq7Bk1ZsgShwEtDUHvPToG7kD,2022-07-22T18:00:00.000Z,,
manual,19.4,manual,1658498400000,,,86bcrqg3mfZLgOjUeotEborOjc2yYk$0$manual$manual$0,nBTqRCrThDx2zRyVrT5ZTmtT6j7h1W,2022-07-22T14:00:00.000Z,,
manual,19.4,manual,1658484000000,,,86bcrqg3mfZLgOjUeotEborOjc2yYk$0$manual$manual$0,g96d0dhyGfVRm8vEXbMDED1Fnavq7o,2022-07-22T10:00:00.000Z,,
manual,19.4,manual,1658469600000,,,86bcrqg3mfZLgOjUeotEborOjc2yYk$0$manual$manual$0,IgEQ6Flvgvp1cpYnEnLdvjMdFd5e2l,2022-07-22T06:00:00.000Z,,
manual,19.4,manual,1658455200000,,,86bcrqg3mfZLgOjUeotEborOjc2yYk$0$manual$manual$0,0bnja0w6VziKlB9qQb4vPA2cX7kenI,2022-07-22T02:00:00.000Z,,
manual,19.4,manual,1658440800000,,,86bcrqg3mfZLgOjUeotEborOjc2yYk$0$manual$manual$0,kPNk3TyYhfwWXvfqnDxSxb9mzRiELh,2022-07-21T22:00:00.000Z,,
manual,19.3,manual,1658426400000,,,86bcrqg3mfZLgOjUeotEborOjc2yYk$0$manual$manual$0,lCe1v94SVuWNpRbSQocKeeK6YOgdDA,2022-07-21T18:00:00.000Z,,
manual,19,manual,1658412000000,,,86bcrqg3mfZLgOjUeotEborOjc2yYk$0$manual$manual$0,bSJTo6UiNKM8ZzCwXx1Kq2WMLtvVer,2022-07-21T14:00:00.000Z,,
manual,19.7,manual,1658397600000,,,86bcrqg3mfZLgOjUeotEborOjc2yYk$0$manual$manual$0,LLItPm4fqx6onBdkmlyLNKAkJMbnHb,2022-07-21T10:00:00.000Z,,
manual,19.2,manual,1658383200000,,,86bcrqg3mfZLgOjUeotEborOjc2yYk$0$manual$manual$0,SHU4ZF1ek4gKV0YW8XSkrSMes0jNui,2022-07-21T06:00:00.000Z,,
manual,19.8,manual,1658368800000,,,86bcrqg3mfZLgOjUeotEborOjc2yYk$0$manual$manual$0,jITDEb33NSSTMPSggcvS5WEmFuu4vV,2022-07-21T02:00:00.000Z,,
manual,19.1,manual,1658354400000,,,86bcrqg3mfZLgOjUeotEborOjc2yYk$0$manual$manual$0,AxGtMGspU55nvdCY4vN3QAoyoAlvgp,2022-07-20T22:00:00.000Z,,
manual,19.2,manual,1658340000000,,,86bcrqg3mfZLgOjUeotEborOjc2yYk$0$manual$manual$0,QN5AJYI2c6kUPwIkIXrzVlfDvMrxOd,2022-07-20T18:00:00.000Z,,
manual,19.2,manual,1658325600000,,,86bcrqg3mfZLgOjUeotEborOjc2yYk$0$manual$manual$0,Ebn7vkvbKO89N9pRNA4FH3U6Aih93m,2022-07-20T14:00:00.000Z,,
manual,19.2,manual,1658311200000,,,86bcrqg3mfZLgOjUeotEborOjc2yYk$0$manual$manual$0,Ro80998dC43EtgPZ8YJiXKI1J6CgxD,2022-07-20T10:00:00.000Z,,
manual,19.5,manual,1658296800000,,,86bcrqg3mfZLgOjUeotEborOjc2yYk$0$manual$manual$0,n35k46NWsHfukNRZHN0HYPi7T5rBAF,2022-07-20T06:00:00.000Z,,
manual,19.6,manual,1658282400000,,,86bcrqg3mfZLgOjUeotEborOjc2yYk$0$manual$manual$0,NTSuzQxTAwkX6JGPZcCt6KoVHdMUvv,2022-07-20T02:00:00.000Z,,
manual,19.7,manual,1658268000000,,,86bcrqg3mfZLgOjUeotEborOjc2yYk$0$manual$manual$0,ONWZir75wheWAilDlzWBI5UUUKZU9h,2022-07-19T22:00:00.000Z,,
manual,19.3,manual,1658264400000,,,86bcrqg3mfZLgOjUeotEborOjc2yYk$0$manual$manual$0,kKkKPJsnmBD1nyW7UY1uPYKRQJu2tq,2022-07-19T21:00:00.000Z,,
manual,18.9,manual,1658260800000,,,86bcrqg3mfZLgOjUeotEborOjc2yYk$0$manual$manual$0,jeRH3EDSFWL6jtF46Qcq88517yFyBx,2022-07-19T20:00:00.000Z,,
manual,19.9,manual,1658257200000,,,86bcrqg3mfZLgOjUeotEborOjc2yYk$0$manual$manual$0,F53XOwTIsCxBHjMuEkmN5hfIcpsv1F,2022-07-19T19:00:00.000Z,,
manual,18.9,manual,1658246400000,,,86bcrqg3mfZLgOjUeotEborOjc2yYk$0$manual$manual$0,LXHvyE1Q5vZiEUChZecuPakuxrP1mP,2022-07-19T16:00:00.000Z,,
manual,21.7,manual,1658239200000,,,86bcrqg3mfZLgOjUeotEborOjc2yYk$0$manual$manual$0,G1wPKMGW0puSBXazhgl3iMfeSVkQmH,2022-07-19T14:00:00.000Z,,
manual,21.9,manual,1658224800000,,,86bcrqg3mfZLgOjUeotEborOjc2yYk$0$manual$manual$0,VS8m46b5twnLAcVd5fnfe1k0hO5I48,2022-07-19T10:00:00.000Z,,
manual,21.9,manual,1658210400000,,,86bcrqg3mfZLgOjUeotEborOjc2yYk$0$manual$manual$0,Lko2dqlSZHvMo693xLsnf1TygQol2a,2022-07-19T06:00:00.000Z,,
manual,21.7,manual,1658196000000,,,86bcrqg3mfZLgOjUeotEborOjc2yYk$0$manual$manual$0,AoRQtbgw2BVvQKJJ4GndWaeXKyOtC1,2022-07-19T02:00:00.000Z,,
manual,21.3,manual,1658181600000,,,86bcrqg3mfZLgOjUeotEborOjc2yYk$0$manual$manual$0,Qc5Phd41Rw6t2hl2yeiWuhHFKjAjoC,2022-07-18T22:00:00.000Z,,
manual,21.7,manual,1658167200000,,,86bcrqg3mfZLgOjUeotEborOjc2yYk$0$manual$manual$0,updl2mw6VPUFefF6EA0VnWkEGbP8Xm,2022-07-18T18:00:00.000Z,,
manual,20.9,manual,1658152800000,,,86bcrqg3mfZLgOjUeotEborOjc2yYk$0$manual$manual$0,Ykci6teKzWO9XTUhbt3PE49K84FM3l,2022-07-18T14:00:00.000Z,,
manual,20.9,manual,1658138400000,,,86bcrqg3mfZLgOjUeotEborOjc2yYk$0$manual$manual$0,kjSzAkFtKE3c3Z39C0UFojBPgA6Y6P,2022-07-18T10:00:00.000Z,,
manual,20.9,manual,1658124000000,,,86bcrqg3mfZLgOjUeotEborOjc2yYk$0$manual$manual$0,qdJU5FZRxyX51z6yFrXuKw6cdkkQGL,2022-07-18T06:00:00.000Z,,
manual,20.9,manual,1658109600000,,,86bcrqg3mfZLgOjUeotEborOjc2yYk$0$manual$manual$0,9k32FIutiuxMuGltt3qCtZtOlwmGar,2022-07-18T02:00:00.000Z,,
manual,20.9,manual,1658095200000,,,86bcrqg3mfZLgOjUeotEborOjc2yYk$0$manual$manual$0,1wt68TzJLiU37XA8Yvdy3QOc8OanJk,2022-07-17T22:00:00.000Z,,
manual,20.5,manual,1658080800000,,,86bcrqg3mfZLgOjUeotEborOjc2yYk$0$manual$manual$0,JXKKqrI8tJ8fgfTtFbbWx5YDOHOswZ,2022-07-17T18:00:00.000Z,,
manual,20.3,manual,1658066400000,,,86bcrqg3mfZLgOjUeotEborOjc2yYk$0$manual$manual$0,NR0dGTIiVKvuHCkbl65c7TVsG01i8v,2022-07-17T14:00:00.000Z,,
manual,20.3,manual,1658052000000,,,86bcrqg3mfZLgOjUeotEborOjc2yYk$0$manual$manual$0,ATan3HbRbqFMyypV0VT9fHiDo7NpLK,2022-07-17T10:00:00.000Z,,
manual,20.8,manual,1658037600000,,,86bcrqg3mfZLgOjUeotEborOjc2yYk$0$manual$manual$0,4l9XIU5frnYZPSEqX4zawi8Tw6WIIk,2022-07-17T06:00:00.000Z,,
manual,20.2,manual,1658023200000,,,86bcrqg3mfZLgOjUeotEborOjc2yYk$0$manual$manual$0,hfQlOon7Y0CeJWOfczdV7Z7lYr7Nt7,2022-07-17T02:00:00.000Z,,
manual,20.3,manual,1658008800000,,,86bcrqg3mfZLgOjUeotEborOjc2yYk$0$manual$manual$0,DqXV0f8mYl3XRzq7vSrcTpJOIW4fdg,2022-07-16T22:00:00.000Z,,
manual,20.3,manual,1657994400000,,,86bcrqg3mfZLgOjUeotEborOjc2yYk$0$manual$manual$0,eE1EJy4iarS7MoamKIkgmAgER2ElyI,2022-07-16T18:00:00.000Z,,
manual,20.3,manual,1657980000000,,,86bcrqg3mfZLgOjUeotEborOjc2yYk$0$manual$manual$0,8xLlEI1jheC3YtIlXz5UqRHtoiqVOW,2022-07-16T14:00:00.000Z,,
manual,20.3,manual,1657965600000,,,86bcrqg3mfZLgOjUeotEborOjc2yYk$0$manual$manual$0,rh2cxiOW1BBqpzGElIsFi3R1ZUT5Xy,2022-07-16T10:00:00.000Z,,
manual,20.5,manual,1657951200000,,,86bcrqg3mfZLgOjUeotEborOjc2yYk$0$manual$manual$0,mmckNZU0ajvaUJmDpve08Quc4XCAr1,2022-07-16T06:00:00.000Z,,
manual,20.9,manual,1657936800000,,,86bcrqg3mfZLgOjUeotEborOjc2yYk$0$manual$manual$0,LOHYUtVZnesaowMGZJlO0wMKSmYZ3l,2022-07-16T02:00:00.000Z,,
manual,21,manual,1657922400000,,,86bcrqg3mfZLgOjUeotEborOjc2yYk$0$manual$manual$0,smwX4mIqKaBUBC1mMCjhD8gWZ1mMBS,2022-07-15T22:00:00.000Z,,
manual,21,manual,1657916100000,,no bubbles.,86bcrqg3mfZLgOjUeotEborOjc2yYk$0$manual$manual$0,M8m6Q0rFvaePpKeva41YwqfxtjJVAT,2022-07-15T20:15:00.000Z,,0.145038
manual,21,manual,1657908000000,,,86bcrqg3mfZLgOjUeotEborOjc2yYk$0$manual$manual$0,1TLuwi8U2M3MoZjIYAAxezAp6V5qBO,2022-07-15T18:00:00.000Z,,
manual,20.4,manual,1657893600000,,no bubbles.,86bcrqg3mfZLgOjUeotEborOjc2yYk$0$manual$manual$0,898AjyF5j8eO2BWD9EXNG5OQ08LdPH,2022-07-15T14:00:00.000Z,,0.145038
manual,20.4,manual,1657879200000,,,86bcrqg3mfZLgOjUeotEborOjc2yYk$0$manual$manual$0,Gm0zh8eTt1r8Lj2aPSKY04zZaQosZr,2022-07-15T10:00:00.000Z,,
manual,20.8,manual,1657866600000,,no bubbles.,86bcrqg3mfZLgOjUeotEborOjc2yYk$0$manual$manual$0,sqXhKjsi0vd6GdwwMJnfUm1LXzSxrL,2022-07-15T06:30:00.000Z,,0.145038
manual,21,manual,1657864800000,,,86bcrqg3mfZLgOjUeotEborOjc2yYk$0$manual$manual$0,0Q9EfUrnhheZzAY79jYitXwuAY5eOg,2022-07-15T06:00:00.000Z,,
manual,20.1,manual,1657850400000,,,86bcrqg3mfZLgOjUeotEborOjc2yYk$0$manual$manual$0,aSlyn76Mgro5LbxHeh2mhTBWp5C4wW,2022-07-15T02:00:00.000Z,,
manual,20.1,manual,1657836000000,,,86bcrqg3mfZLgOjUeotEborOjc2yYk$0$manual$manual$0,tyazeTjA8j84VM91AlGMClIXGyPx2h,2022-07-14T22:00:00.000Z,,
manual,20.1,manual,1657827000000,,no bubbles.,86bcrqg3mfZLgOjUeotEborOjc2yYk$0$manual$manual$0,pJMg0v59ZgdfZMYwSOGCF3QpW5q6Hf,2022-07-14T19:30:00.000Z,,0.145038
manual,19.1,manual,1657821600000,,,86bcrqg3mfZLgOjUeotEborOjc2yYk$0$manual$manual$0,MABBY0AtshVqfBimDVgZPLePg1GcmY,2022-07-14T18:00:00.000Z,,
manual,19.1,manual,1657818000000,,no bubbles.,86bcrqg3mfZLgOjUeotEborOjc2yYk$0$manual$manual$0,C2c6LDzZqgu96uXUabWp5D1kNG6Lpr,2022-07-14T17:00:00.000Z,,0.145038
manual,19.8,manual,1657807200000,,,86bcrqg3mfZLgOjUeotEborOjc2yYk$0$manual$manual$0,tyRpSUqS3v1mrlBWYpfUPJvKOaLLJN,2022-07-14T14:00:00.000Z,,
manual,19.5,manual,1657792800000,,,86bcrqg3mfZLgOjUeotEborOjc2yYk$0$manual$manual$0,7TdB9pb6vE9dvLOhOozkeVY0iEvZaY,2022-07-14T10:00:00.000Z,,
manual,19.5,manual,1657778400000,,,86bcrqg3mfZLgOjUeotEborOjc2yYk$0$manual$manual$0,JyXuDj1AiK05X70d1tzwSqHwACtyf1,2022-07-14T06:00:00.000Z,,
manual,19.4,manual,1657764000000,,,86bcrqg3mfZLgOjUeotEborOjc2yYk$0$manual$manual$0,dIyh2bXMnL2S6atqN0tONMcsIp6YIV,2022-07-14T02:00:00.000Z,,
manual,19.3,manual,1657749600000,,,86bcrqg3mfZLgOjUeotEborOjc2yYk$0$manual$manual$0,0035PD0GTxXLDY4pDbM9T3Yi1oChwR,2022-07-13T22:00:00.000Z,,
manual,18.5,manual,1657738800000,,no bubbles.,86bcrqg3mfZLgOjUeotEborOjc2yYk$0$manual$manual$0,JuT3oiAtt45kaxWH6sdvI5OhrGX7EN,2022-07-13T19:00:00.000Z,,0.145038
manual,18.2,manual,1657735200000,,,86bcrqg3mfZLgOjUeotEborOjc2yYk$0$manual$manual$0,A0izBJYMna4qpZhJIU4JV09RPHLDKH,2022-07-13T18:00:00.000Z,,
manual,18.7,manual,1657720800000,,,86bcrqg3mfZLgOjUeotEborOjc2yYk$0$manual$manual$0,JLnazIIsirxffy2OvmaoH8XpESbWyR,2022-07-13T14:00:00.000Z,,
manual,17.8,manual,1657706400000,,,86bcrqg3mfZLgOjUeotEborOjc2yYk$0$manual$manual$0,OEwxHDlCAoLBX4VZ20jPUw6gYe6j5L,2022-07-13T10:00:00.000Z,,
manual,18.4,manual,1657692000000,,,86bcrqg3mfZLgOjUeotEborOjc2yYk$0$manual$manual$0,ZI3IBEemHx57nXdDN7jLfaNJiwhBRt,2022-07-13T06:00:00.000Z,,
manual,17.9,manual,1657677600000,,,86bcrqg3mfZLgOjUeotEborOjc2yYk$0$manual$manual$0,zyZlYBjgi2xIug3XxpRCv0pEuqoe6N,2022-07-13T02:00:00.000Z,,
manual,18.5,manual,1657663200000,,,86bcrqg3mfZLgOjUeotEborOjc2yYk$0$manual$manual$0,16AH15n0bEbXnj4kJxFRaUbNFEHsGw,2022-07-12T22:00:00.000Z,,
manual,18.7,manual,1657648800000,,,86bcrqg3mfZLgOjUeotEborOjc2yYk$0$manual$manual$0,lzTJFMzh0teicCnFHXxZxSyMtkqJcW,2022-07-12T18:00:00.000Z,,
manual,18.7,manual,1657647000000,,no bubbles.,86bcrqg3mfZLgOjUeotEborOjc2yYk$0$manual$manual$0,ztE6L3cJcAZcY4fdvFFm8mrteluSRI,2022-07-12T17:30:00.000Z,,0.145038
manual,17.9,manual,1657634400000,,,86bcrqg3mfZLgOjUeotEborOjc2yYk$0$manual$manual$0,B3gOLnD0MIdG7rJUQeUJK33UkvZaar,2022-07-12T14:00:00.000Z,,
manual,18.6,manual,1657620000000,,,86bcrqg3mfZLgOjUeotEborOjc2yYk$0$manual$manual$0,jnDF0HRPaIWRzN8pVWj3mUGwmXhOEM,2022-07-12T10:00:00.000Z,,
manual,18.4,manual,1657605600000,,,86bcrqg3mfZLgOjUeotEborOjc2yYk$0$manual$manual$0,WmS4nUILFEYCJjmINtFcrlWMTRU0U1,2022-07-12T06:00:00.000Z,,
manual,18.4,manual,1657591200000,,,86bcrqg3mfZLgOjUeotEborOjc2yYk$0$manual$manual$0,hTm8WGanE0jGHo0IcGYbCaqlGAfXR5,2022-07-12T02:00:00.000Z,,
manual,18,manual,1657576800000,,,86bcrqg3mfZLgOjUeotEborOjc2yYk$0$manual$manual$0,XksLHGHowU5cljpsqH0hRiddymDaiK,2022-07-11T22:00:00.000Z,,
manual,17.8,manual,1657567800000,,no bubbles.,86bcrqg3mfZLgOjUeotEborOjc2yYk$0$manual$manual$0,PLGtb4VyPNsYKLhqtYMTY5VcxKUfAV,2022-07-11T19:30:00.000Z,,14.503774
manual,18.1,manual,1657562400000,,,86bcrqg3mfZLgOjUeotEborOjc2yYk$0$manual$manual$0,zo7xLibtUF33oklV105HJO6wvCJQEy,2022-07-11T18:00:00.000Z,,
manual,18.6,manual,1657553400000,,no bubbles.,86bcrqg3mfZLgOjUeotEborOjc2yYk$0$manual$manual$0,jF8jbAoAn8fMGKvygw487wd2KuOFqs,2022-07-11T15:30:00.000Z,,14.503774
manual,18.5,manual,1657548000000,,,86bcrqg3mfZLgOjUeotEborOjc2yYk$0$manual$manual$0,412cKrDD28P3iR6Cinlv0v5pdK0Elf,2022-07-11T14:00:00.000Z,,
manual,18.3,manual,1657539000000,,no bubbles.,86bcrqg3mfZLgOjUeotEborOjc2yYk$0$manual$manual$0,TT4dpB1MFhrGOZesZ1vV4nGDa0BCVy,2022-07-11T11:30:00.000Z,,14.503774
manual,18.1,manual,1657533600000,,,86bcrqg3mfZLgOjUeotEborOjc2yYk$0$manual$manual$0,zNuP68NIBAzMUdA6F7Jls37bk2vxfd,2022-07-11T10:00:00.000Z,,
manual,18,manual,1657519200000,,no bubbles.,86bcrqg3mfZLgOjUeotEborOjc2yYk$0$manual$manual$0,VXLFqObPmOVEAsNO0XIv5k30R54ug2,2022-07-11T06:00:00.000Z,,14.503774
manual,17.8,manual,1657504800000,,,86bcrqg3mfZLgOjUeotEborOjc2yYk$0$manual$manual$0,qIUZJekaJz9Ius1lbMA4DhrRD7UiIF,2022-07-11T02:00:00.000Z,,
manual,17.8,manual,1657490400000,,,86bcrqg3mfZLgOjUeotEborOjc2yYk$0$manual$manual$0,hZjYDPdUoS5OzUrBSc772wtaHGXCDp,2022-07-10T22:00:00.000Z,,
manual,18.6,manual,1657476000000,,no bubbles.,86bcrqg3mfZLgOjUeotEborOjc2yYk$0$manual$manual$0,mwoV6cUuDy24Jo9curX6vSmlGz0MJQ,2022-07-10T18:00:00.000Z,,14.503774
manual,18.1,manual,1657461600000,,,86bcrqg3mfZLgOjUeotEborOjc2yYk$0$manual$manual$0,XqKU1suVmzr9ROWfYrCGqBoJWXFgyQ,2022-07-10T14:00:00.000Z,,
manual,18,manual,1657457100000,,no bubbles.,86bcrqg3mfZLgOjUeotEborOjc2yYk$0$manual$manual$0,MT0PS0J4cp6f21Op9FDuxR12n7iA5J,2022-07-10T12:45:00.000Z,,14.503774
manual,17.9,manual,1657447200000,,,86bcrqg3mfZLgOjUeotEborOjc2yYk$0$manual$manual$0,VOttfpURJiZ0GSdoVS1H7DsVuQgh5I,2022-07-10T10:00:00.000Z,,
manual,17.9,manual,1657441800000,,no bubbles.,86bcrqg3mfZLgOjUeotEborOjc2yYk$0$manual$manual$0,gOnILATuGXO5sm7RqllTdRbB7QYD7D,2022-07-10T08:30:00.000Z,,14.503774
manual,17.9,manual,1657432800000,,,86bcrqg3mfZLgOjUeotEborOjc2yYk$0$manual$manual$0,9FiAedQEIlsUcPBapeaUsC6YhFZAat,2022-07-10T06:00:00.000Z,,
manual,17.9,manual,1657418400000,,,86bcrqg3mfZLgOjUeotEborOjc2yYk$0$manual$manual$0,dbu5jj2jTMb2vhJJwcxgxFQP1FKfSd,2022-07-10T02:00:00.000Z,,
manual,17.8,manual,1657404000000,,,86bcrqg3mfZLgOjUeotEborOjc2yYk$0$manual$manual$0,Cwr9o8JplX1dqn8Hi4rQ3nlxAVUYt7,2022-07-09T22:00:00.000Z,,
manual,17.8,manual,1657390516286,,no bubbles.,86bcrqg3mfZLgOjUeotEborOjc2yYk$0$manual$manual$0,I8BQz3ES2TjY4yZGHr5y0icX2Fm12V,2022-07-09T18:15:16.286Z,,14.503774
manual,18.9,manual,1657382400000,,no bubbles.,86bcrqg3mfZLgOjUeotEborOjc2yYk$0$manual$manual$0,hp26TIvnm2VlLwTwsHzEtYYy3jvodI,2022-07-09T16:00:00.000Z,,14.503774
manual,18.7,manual,1657375200000,,,86bcrqg3mfZLgOjUeotEborOjc2yYk$0$manual$manual$0,RwOB6zddnXtC69VBSNIvtcsxoqmne5,2022-07-09T14:00:00.000Z,,
manual,18.5,manual,1657371600000,,no bubbles.,86bcrqg3mfZLgOjUeotEborOjc2yYk$0$manual$manual$0,dvQ6H2BIlZjZjhE3vqg0lnaEQ78ksX,2022-07-09T13:00:00.000Z,,14.503774
manual,18.2,manual,1657360800000,,,86bcrqg3mfZLgOjUeotEborOjc2yYk$0$manual$manual$0,hk4exLhlkwfA0nmLFDHqm0EpbxU9jY,2022-07-09T10:00:00.000Z,,
manual,18.2,manual,1657355400000,,no bubbles.,86bcrqg3mfZLgOjUeotEborOjc2yYk$0$manual$manual$0,aPVBdJyRWn1inpK0HIe1PqGTbvfO3b,2022-07-09T08:30:00.000Z,,29.007548
manual,18,manual,1657346400000,,,86bcrqg3mfZLgOjUeotEborOjc2yYk$0$manual$manual$0,bYSPqr8N5dMM9tEtR9YlKqPDMKG1sf,2022-07-09T06:00:00.000Z,,
manual,18,manual,1657332000000,,,86bcrqg3mfZLgOjUeotEborOjc2yYk$0$manual$manual$0,XyvlE5iKi49HVMWUcYaW8GWB3l7L1e,2022-07-09T02:00:00.000Z,,
manual,17.8,manual,1657317600000,,,86bcrqg3mfZLgOjUeotEborOjc2yYk$0$manual$manual$0,nDDJAb5qXNiDGvL6rPNsCdsmT7JM43,2022-07-08T22:00:00.000Z,,
manual,17.8,manual,1657312200000,,no bubbles.,86bcrqg3mfZLgOjUeotEborOjc2yYk$0$manual$manual$0,Vf9sBclAfy7SuhyCJAuykT2epHSiaC,2022-07-08T20:30:00.000Z,,72.518869
manual,18.8,manual,1657303200000,,,86bcrqg3mfZLgOjUeotEborOjc2yYk$0$manual$manual$0,XwnncnAff96OGVWrUyog58VyvoTpqd,2022-07-08T18:00:00.000Z,,
manual,18.3,manual,1657288800000,,no bubbles.,86bcrqg3mfZLgOjUeotEborOjc2yYk$0$manual$manual$0,B7nc0b5njM7O6rYSs6MohHt2UKy7MJ,2022-07-08T14:00:00.000Z,,72.518869
manual,18.3,manual,1657279800000,,no bubbles.,86bcrqg3mfZLgOjUeotEborOjc2yYk$0$manual$manual$0,oX0gIvzNx2HgXyCOADyW5mhxAk10VD,2022-07-08T11:30:00.000Z,,72.518869
manual,18.3,manual,1657274400000,,,86bcrqg3mfZLgOjUeotEborOjc2yYk$0$manual$manual$0,CDjITKGlbIOcpkNR8tcBruztMaU46O,2022-07-08T10:00:00.000Z,,
manual,18.5,manual,1657260000000,,no bubbles.,86bcrqg3mfZLgOjUeotEborOjc2yYk$0$manual$manual$0,KbM7ycWD7NK3vVdrotvSruw1JdHyAu,2022-07-08T06:00:00.000Z,,101.526416
manual,18.9,manual,1657245600000,,,86bcrqg3mfZLgOjUeotEborOjc2yYk$0$manual$manual$0,EuJs3q61DmdekVD3BqNjtqgyGeCQ62,2022-07-08T02:00:00.000Z,,
manual,18.9,manual,1657231200000,,,86bcrqg3mfZLgOjUeotEborOjc2yYk$0$manual$manual$0,rJ4I825gWRHWXVCgLyw7oo55qyy4Fw,2022-07-07T22:00:00.000Z,,
manual,18.9,manual,1657224000000,,no bubbles.,86bcrqg3mfZLgOjUeotEborOjc2yYk$0$manual$manual$0,RY4zrpcpsiL6YhvQvueynFI8TbSQtq,2022-07-07T20:00:00.000Z,,174.045285
manual,18.9,manual,1657216800000,,,86bcrqg3mfZLgOjUeotEborOjc2yYk$0$manual$manual$0,i6mrGBwROpYQAe1ZbEJOCt9UCHFXAU,2022-07-07T18:00:00.000Z,,
manual,18.9,manual,1657212300000,,no bubbles.,86bcrqg3mfZLgOjUeotEborOjc2yYk$0$manual$manual$0,AlkeTTHXHgudhkNy98eWsb9JrQwG6p,2022-07-07T16:45:00.000Z,,174.045285
manual,18.9,manual,1657202400000,,,86bcrqg3mfZLgOjUeotEborOjc2yYk$0$manual$manual$0,xiR8NfGyS7qy2DsTHvBNS5vdwZdGVS,2022-07-07T14:00:00.000Z,,
manual,18.8,manual,1657188000000,,,86bcrqg3mfZLgOjUeotEborOjc2yYk$0$manual$manual$0,xXsYydVdseYOT6uTlvCNRJyycfA1sl,2022-07-07T10:00:00.000Z,,
manual,18.8,manual,1657173600000,,no bubbles.,86bcrqg3mfZLgOjUeotEborOjc2yYk$0$manual$manual$0,TN07hdXyFRyncOe4UuzHLih4QkiQ6v,2022-07-07T06:00:00.000Z,,435.113213
manual,18.6,manual,1657159200000,,,86bcrqg3mfZLgOjUeotEborOjc2yYk$0$manual$manual$0,tzwiY7aR7RI1cwWITuc773mNS5J55g,2022-07-07T02:00:00.000Z,,
manual,18.2,manual,1657144800000,,,86bcrqg3mfZLgOjUeotEborOjc2yYk$0$manual$manual$0,rs6ScJfK58MZ1qCT4GjVhkUCuK8wHB,2022-07-06T22:00:00.000Z,,
manual,18,manual,1657138500000,,no bubbles,86bcrqg3mfZLgOjUeotEborOjc2yYk$0$manual$manual$0,QJBGPG9mK1vwQpt7ydYBgbe4FJ09a8,2022-07-06T20:15:00.000Z,,652.66982
manual,18,manual,1657135800000,,many bubbles.,86bcrqg3mfZLgOjUeotEborOjc2yYk$0$manual$manual$0,4uX1BtDzzsXFo5v08I4by01pJwhqcK,2022-07-06T19:30:00.000Z,,725.188689
manual,17.8,manual,1657130400000,,,86bcrqg3mfZLgOjUeotEborOjc2yYk$0$manual$manual$0,YModra5sjBVdBsCfOLm0Mi3qhVxS3F,2022-07-06T18:00:00.000Z,,
manual,18.7,manual,1657125000000,,many bubbles.,86bcrqg3mfZLgOjUeotEborOjc2yYk$0$manual$manual$0,UUqlEaMO3kKRzzn0BefLRPTYYw2OhC,2022-07-06T16:30:00.000Z,,725.188689
manual,18.4,manual,1657116000000,,,86bcrqg3mfZLgOjUeotEborOjc2yYk$0$manual$manual$0,2uEwchWlgqtZ8DR8xVlgvjWa7udmRW,2022-07-06T14:00:00.000Z,,
manual,18.8,manual,1657101600000,,,86bcrqg3mfZLgOjUeotEborOjc2yYk$0$manual$manual$0,EswkAfIv0HZcGXAiIOtXDShShXK7Ij,2022-07-06T10:00:00.000Z,,
manual,17.9,manual,1657087200000,,many bubbles.,86bcrqg3mfZLgOjUeotEborOjc2yYk$0$manual$manual$0,gvoxgFOvvuoIp1w4WmcAKGuBgudcny,2022-07-06T06:00:00.000Z,,725.188689
manual,18.7,manual,1657072800000,,,86bcrqg3mfZLgOjUeotEborOjc2yYk$0$manual$manual$0,duY3gn4uWPG2Ck7KIkBTWEB3fuffHw,2022-07-06T02:00:00.000Z,,
manual,17.9,manual,1657058400000,,,86bcrqg3mfZLgOjUeotEborOjc2yYk$0$manual$manual$0,cn3TA93sAMz5mgOqBJFPEi9PT9v1f4,2022-07-05T22:00:00.000Z,,
manual,18.5,manual,1657051200000,,many bubbles.,86bcrqg3mfZLgOjUeotEborOjc2yYk$0$manual$manual$0,sPfvgRgHPHmAHiuQrcpvv7GZEy2l1M,2022-07-05T20:00:00.000Z,,725.188689
manual,17.9,manual,1657044000000,,,86bcrqg3mfZLgOjUeotEborOjc2yYk$0$manual$manual$0,28eQ2MJG1uFeHyquhkclka3pTrYSAZ,2022-07-05T18:00:00.000Z,,
manual,18.7,manual,1657038649174,,many bubbles.,86bcrqg3mfZLgOjUeotEborOjc2yYk$0$manual$manual$0,W4jvipL9g5xLS7h0AuWnScDGbAeodw,2022-07-05T16:30:49.174Z,,725.188689
manual,17.9,manual,1657029600000,,,86bcrqg3mfZLgOjUeotEborOjc2yYk$0$manual$manual$0,tYCXZimpH5xyTleFICo5l6EfNMRADI,2022-07-05T14:00:00.000Z,,
manual,17.9,manual,1657015200000,,,86bcrqg3mfZLgOjUeotEborOjc2yYk$0$manual$manual$0,NdQCxxpculC65cr4j0zCXJr6eNdsCu,2022-07-05T10:00:00.000Z,,
manual,18.3,manual,1657000800000,,many bubbles.,86bcrqg3mfZLgOjUeotEborOjc2yYk$0$manual$manual$0,SqDQwV1nDWvegc5WcwwkIGsxdglXnQ,2022-07-05T06:00:00.000Z,,725.188689
manual,17.8,manual,1656986400000,,,86bcrqg3mfZLgOjUeotEborOjc2yYk$0$manual$manual$0,HRypM7JwomNrNHjiThSecONXK1TBu6,2022-07-05T02:00:00.000Z,,
manual,18.5,manual,1656972000000,,,86bcrqg3mfZLgOjUeotEborOjc2yYk$0$manual$manual$0,i55FKjvt8fyfqLbL4QdXhxZeM6pi0W,2022-07-04T22:00:00.000Z,,
manual,17.9,manual,1656961200000,,no bubbles.,86bcrqg3mfZLgOjUeotEborOjc2yYk$0$manual$manual$0,XmhHc7J5BiZjg1e9u6XqivfwAkklVP,2022-07-04T19:00:00.000Z,,652.66982
manual,17.8,manual,1656957600000,,,86bcrqg3mfZLgOjUeotEborOjc2yYk$0$manual$manual$0,QTxkAPqeqZKgC36ECbClvM7fSpXYXf,2022-07-04T18:00:00.000Z,,
manual,18.9,manual,1656950400000,,two bubbles.,86bcrqg3mfZLgOjUeotEborOjc2yYk$0$manual$manual$0,auxXBbkoqUZHeQP3spDVQpK4NBYyKB,2022-07-04T16:00:00.000Z,,725.188689
manual,18.6,manual,1656943200000,,many bubbles.,86bcrqg3mfZLgOjUeotEborOjc2yYk$0$manual$manual$0,n0dAntwc8M3yNG2eW84fP1IjJvAOEQ,2022-07-04T14:00:00.000Z,,725.188689
manual,18.3,manual,1656936000000,,many bubbles.,86bcrqg3mfZLgOjUeotEborOjc2yYk$0$manual$manual$0,HfrEoeg6JQaItM77xdWtIvo0gdo5jT,2022-07-04T12:00:00.000Z,,725.188689
manual,18,manual,1656928800000,,many bubbles.,86bcrqg3mfZLgOjUeotEborOjc2yYk$0$manual$manual$0,fHO6QQWJWgFZJ4lYt50wdV5IGTIlrJ,2022-07-04T10:00:00.000Z,,725.188689
manual,17.9,manual,1656923400000,,many bubbles.,86bcrqg3mfZLgOjUeotEborOjc2yYk$0$manual$manual$0,QYwsSse7vcUGTviQIug4hUtsGmPTwW,2022-07-04T08:30:00.000Z,,725.188689
manual,17.8,manual,1656914400000,,,86bcrqg3mfZLgOjUeotEborOjc2yYk$0$manual$manual$0,c8gLu9oQTqNO4CznvC4eJsFI5soBDR,2022-07-04T06:00:00.000Z,,
manual,17.8,manual,1656900000000,,,86bcrqg3mfZLgOjUeotEborOjc2yYk$0$manual$manual$0,JgcAQFJs8xQVzQjLeJ8EvqVneEUak2,2022-07-04T02:00:00.000Z,,
manual,18,manual,1656885600000,,,86bcrqg3mfZLgOjUeotEborOjc2yYk$0$manual$manual$0,Hv28D2ifvQwulLxthf9gBGR0sCjQpI,2022-07-03T22:00:00.000Z,,
manual,18.6,manual,1656878400000,,,86bcrqg3mfZLgOjUeotEborOjc2yYk$0$manual$manual$0,HgTHj0Wuvl01nKOdFJBQcVzXlqSmGW,2022-07-03T20:00:00.000Z,,
manual,20.4,manual,1656876600000,1.06,,86bcrqg3mfZLgOjUeotEborOjc2yYk$0$manual$manual$0,RcvpVnE3e8Xz2habdL8wm3tjMvqKLq,2022-07-03T19:30:00.000Z,,1.450377