sg,id,type,temp,comment,time,__acc_reading_doc_id,__acc_reading_data_id,timepoint,ph,pressure
,manual,manual,14.5,,1678658400000,I8vTYp6ZZlYZ3zgAY4l88mw1WvwW67$0$manual$manual$0,FcKLyJqC2OiRH3b3MdwylwDumt94eK,2023-03-12T22:00:00.000Z
,manual,manual,14.7,,1678647600000,I8vTYp6ZZlYZ3zgAY4l88mw1WvwW67$0$manual$manual$0,MHSGOrJR8AyqjyX4hK5y6ErwYChnQj,2023-03-12T19:00:00.000Z
,manual,manual,14.6,,1678633200000,I8vTYp6ZZlYZ3zgAY4l88mw1WvwW67$0$manual$manual$0,7qEta6GM1HnXcQ7YOQaxxhJ739cuci,2023-03-12T15:00:00.000Z
,manual,manual,14.1,,1678620600000,I8vTYp6ZZlYZ3zgAY4l88mw1WvwW67$0$manual$manual$0,FGn6gTlZLpJExezlu417UWgyotlPTV,2023-03-12T11:30:00.000Z
,manual,manual,14.7,,1678608000000,I8vTYp6ZZlYZ3zgAY4l88mw1WvwW67$0$manual$manual$0,GtIdlIKjbIlaYIW4ZvBlIBBdy3Gxld,2023-03-12T08:00:00.000Z
,manual,manual,14.4,,1678573800000,I8vTYp6ZZlYZ3zgAY4l88mw1WvwW67$0$manual$manual$0,F09aCaBJwxoqYWilmyvIwfUJZb8MQw,2023-03-11T22:30:00.000Z
,manual,manual,14.2,,1678546800000,I8vTYp6ZZlYZ3zgAY4l88mw1WvwW67$0$manual$manual$0,33NMoxnBZzO2IAMsHlRMxo1ecK4deG,2023-03-11T15:00:00.000Z
,manual,manual,14.2,,1678527000000,I8vTYp6ZZlYZ3zgAY4l88mw1WvwW67$0$manual$manual$0,0VxCgNcXsK8F585aceNWYDD4upUgsK,2023-03-11T09:30:00.000Z
,manual,manual,14.2,,1678488300000,I8vTYp6ZZlYZ3zgAY4l88mw1WvwW67$0$manual$manual$0,9w0pbviUPxQODOJNhcnXytg0wZQDpb,2023-03-10T22:45:00.000Z
,manual,manual,14.4,,1678474800000,I8vTYp6ZZlYZ3zgAY4l88mw1WvwW67$0$manual$manual$0,NqmyQ3n4vAMuFNtJE1CmmgPZRXe9tk,2023-03-10T19:00:00.000Z
,manual,manual,14.4,,1678428000000,I8vTYp6ZZlYZ3zgAY4l88mw1WvwW67$0$manual$manual$0,xQLN04iHDVUUVqLFHrjU8FipEwOIQT,2023-03-10T06:00:00.000Z
,manual,manual,14,,1678402800000,I8vTYp6ZZlYZ3zgAY4l88mw1WvwW67$0$manual$manual$0,SbvlW02QLWLs0ysyF5jQxwREPy4MPM,2023-03-09T23:00:00.000Z
,manual,manual,14.9,,1678374000000,I8vTYp6ZZlYZ3zgAY4l88mw1WvwW67$0$manual$manual$0,Af3ymtyIQ6JMwujOx3fawiOYQxowxf,2023-03-09T15:00:00.000Z
,manual,manual,14.1,,1678361400000,I8vTYp6ZZlYZ3zgAY4l88mw1WvwW67$0$manual$manual$0,7aOBGxiqaj8kMisDB9JVr6Bo0niyuR,2023-03-09T11:30:00.000Z
,manual,manual,14.5,,1678345200000,I8vTYp6ZZlYZ3zgAY4l88mw1WvwW67$0$manual$manual$0,8Ao4u10Zt1mRVoyVHGmF17biyJmmqI,2023-03-09T07:00:00.000Z
,manual,manual,14.5,,1678315500000,I8vTYp6ZZlYZ3zgAY4l88mw1WvwW67$0$manual$manual$0,Bo9LhKhKF6vooUijB0iSgXUUQGTEM3,2023-03-08T22:45:00.000Z
,manual,manual,14.7,,1678294800000,I8vTYp6ZZlYZ3zgAY4l88mw1WvwW67$0$manual$manual$0,g2shmpVtT8l126qajKN8F7LymhRuJ9,2023-03-08T17:00:00.000Z
,manual,manual,14.1,,1678255200000,I8vTYp6ZZlYZ3zgAY4l88mw1WvwW67$0$manual$manual$0,G5NDZKirsaolmFPJZriztcTctXqXRl,2023-03-08T06:00:00.000Z
,manual,manual,14.7,,1678224600000,I8vTYp6ZZlYZ3zgAY4l88mw1WvwW67$0$manual$manual$0,weGuPlrZHGgl3v4bzVKFkRHrDI5cmB,2023-03-07T21:30:00.000Z
,manual,manual,14.1,,1678208400000,I8vTYp6ZZlYZ3zgAY4l88mw1WvwW67$0$manual$manual$0,DOOZwjKT4SCFwgMjJqMtcenkLSiC1L,2023-03-07T17:00:00.000Z
,manual,manual,14.2,,1678183200000,I8vTYp6ZZlYZ3zgAY4l88mw1WvwW67$0$manual$manual$0,iHM4PU0M6Ff6u08cmUFCamhF034qwD,2023-03-07T10:00:00.000Z
,manual,manual,14.6,,1677672000000,I8vTYp6ZZlYZ3zgAY4l88mw1WvwW67$0$manual$manual$0,TZVEKAeiEiafn9G9U0umGf2v8jTJNl,2023-03-01T12:00:00.000Z
,manual,manual,14.5,,1677654000000,I8vTYp6ZZlYZ3zgAY4l88mw1WvwW67$0$manual$manual$0,bIVXfcYlLPbXdmqDRqmkCN9T3aqxEp,2023-03-01T07:00:00.000Z
,manual,manual,14.4,,1677624300000,I8vTYp6ZZlYZ3zgAY4l88mw1WvwW67$0$manual$manual$0,r73iAZkw9XXXJiTD2PymOZ075LIkbx,2023-02-28T22:45:00.000Z
,manual,manual,14.4,,1677603600000,I8vTYp6ZZlYZ3zgAY4l88mw1WvwW67$0$manual$manual$0,geXDP3RTyZrAVWs1VZi7Ra5CNaWBwp,2023-02-28T17:00:00.000Z
,manual,manual,14.4,,1677567600000,I8vTYp6ZZlYZ3zgAY4l88mw1WvwW67$0$manual$manual$0,EcMeWqfDWA66Rt6VRrosw7EC2ZPx8o,2023-02-28T07:00:00.000Z
,manual,manual,14.2,,1677531600000,I8vTYp6ZZlYZ3zgAY4l88mw1WvwW67$0$manual$manual$0,gAqjdnY0oGws55XIJ7x2wFkXfCNpx4,2023-02-27T21:00:00.000Z
,manual,manual,14.2,,1677517200000,I8vTYp6ZZlYZ3zgAY4l88mw1WvwW67$0$manual$manual$0,ZaZz8Xurhi3lIKooSTrYKFGZaYNCRZ,2023-02-27T17:00:00.000Z
,manual,manual,14.2,,1677479400000,I8vTYp6ZZlYZ3zgAY4l88mw1WvwW67$0$manual$manual$0,zhqGpctlDWT9mqx5lvp16HIM5ZLD2r,2023-02-27T06:30:00.000Z
,manual,manual,14,,1677436200000,I8vTYp6ZZlYZ3zgAY4l88mw1WvwW67$0$manual$manual$0,q6rO69OpzaUztRTwsSi2WfTfQYjxbz,2023-02-26T18:30:00.000Z
,manual,manual,14.8,,1677421800000,I8vTYp6ZZlYZ3zgAY4l88mw1WvwW67$0$manual$manual$0,qFGVcbt28cqzAepwxUGWCnACord8Z9,2023-02-26T14:30:00.000Z
,manual,manual,14.3,,1677398400000,I8vTYp6ZZlYZ3zgAY4l88mw1WvwW67$0$manual$manual$0,yrLQdyFn2f4FJVPZB45eSradCZDoRR,2023-02-26T08:00:00.000Z
,manual,manual,14.3,,1677360600000,I8vTYp6ZZlYZ3zgAY4l88mw1WvwW67$0$manual$manual$0,zVlRtFyx6FsPoLulrKltYQvrxo6uea,2023-02-25T21:30:00.000Z
,manual,manual,14.4,,1677337200000,I8vTYp6ZZlYZ3zgAY4l88mw1WvwW67$0$manual$manual$0,BBQAyFQabTLQmzU5hRRyt987mpH3QR,2023-02-25T15:00:00.000Z
,manual,manual,14.7,,1677306600000,I8vTYp6ZZlYZ3zgAY4l88mw1WvwW67$0$manual$manual$0,oaMBWgjDyXZ03WyomwDFMWEE4LsVZh,2023-02-25T06:30:00.000Z
,manual,manual,14,,1677272400000,I8vTYp6ZZlYZ3zgAY4l88mw1WvwW67$0$manual$manual$0,ANYIJsDc1h4KqHTljpOlRELEiGkZPa,2023-02-24T21:00:00.000Z
,manual,manual,14.9,,1677258000000,I8vTYp6ZZlYZ3zgAY4l88mw1WvwW67$0$manual$manual$0,9xnXLIYASntlI8WzzuMkAfhARBfkSj,2023-02-24T17:00:00.000Z
,manual,manual,14.7,,1677220200000,I8vTYp6ZZlYZ3zgAY4l88mw1WvwW67$0$manual$manual$0,FTGSVuMUSHr1lvNQuNhvtzIxB7jrSX,2023-02-24T06:30:00.000Z
,manual,manual,14.7,,1677186900000,I8vTYp6ZZlYZ3zgAY4l88mw1WvwW67$0$manual$manual$0,zyAmlX8MLZ3LXhe0PeT7CN3N4YT1PN,2023-02-23T21:15:00.000Z
,manual,manual,14.9,,1677175200000,I8vTYp6ZZlYZ3zgAY4l88mw1WvwW67$0$manual$manual$0,LkrMi0xGDMBgLDWn4YMIp3Pkf4O17M,2023-02-23T18:00:00.000Z
,manual,manual,14.2,,1677128400000,I8vTYp6ZZlYZ3zgAY4l88mw1WvwW67$0$manual$manual$0,Md1ljSSevltGnrpFaBSuTzxOQNqfs9,2023-02-23T05:00:00.000Z
,manual,manual,14.9,,1677087000000,I8vTYp6ZZlYZ3zgAY4l88mw1WvwW67$0$manual$manual$0,kjUk6quY3U7rKcFwUKgyjXhW4TeNO5,2023-02-22T17:30:00.000Z
,manual,manual,14.5,,1677045600000,I8vTYp6ZZlYZ3zgAY4l88mw1WvwW67$0$manual$manual$0,EsWEijuMfLHbjeMMB6DSjnLYdYARLd,2023-02-22T06:00:00.000Z
,manual,manual,14,,1677015010590,I8vTYp6ZZlYZ3zgAY4l88mw1WvwW67$0$manual$manual$0,ZlXcsUZgEChE7uBXHRnkEvQQ8jeSk4,2023-02-21T21:30:10.590Z
,manual,manual,14.8,,1677004200000,I8vTYp6ZZlYZ3zgAY4l88mw1WvwW67$0$manual$manual$0,8VbkMzDOCiAhszXuYCPhLBZyoNWl91,2023-02-21T18:30:00.000Z
,manual,manual,14.1,,1676959200000,I8vTYp6ZZlYZ3zgAY4l88mw1WvwW67$0$manual$manual$0,pcLlx1O2CCKgcCkxt7xGacJeOTddtp,2023-02-21T06:00:00.000Z
,manual,manual,14.7,,1676800800000,I8vTYp6ZZlYZ3zgAY4l88mw1WvwW67$0$manual$manual$0,cMXGK6SLoNigzkicWeuel44G43OejO,2023-02-19T10:00:00.000Z
,manual,manual,14.2,,1676755800000,I8vTYp6ZZlYZ3zgAY4l88mw1WvwW67$0$manual$manual$0,hyd4GYJ4tRYBasH47DsurbNRSs3MBM,2023-02-18T21:30:00.000Z
,manual,manual,14.9,,1676736000000,I8vTYp6ZZlYZ3zgAY4l88mw1WvwW67$0$manual$manual$0,WuTvNqzauKsmfP6wSMK8e8t4I114Pi,2023-02-18T16:00:00.000Z
,manual,manual,14.7,,1676709000000,I8vTYp6ZZlYZ3zgAY4l88mw1WvwW67$0$manual$manual$0,RULyzeaa3luXdWEdDjwM86ooMYpdsk,2023-02-18T08:30:00.000Z
,manual,manual,14,,1676669400000,I8vTYp6ZZlYZ3zgAY4l88mw1WvwW67$0$manual$manual$0,wndV5v4vGufh5yzZust3l7mGK6B55c,2023-02-17T21:30:00.000Z
,manual,manual,14.9,,1676656800000,I8vTYp6ZZlYZ3zgAY4l88mw1WvwW67$0$manual$manual$0,brMdctRmq583YK2UkIEGKNf9rGiKDB,2023-02-17T18:00:00.000Z
,manual,manual,14.8,,1676617200000,I8vTYp6ZZlYZ3zgAY4l88mw1WvwW67$0$manual$manual$0,oHs6OJh79klCl0RuWN8lbTn6iEZeeE,2023-02-17T07:00:00.000Z
,manual,manual,14.5,,1676569500000,I8vTYp6ZZlYZ3zgAY4l88mw1WvwW67$0$manual$manual$0,NMsg3fN97cHpPujAEE5Cxdp6y3WkMh,2023-02-16T17:45:00.000Z
,manual,manual,14.4,,1676498424254,I8vTYp6ZZlYZ3zgAY4l88mw1WvwW67$0$manual$manual$0,cjuQ9GGbU7Tibx55m4mfD85EKP71Yh,2023-02-15T22:00:24.254Z
,manual,manual,14.7,,1676480400000,I8vTYp6ZZlYZ3zgAY4l88mw1WvwW67$0$manual$manual$0,JZa6RShMhkMj19TOG4c5fd7f8bBndl,2023-02-15T17:00:00.000Z
,manual,manual,14.3,,1676442600000,I8vTYp6ZZlYZ3zgAY4l88mw1WvwW67$0$manual$manual$0,blIVqfQ1cUsDNWSKZhaqymJNvaDvVa,2023-02-15T06:30:00.000Z
,manual,manual,14.9,,1676410200000,I8vTYp6ZZlYZ3zgAY4l88mw1WvwW67$0$manual$manual$0,Ry4lA3wGv11sa1fgjo55NiDsBNywc7,2023-02-14T21:30:00.000Z
,manual,manual,14.4,,1676392200000,I8vTYp6ZZlYZ3zgAY4l88mw1WvwW67$0$manual$manual$0,pIxdGfhFtrK4qcjfWiHFDHG89JUujB,2023-02-14T16:30:00.000Z
,manual,manual,14.9,,1676358000000,I8vTYp6ZZlYZ3zgAY4l88mw1WvwW67$0$manual$manual$0,KbRF0qvLZEFH2Pcf6v6QQR8EEGiBLQ,2023-02-14T07:00:00.000Z
,manual,manual,14.6,,1676304000000,I8vTYp6ZZlYZ3zgAY4l88mw1WvwW67$0$manual$manual$0,5mAff7tpqd7RN2c6tTmFsOoE9t7UW1,2023-02-13T16:00:00.000Z
,manual,manual,14.7,,1676275200000,I8vTYp6ZZlYZ3zgAY4l88mw1WvwW67$0$manual$manual$0,0fD2ycNb0TkAo38CUjiDcWQvlZSTE8,2023-02-13T08:00:00.000Z
,manual,manual,14.7,,1676235600000,I8vTYp6ZZlYZ3zgAY4l88mw1WvwW67$0$manual$manual$0,buvhPdA7LnCzbjPJO8yOkErd29zCnk,2023-02-12T21:00:00.000Z
,manual,manual,14,,1676217600000,I8vTYp6ZZlYZ3zgAY4l88mw1WvwW67$0$manual$manual$0,Lkap1Ynu5rkyHeQJ0k3l9mXio8DLTX,2023-02-12T16:00:00.000Z
,manual,manual,14.7,,1676190600000,I8vTYp6ZZlYZ3zgAY4l88mw1WvwW67$0$manual$manual$0,CEwsn1BDqanA5fQqkRyiDy2f7SR9l5,2023-02-12T08:30:00.000Z
,manual,manual,14,,1676154600000,I8vTYp6ZZlYZ3zgAY4l88mw1WvwW67$0$manual$manual$0,wl65dOOXkSfFEPUc7yV2l6YzzB66aT,2023-02-11T22:30:00.000Z
,manual,manual,14.9,,1676136600000,I8vTYp6ZZlYZ3zgAY4l88mw1WvwW67$0$manual$manual$0,Ogbqfa5xfZUz184mudawEFlrWpFsO1,2023-02-11T17:30:00.000Z
,manual,manual,13.9,,1676097000000,I8vTYp6ZZlYZ3zgAY4l88mw1WvwW67$0$manual$manual$0,ghyU9sFwE6jbs2wiwJQmo8mxkH8XV2,2023-02-11T06:30:00.000Z
,manual,manual,14.3,,1676066400000,I8vTYp6ZZlYZ3zgAY4l88mw1WvwW67$0$manual$manual$0,L9IcQZHvwcPG0tlLRJFlFOEibca33M,2023-02-10T22:00:00.000Z
,manual,manual,13.9,,1676050200000,I8vTYp6ZZlYZ3zgAY4l88mw1WvwW67$0$manual$manual$0,DudinN3qtQjzrFLoWMmqgNSSVD1PUQ,2023-02-10T17:30:00.000Z
,manual,manual,13.8,,1676010600000,I8vTYp6ZZlYZ3zgAY4l88mw1WvwW67$0$manual$manual$0,rcrFvQhp6DbScvdwoWAQajmkaZMPtm,2023-02-10T06:30:00.000Z
,manual,manual,14.2,,1675920600000,I8vTYp6ZZlYZ3zgAY4l88mw1WvwW67$0$manual$manual$0,9hafDyQDWvrh0CdWztDEykgdwK0AQ4,2023-02-09T05:30:00.000Z
,manual,manual,14.9,,1675882800000,I8vTYp6ZZlYZ3zgAY4l88mw1WvwW67$0$manual$manual$0,A0dKD4fsACRHFG71cIMOGJkMQRdR9b,2023-02-08T19:00:00.000Z
,manual,manual,14.4,,1675832400000,I8vTYp6ZZlYZ3zgAY4l88mw1WvwW67$0$manual$manual$0,QjNrQ6TTkbAPGr1K14cwoaNl0gnBg9,2023-02-08T05:00:00.000Z
,manual,manual,14.9,,1675801800000,I8vTYp6ZZlYZ3zgAY4l88mw1WvwW67$0$manual$manual$0,2Ech2YmuCTJlM4QXVU2PZPQ7H1eZ1D,2023-02-07T20:30:00.000Z
,manual,manual,14,,1675750500000,I8vTYp6ZZlYZ3zgAY4l88mw1WvwW67$0$manual$manual$0,SZb7WWTWv7Ftsd88SGH12JvDewA97N,2023-02-07T06:15:00.000Z
,manual,manual,14.7,,1675699200000,I8vTYp6ZZlYZ3zgAY4l88mw1WvwW67$0$manual$manual$0,dP8TfUvWQgI8tNld58kaU5tSDFXQ1Y,2023-02-06T16:00:00.000Z
,manual,manual,14.7,,1675672200000,I8vTYp6ZZlYZ3zgAY4l88mw1WvwW67$0$manual$manual$0,UECbYw46wrjFRjJo1XQm55lqkHZJ9s,2023-02-06T08:30:00.000Z
,manual,manual,14.7,,1675630800000,I8vTYp6ZZlYZ3zgAY4l88mw1WvwW67$0$manual$manual$0,JGuLxt8nd8WVzpAIXj0amnISspCGV0,2023-02-05T21:00:00.000Z
,manual,manual,17.8,,1675609200000,I8vTYp6ZZlYZ3zgAY4l88mw1WvwW67$0$manual$manual$0,0blUvFU0zbqNZSkr7XOF8yg2P2llla,2023-02-05T15:00:00.000Z
,manual,manual,16.8,,1675594800000,I8vTYp6ZZlYZ3zgAY4l88mw1WvwW67$0$manual$manual$0,XuYL0unMzcXJSRJmIglKJUCwXUMIqV,2023-02-05T11:00:00.000Z
,manual,manual,17.3,,1675580400000,I8vTYp6ZZlYZ3zgAY4l88mw1WvwW67$0$manual$manual$0,Sl8QnUfwx2ciO28lLpPaRiqXSS3xRk,2023-02-05T07:00:00.000Z
,manual,manual,17.7,,1675566000000,I8vTYp6ZZlYZ3zgAY4l88mw1WvwW67$0$manual$manual$0,mhwRKm6FU8d8mJp4htZo5QciL8hiQ0,2023-02-05T03:00:00.000Z
,manual,manual,16.8,,1675551600000,I8vTYp6ZZlYZ3zgAY4l88mw1WvwW67$0$manual$manual$0,IRz62ejQqUjyAh834yURPpqb56YQYk,2023-02-04T23:00:00.000Z
,manual,manual,17.6,,1675537200000,I8vTYp6ZZlYZ3zgAY4l88mw1WvwW67$0$manual$manual$0,eMdO44At7gDTEWckgRSuXKc2Sf4fXx,2023-02-04T19:00:00.000Z
,manual,manual,17.7,,1675522800000,I8vTYp6ZZlYZ3zgAY4l88mw1WvwW67$0$manual$manual$0,j30KWuVKf3ZVT7NM0fhMpJojyszbAV,2023-02-04T15:00:00.000Z
,manual,manual,16.8,,1675508400000,I8vTYp6ZZlYZ3zgAY4l88mw1WvwW67$0$manual$manual$0,IQr6pnydGdAu4BLnRHZd8hQZFW8VYC,2023-02-04T11:00:00.000Z
,manual,manual,17.4,,1675494000000,I8vTYp6ZZlYZ3zgAY4l88mw1WvwW67$0$manual$manual$0,p5QcDwX1aX5PPWzyHqUEOAi6jo5KwA,2023-02-04T07:00:00.000Z
,manual,manual,17.8,,1675479600000,I8vTYp6ZZlYZ3zgAY4l88mw1WvwW67$0$manual$manual$0,Ysv6stVnoDDu16zoYHlB21yUCKlYMA,2023-02-04T03:00:00.000Z
,manual,manual,16.8,,1675465200000,I8vTYp6ZZlYZ3zgAY4l88mw1WvwW67$0$manual$manual$0,geiecQj45LmZnc93sUtFgITZMvBTGW,2023-02-03T23:00:00.000Z
,manual,manual,17.5,,1675450800000,I8vTYp6ZZlYZ3zgAY4l88mw1WvwW67$0$manual$manual$0,wKn4OTBDDhNZMTj86ilzmvf7vIQW6T,2023-02-03T19:00:00.000Z
,manual,manual,18,,1675436400000,I8vTYp6ZZlYZ3zgAY4l88mw1WvwW67$0$manual$manual$0,SEdH5wpOGyqlPHZ8E7OTnaHBfluyuq,2023-02-03T15:00:00.000Z
,manual,manual,16.8,,1675422000000,I8vTYp6ZZlYZ3zgAY4l88mw1WvwW67$0$manual$manual$0,jBYvps9sXVr4RBoRQApkWxeYR8BWvT,2023-02-03T11:00:00.000Z
,manual,manual,17.2,,1675407600000,I8vTYp6ZZlYZ3zgAY4l88mw1WvwW67$0$manual$manual$0,ddV8oZXJmMVyPUPYMOZIzvf1OjOohl,2023-02-03T07:00:00.000Z
,manual,manual,18,,1675393200000,I8vTYp6ZZlYZ3zgAY4l88mw1WvwW67$0$manual$manual$0,fVYlPQOowrVvdpVF9mXUG5dcjfLXE4,2023-02-03T03:00:00.000Z
,manual,manual,16.7,,1675378800000,I8vTYp6ZZlYZ3zgAY4l88mw1WvwW67$0$manual$manual$0,5hC985VZh8MUuL49uGLa6s4wsZcquY,2023-02-02T23:00:00.000Z
,manual,manual,17.2,,1675364400000,I8vTYp6ZZlYZ3zgAY4l88mw1WvwW67$0$manual$manual$0,jO9rtwQGG2EeECeUmHJ9qmqb1KJhKk,2023-02-02T19:00:00.000Z
,manual,manual,18,,1675350000000,I8vTYp6ZZlYZ3zgAY4l88mw1WvwW67$0$manual$manual$0,IF2IGifS1b96Tq0xcPwqR4ww6QhbEs,2023-02-02T15:00:00.000Z
,manual,manual,16.8,,1675335600000,I8vTYp6ZZlYZ3zgAY4l88mw1WvwW67$0$manual$manual$0,2mCaqSyp0HWR0W8EF9AJzN2C7tq93G,2023-02-02T11:00:00.000Z
,manual,manual,17,,1675321200000,I8vTYp6ZZlYZ3zgAY4l88mw1WvwW67$0$manual$manual$0,fpsVJj8c24k1UcClm6XmofMxEDyAQz,2023-02-02T07:00:00.000Z
,manual,manual,18.1,,1675306800000,I8vTYp6ZZlYZ3zgAY4l88mw1WvwW67$0$manual$manual$0,scMVIOnxJc9h2GQXCKuzyvH4UQviFV,2023-02-02T03:00:00.000Z
,manual,manual,17,,1675292400000,I8vTYp6ZZlYZ3zgAY4l88mw1WvwW67$0$manual$manual$0,TEppYmGD2kvToj3z4SIepySJR9k2wU,2023-02-01T23:00:00.000Z
,manual,manual,16.8,,1675278000000,I8vTYp6ZZlYZ3zgAY4l88mw1WvwW67$0$manual$manual$0,ponWKwZHSd4zWvCeOGRgzW2vckUM3T,2023-02-01T19:00:00.000Z
,manual,manual,18.1,,1675263600000,I8vTYp6ZZlYZ3zgAY4l88mw1WvwW67$0$manual$manual$0,CZacec7xO4PHfRCAVI6TgQPVBbta59,2023-02-01T15:00:00.000Z
,manual,manual,17.2,,1675249200000,I8vTYp6ZZlYZ3zgAY4l88mw1WvwW67$0$manual$manual$0,hUNiySliDYWjNytuEpM42uWnoLqCJG,2023-02-01T11:00:00.000Z
,manual,manual,16.6,,1675234800000,I8vTYp6ZZlYZ3zgAY4l88mw1WvwW67$0$manual$manual$0,qgDMog07pu5cg96v91y7XZIvQj33kO,2023-02-01T07:00:00.000Z
,manual,manual,17.6,,1675220400000,I8vTYp6ZZlYZ3zgAY4l88mw1WvwW67$0$manual$manual$0,fdqC70CmUwF8fnghfPbPqDahixJGt0,2023-02-01T03:00:00.000Z
,manual,manual,17.6,,1675206000000,I8vTYp6ZZlYZ3zgAY4l88mw1WvwW67$0$manual$manual$0,RfAA0bKn4BlbacA0PIbz2EdJF3oN3T,2023-01-31T23:00:00.000Z
,manual,manual,16.8,,1675191600000,I8vTYp6ZZlYZ3zgAY4l88mw1WvwW67$0$manual$manual$0,NbVEClErKeVDNPRj0M9yR6W9tX1VSd,2023-01-31T19:00:00.000Z
,manual,manual,17,,1675177200000,I8vTYp6ZZlYZ3zgAY4l88mw1WvwW67$0$manual$manual$0,aTRx6Rpo1QMlzs6eBN2B2xbEwmhSnK,2023-01-31T15:00:00.000Z
,manual,manual,17.8,,1675162800000,I8vTYp6ZZlYZ3zgAY4l88mw1WvwW67$0$manual$manual$0,u8J24eh38jt57YLBnJJol8I81v0N9G,2023-01-31T11:00:00.000Z
,manual,manual,17,,1675148400000,I8vTYp6ZZlYZ3zgAY4l88mw1WvwW67$0$manual$manual$0,LMv20wMr7bQ59OsW2ZM3tvZtgBuc62,2023-01-31T07:00:00.000Z
,manual,manual,16.4,,1675134000000,I8vTYp6ZZlYZ3zgAY4l88mw1WvwW67$0$manual$manual$0,Qdxky0JjwLUVLMlUnkyFhSyGq8fsLW,2023-01-31T03:00:00.000Z
,manual,manual,16.6,,1675119600000,I8vTYp6ZZlYZ3zgAY4l88mw1WvwW67$0$manual$manual$0,5dZsFO9csrHyQyNmMDRas7IA36d3uJ,2023-01-30T23:00:00.000Z
,manual,manual,20,,1675105200000,I8vTYp6ZZlYZ3zgAY4l88mw1WvwW67$0$manual$manual$0,y3GXHZU1XkiNbnlahzgpDFbEtz2bUV,2023-01-30T19:00:00.000Z
,manual,manual,20.1,,1675090800000,I8vTYp6ZZlYZ3zgAY4l88mw1WvwW67$0$manual$manual$0,5boRseVsxkYkagQX1XYGEp8R167mOj,2023-01-30T15:00:00.000Z
,manual,manual,20,,1675076400000,I8vTYp6ZZlYZ3zgAY4l88mw1WvwW67$0$manual$manual$0,AkalBQAPlDgTS54ed8YTdyQJkMw8Is,2023-01-30T11:00:00.000Z
,manual,manual,20.8,,1675062000000,I8vTYp6ZZlYZ3zgAY4l88mw1WvwW67$0$manual$manual$0,1Gr1U3S1gUKgQIjIwQtArCg7LNO8tQ,2023-01-30T07:00:00.000Z
,manual,manual,20.6,,1675047600000,I8vTYp6ZZlYZ3zgAY4l88mw1WvwW67$0$manual$manual$0,bx3djXrjkH8X6KO5PmsR2uXCKuQpty,2023-01-30T03:00:00.000Z
1,manual,manual,15.2,,1675010400000,I8vTYp6ZZlYZ3zgAY4l88mw1WvwW67$0$manual$manual$0,ypkVgzzz3cecXR7lObZJz6V2yhZ02X,2023-01-29T16:40:00.000Z,4.06,0.145038
,manual,manual,20.5,,1675003500000,I8vTYp6ZZlYZ3zgAY4l88mw1WvwW67$0$manual$manual$0,JZrLvCOaR7xsOQQqMaQ3rXMBwRok8q,2023-01-29T14:45:00.000Z,,0.145038
,manual,manual,21,,1674990000000,I8vTYp6ZZlYZ3zgAY4l88mw1WvwW67$0$manual$manual$0,8RV9QvOfU9N9nUb2CqFXPcRI6B6AQt,2023-01-29T11:00:00.000Z,,0.145038
,manual,manual,21.1,,1674975600000,I8vTYp6ZZlYZ3zgAY4l88mw1WvwW67$0$manual$manual$0,GwF0FmCdzRA6Q0pUX20hsyNoBQMuDi,2023-01-29T07:00:00.000Z,,0.145038
,manual,manual,20.5,,1674961200000,I8vTYp6ZZlYZ3zgAY4l88mw1WvwW67$0$manual$manual$0,8amIoRBTKH1xOTPyKox9QY1XzPA8Qi,2023-01-29T03:00:00.000Z,,0.145038
,manual,manual,21,,1674946800000,I8vTYp6ZZlYZ3zgAY4l88mw1WvwW67$0$manual$manual$0,xsgjjxiVdZ56tjagixcSeAxKzwI6mS,2023-01-28T23:00:00.000Z,,0.145038
,manual,manual,20.9,,1674932400000,I8vTYp6ZZlYZ3zgAY4l88mw1WvwW67$0$manual$manual$0,BpOtdIDhK606jehUArjMm2sJ9vvquu,2023-01-28T19:00:00.000Z,,0.145038
,manual,manual,20.3,,1674918000000,I8vTYp6ZZlYZ3zgAY4l88mw1WvwW67$0$manual$manual$0,CMjoVU2Vt8HzK70YDSgnc8WuBODvDj,2023-01-28T15:00:00.000Z,,0.145038
,manual,manual,21,,1674903600000,I8vTYp6ZZlYZ3zgAY4l88mw1WvwW67$0$manual$manual$0,T1ygdVpXZaVSTppNJHz88CHHOoE8Pr,2023-01-28T11:00:00.000Z,,0.145038
,manual,manual,20.9,,1674889200000,I8vTYp6ZZlYZ3zgAY4l88mw1WvwW67$0$manual$manual$0,0Nta0klkFqWiu1ksqYcGLceeLNgIki,2023-01-28T07:00:00.000Z,,0.145038
,manual,manual,21,,1674874800000,I8vTYp6ZZlYZ3zgAY4l88mw1WvwW67$0$manual$manual$0,zx9ZC56FuLJasZd71UzjBtSgCHQCcr,2023-01-28T03:00:00.000Z,,0.145038
,manual,manual,20.9,,1674860400000,I8vTYp6ZZlYZ3zgAY4l88mw1WvwW67$0$manual$manual$0,LfCVXDgsUZewyH82VWbzJ9dOBYnLoA,2023-01-27T23:00:00.000Z,,0.145038
,manual,manual,20.3,,1674846000000,I8vTYp6ZZlYZ3zgAY4l88mw1WvwW67$0$manual$manual$0,uNwqtKTpVzgr61YaNETZK8OXl8RyMy,2023-01-27T19:00:00.000Z,,0.145038
,manual,manual,19.7,,1674831600000,I8vTYp6ZZlYZ3zgAY4l88mw1WvwW67$0$manual$manual$0,XvIpWWP7LFrXQLE5ZUCA10WZEuZAxN,2023-01-27T15:00:00.000Z,,0.145038
,manual,manual,20.5,,1674816300000,I8vTYp6ZZlYZ3zgAY4l88mw1WvwW67$0$manual$manual$0,vIB6LSB4hA8HPW7ZRblGMiq470h8VU,2023-01-27T10:45:00.000Z,,0.145038
,manual,manual,19.8,,1674802800000,I8vTYp6ZZlYZ3zgAY4l88mw1WvwW67$0$manual$manual$0,eBaoLXio3GiP9zzYFoKL8wut2zx3ku,2023-01-27T07:00:00.000Z,,0.145038
,manual,manual,20.2,,1674788400000,I8vTYp6ZZlYZ3zgAY4l88mw1WvwW67$0$manual$manual$0,8X8Xrt0Jta6jkGkgWMKFn3FeQ3ATpY,2023-01-27T03:00:00.000Z,,0.145038
,manual,manual,19.5,,1674774000000,I8vTYp6ZZlYZ3zgAY4l88mw1WvwW67$0$manual$manual$0,QFnr6ym155LutkNV06S9fTLJsm0zSK,2023-01-26T23:00:00.000Z,,0.145038
,manual,manual,19.1,,1674759600000,I8vTYp6ZZlYZ3zgAY4l88mw1WvwW67$0$manual$manual$0,ziE5Rgo3PVikNVw9qcZeqI5pkmbkzH,2023-01-26T19:00:00.000Z,,0.145038
,manual,manual,19.9,,1674745200000,I8vTYp6ZZlYZ3zgAY4l88mw1WvwW67$0$manual$manual$0,ZGc13dWcEkoo8GcKdtMwUBWhqDFaXY,2023-01-26T15:00:00.000Z,,0.145038
,manual,manual,19.2,,1674730800000,I8vTYp6ZZlYZ3zgAY4l88mw1WvwW67$0$manual$manual$0,qlPIaTyRHZRpOKUKcaAp2XdT6zuOOa,2023-01-26T11:00:00.000Z,,0.145038
,manual,manual,19.7,,1674716400000,I8vTYp6ZZlYZ3zgAY4l88mw1WvwW67$0$manual$manual$0,Y2BTcyi49NweEc8mWWIGK84UuJnaaH,2023-01-26T07:00:00.000Z,,0.145038
,manual,manual,19.2,,1674702000000,I8vTYp6ZZlYZ3zgAY4l88mw1WvwW67$0$manual$manual$0,iQ6vm3aSGcNjzNmjONDInGm5QnotJN,2023-01-26T03:00:00.000Z,,0.145038
,manual,manual,18.2,,1674687600000,I8vTYp6ZZlYZ3zgAY4l88mw1WvwW67$0$manual$manual$0,ODq1MSG4UXsjvx6oLmn1f5t1LQGo3B,2023-01-25T23:00:00.000Z,,0.145038
,manual,manual,18.1,,1674671400000,I8vTYp6ZZlYZ3zgAY4l88mw1WvwW67$0$manual$manual$0,4Hmg68JBRqse2KIVWC681dsflQnONe,2023-01-25T18:30:00.000Z,,0.145038
,manual,manual,18.6,,1674658800000,I8vTYp6ZZlYZ3zgAY4l88mw1WvwW67$0$manual$manual$0,nEk0vm2xk912I7lTA5W3NMqkOb2GN2,2023-01-25T15:00:00.000Z,,0.145038
,manual,manual,17.6,,1674644400000,I8vTYp6ZZlYZ3zgAY4l88mw1WvwW67$0$manual$manual$0,JuRtPg4b81QbsEdTvwiE2LCKRRDieE,2023-01-25T11:00:00.000Z,,0.145038
,manual,manual,17.4,,1674630000000,I8vTYp6ZZlYZ3zgAY4l88mw1WvwW67$0$manual$manual$0,YXAq9vMirxDDnFyILHkiadpKeeqrPi,2023-01-25T07:00:00.000Z,,0.145038
,manual,manual,17.6,,1674615600000,I8vTYp6ZZlYZ3zgAY4l88mw1WvwW67$0$manual$manual$0,h0C6yoDzXgS0LeTHYhO33W34Dbolm2,2023-01-25T03:00:00.000Z,,0.145038
,manual,manual,18.4,,1674601200000,I8vTYp6ZZlYZ3zgAY4l88mw1WvwW67$0$manual$manual$0,dbblabovMvhcKMKcnzeQ0u31qFh8Ll,2023-01-24T23:00:00.000Z,,0.145038
,manual,manual,18.5,,1674590400000,I8vTYp6ZZlYZ3zgAY4l88mw1WvwW67$0$manual$manual$0,Lnj11BjdjHzUDwT8IgUVz4ZSf2LBNx,2023-01-24T20:00:00.000Z,,0.145038
,manual,manual,17.7,,1674572400000,I8vTYp6ZZlYZ3zgAY4l88mw1WvwW67$0$manual$manual$0,4JHzkzhc9kQ5QMk1BIKfxJGV35CFXo,2023-01-24T15:00:00.000Z,,0.145038
,manual,manual,17.9,,1674558000000,I8vTYp6ZZlYZ3zgAY4l88mw1WvwW67$0$manual$manual$0,wqBCIWYaQkPuFndW4aZWyHx6joGYRT,2023-01-24T11:00:00.000Z,,0.145038
,manual,manual,18.4,,1674543600000,I8vTYp6ZZlYZ3zgAY4l88mw1WvwW67$0$manual$manual$0,otSpWeRz1zQPPbfUXphsZRZBgv43Ye,2023-01-24T07:00:00.000Z,,0.145038
,manual,manual,17.5,,1674529200000,I8vTYp6ZZlYZ3zgAY4l88mw1WvwW67$0$manual$manual$0,VA5TSWvwZrmsnXqLcRzlfce04owzLN,2023-01-24T03:00:00.000Z,,0.145038
,manual,manual,18.5,,1674514800000,I8vTYp6ZZlYZ3zgAY4l88mw1WvwW67$0$manual$manual$0,vlAfjXQRTub2m9LGUk1NuGV9ZmRZLr,2023-01-23T23:00:00.000Z,,0.145038
,manual,manual,17.5,,1674500400000,I8vTYp6ZZlYZ3zgAY4l88mw1WvwW67$0$manual$manual$0,DRF90NCXNOVhYy2NgaYtRclQKmC9Jh,2023-01-23T19:00:00.000Z,,0.145038
,manual,manual,18.4,,1674493200000,I8vTYp6ZZlYZ3zgAY4l88mw1WvwW67$0$manual$manual$0,KX5RET0bBQ2UC36iGTZoLVtgsDmuFe,2023-01-23T17:00:00.000Z,,0.145038
,manual,manual,18.5,,1674486000000,I8vTYp6ZZlYZ3zgAY4l88mw1WvwW67$0$manual$manual$0,8Udr50SJXuybukm40reAz5bZZoMKa9,2023-01-23T15:00:00.000Z,,0.145038
,manual,manual,18.5,,1674471600000,I8vTYp6ZZlYZ3zgAY4l88mw1WvwW67$0$manual$manual$0,fnbWhuqCRkp2w05AqmuT6uTD7vu09Z,2023-01-23T11:00:00.000Z,,0.145038
,manual,manual,17.5,,1674453600000,I8vTYp6ZZlYZ3zgAY4l88mw1WvwW67$0$manual$manual$0,Cm1DQPhmVd7fb3pzoVSmO03k5Mq2v6,2023-01-23T06:00:00.000Z,,0.145038
,manual,manual,18.3,,1674442800000,I8vTYp6ZZlYZ3zgAY4l88mw1WvwW67$0$manual$manual$0,wNBjWfWwa2Jo3ogRvR5SrAknLtMJGN,2023-01-23T03:00:00.000Z,,0.145038
,manual,manual,18.4,,1674428400000,I8vTYp6ZZlYZ3zgAY4l88mw1WvwW67$0$manual$manual$0,cukMBFFAJ6kElz3Ghz1VFJ9nuAaHVb,2023-01-22T23:00:00.000Z,,0.145038
,manual,manual,18.1,,1674421200000,I8vTYp6ZZlYZ3zgAY4l88mw1WvwW67$0$manual$manual$0,qpP7YJCHxyx2AEulSFEPOFNxNB7TSV,2023-01-22T21:00:00.000Z,,0.145038
,manual,manual,17.9,,1674394200000,I8vTYp6ZZlYZ3zgAY4l88mw1WvwW67$0$manual$manual$0,caVbMngwJj0nwZzu1sYGhsvX1l0Ggy,2023-01-22T13:30:00.000Z,,0.145038
,manual,manual,17.6,,1674381600000,I8vTYp6ZZlYZ3zgAY4l88mw1WvwW67$0$manual$manual$0,PF5sjic5QNfZwXIKfcBce4clr3jq4q,2023-01-22T10:00:00.000Z,,0.145038
,manual,manual,18.3,,1674370800000,I8vTYp6ZZlYZ3zgAY4l88mw1WvwW67$0$manual$manual$0,cnZKL8G43ALLXfprsPIUBwOpRoHAB9,2023-01-22T07:00:00.000Z,,0.145038
,manual,manual,18,,1674349200000,I8vTYp6ZZlYZ3zgAY4l88mw1WvwW67$0$manual$manual$0,kMIeKUTkIuZLRscbwkan20tGTUKE3U,2023-01-22T01:00:00.000Z,,0.145038
,manual,manual,17.5,,1674334800000,I8vTYp6ZZlYZ3zgAY4l88mw1WvwW67$0$manual$manual$0,f4xmxriQlSb3C8CNF1niv5X17xvzSr,2023-01-21T21:00:00.000Z,,0.145038
,manual,manual,18.6,,1674313200000,I8vTYp6ZZlYZ3zgAY4l88mw1WvwW67$0$manual$manual$0,SAcTd8UYLbopZKUWyTpym32CQW1x50,2023-01-21T15:00:00.000Z,,0.145038
,manual,manual,18.4,,1674307800000,I8vTYp6ZZlYZ3zgAY4l88mw1WvwW67$0$manual$manual$0,Yrz2ej1QpVwspPNBPsUqJ54klO1Ncz,2023-01-21T13:30:00.000Z,,0.145038
,manual,manual,18,,1674298800000,I8vTYp6ZZlYZ3zgAY4l88mw1WvwW67$0$manual$manual$0,7lQ731XoaR9RVQsguURErEG8Rad4k6,2023-01-21T11:00:00.000Z,,0.145038
,manual,manual,17.5,,1674293400000,I8vTYp6ZZlYZ3zgAY4l88mw1WvwW67$0$manual$manual$0,2UZyNSpiACSUs4WXEmUVETzvH67Vvy,2023-01-21T09:30:00.000Z,,0.145038
,manual,manual,17.9,,1674284400000,I8vTYp6ZZlYZ3zgAY4l88mw1WvwW67$0$manual$manual$0,NQM1m39mAxyBc0eTnwB4K376zRSk8A,2023-01-21T07:00:00.000Z,,0.145038
,manual,manual,18.5,,1674270000000,I8vTYp6ZZlYZ3zgAY4l88mw1WvwW67$0$manual$manual$0,9pwoYG9ND3hAYdVIiCKUqtTiMwix98,2023-01-21T03:00:00.000Z,,0.145038
,manual,manual,17.7,,1674255600000,I8vTYp6ZZlYZ3zgAY4l88mw1WvwW67$0$manual$manual$0,KVpFtHERaPvoOPiYsOOyEbjRnwMcuU,2023-01-20T23:00:00.000Z,,0.145038
,manual,manual,17.5,,1674247500000,I8vTYp6ZZlYZ3zgAY4l88mw1WvwW67$0$manual$manual$0,iNaCrt78paoe035Dpq7bh8F74tW4mC,2023-01-20T20:45:00.000Z,,0.145038
,manual,manual,17.8,,1674230400000,I8vTYp6ZZlYZ3zgAY4l88mw1WvwW67$0$manual$manual$0,GQFi5GbB2B15CDz2hn6q93QaXfbAnr,2023-01-20T16:00:00.000Z,,0.145038
,manual,manual,17.7,,1674226800000,I8vTYp6ZZlYZ3zgAY4l88mw1WvwW67$0$manual$manual$0,MaIO4c9Vnum3EwMaJXrNTGcuRxxIOt,2023-01-20T15:00:00.000Z,,0.145038
,manual,manual,18,,1674212400000,I8vTYp6ZZlYZ3zgAY4l88mw1WvwW67$0$manual$manual$0,tw00kiJhAdHnlNwhwA1l1k7688gTOw,2023-01-20T11:00:00.000Z,,0.145038
,manual,manual,16.5,,1674194400000,I8vTYp6ZZlYZ3zgAY4l88mw1WvwW67$0$manual$manual$0,CwdiZApwH4LvDxFzv53SNeQnh9Wd3J,2023-01-20T06:00:00.000Z,,0.145038
,manual,manual,17.5,,1674183600000,I8vTYp6ZZlYZ3zgAY4l88mw1WvwW67$0$manual$manual$0,sR4iw4bpubT91n3u8fYvODecAiSCuV,2023-01-20T03:00:00.000Z,,0.145038
,manual,manual,18,,1674169200000,I8vTYp6ZZlYZ3zgAY4l88mw1WvwW67$0$manual$manual$0,QkYOlsCFdhudxRTz68Bf394uhY9Ixp,2023-01-19T23:00:00.000Z,,0.145038
,manual,manual,17.8,,1674158400000,I8vTYp6ZZlYZ3zgAY4l88mw1WvwW67$0$manual$manual$0,KH8Gq618eUFxPjAjITCcGyDOGl9GFv,2023-01-19T20:00:00.000Z,,0.145038
,manual,manual,17.4,,1674140400000,I8vTYp6ZZlYZ3zgAY4l88mw1WvwW67$0$manual$manual$0,YKlwQVHoy2vqUOoqDggO53DKbfP6yv,2023-01-19T15:00:00.000Z,,0.145038
,manual,manual,18,,1674126000000,I8vTYp6ZZlYZ3zgAY4l88mw1WvwW67$0$manual$manual$0,T4wtIW6sNUgwIPurdEmTPyq9ccWhF1,2023-01-19T11:00:00.000Z,,0.145038
,manual,manual,17.9,,1674109800000,I8vTYp6ZZlYZ3zgAY4l88mw1WvwW67$0$manual$manual$0,xfUzlkTAXdduQzFdrHDltGtkgjg0zI,2023-01-19T06:30:00.000Z,,0.145038
,manual,manual,17.7,,1674097200000,I8vTYp6ZZlYZ3zgAY4l88mw1WvwW67$0$manual$manual$0,0yNEmzDmCepBLLeb2C4PTDaq8AUY1B,2023-01-19T03:00:00.000Z,,0.145038
,manual,manual,17.2,,1674082800000,I8vTYp6ZZlYZ3zgAY4l88mw1WvwW67$0$manual$manual$0,iphKormDoyweyGJJEHgWYgZoSNa9OF,2023-01-18T23:00:00.000Z,,0.145038
,manual,manual,17,,1674068400000,I8vTYp6ZZlYZ3zgAY4l88mw1WvwW67$0$manual$manual$0,UIR3Dzk3IbGfAQBCbgu8s4B5spFe74,2023-01-18T19:00:00.000Z,,0.145038
,manual,manual,17,,1674054000000,I8vTYp6ZZlYZ3zgAY4l88mw1WvwW67$0$manual$manual$0,BCy4iI4gLP4jUeuLrrrQFjJ2yqjp10,2023-01-18T15:00:00.000Z,,0.145038
,manual,manual,18,,1674039600000,I8vTYp6ZZlYZ3zgAY4l88mw1WvwW67$0$manual$manual$0,zb64NNAcTS3dSLdCL6P04oFrM8DFQj,2023-01-18T11:00:00.000Z,,0.145038
,manual,manual,17,,1674025200000,I8vTYp6ZZlYZ3zgAY4l88mw1WvwW67$0$manual$manual$0,Dae1339CObcfrHyfemOIp82ONOtl2A,2023-01-18T07:00:00.000Z,,0.145038
,manual,manual,17.8,,1674010800000,I8vTYp6ZZlYZ3zgAY4l88mw1WvwW67$0$manual$manual$0,JrgRYXv8iJ1PuRdcXmjCeENBbHGOPd,2023-01-18T03:00:00.000Z,,0.145038
,manual,manual,17.4,,1673996400000,I8vTYp6ZZlYZ3zgAY4l88mw1WvwW67$0$manual$manual$0,5U3yDlJeVwC58Nrbx3VckIX6xIQVgh,2023-01-17T23:00:00.000Z,,0.145038
,manual,manual,17.3,,1673985600000,I8vTYp6ZZlYZ3zgAY4l88mw1WvwW67$0$manual$manual$0,hCTZKmO5cXCvKun8H42MQ10ESKdXwv,2023-01-17T20:00:00.000Z,,0.145038
,manual,manual,17.7,,1673971200000,I8vTYp6ZZlYZ3zgAY4l88mw1WvwW67$0$manual$manual$0,egDhbdhMkPkvanMYr4Q7UOJvknWqtN,2023-01-17T16:00:00.000Z,,0.145038
,manual,manual,17,,1673953200000,I8vTYp6ZZlYZ3zgAY4l88mw1WvwW67$0$manual$manual$0,Ugzy4eJGRNwVnTaXDIJ9lZOsCIkfBn,2023-01-17T11:00:00.000Z,,0.145038
,manual,manual,18,,1673938800000,I8vTYp6ZZlYZ3zgAY4l88mw1WvwW67$0$manual$manual$0,otV7QaE8a0FUvvpmCKm4Y8HbNkeJG7,2023-01-17T07:00:00.000Z,,0.145038
,manual,manual,17,,1673924400000,I8vTYp6ZZlYZ3zgAY4l88mw1WvwW67$0$manual$manual$0,AmVa05IRqHvsIBueF0Ns6ll72QrHJJ,2023-01-17T03:00:00.000Z,,0.145038
,manual,manual,17.6,,1673910000000,I8vTYp6ZZlYZ3zgAY4l88mw1WvwW67$0$manual$manual$0,AuNa7G5sujBGU2yRVmXq3CsOcdFDyz,2023-01-16T23:00:00.000Z,,0.145038
,manual,manual,16.9,,1673906400000,I8vTYp6ZZlYZ3zgAY4l88mw1WvwW67$0$manual$manual$0,XFJwBk6eYmjOxwP5qfCHwZjBPRUlpp,2023-01-16T22:00:00.000Z,,0.145038
,manual,manual,17.9,,1673895600000,I8vTYp6ZZlYZ3zgAY4l88mw1WvwW67$0$manual$manual$0,C43CGEfiiKx6UvbjWp2JwmmaNCiHDu,2023-01-16T19:00:00.000Z,,0.145038
,manual,manual,17.1,,1673881200000,I8vTYp6ZZlYZ3zgAY4l88mw1WvwW67$0$manual$manual$0,gEPJv6DdOe0fR6wMATwjbBGp3WjjFT,2023-01-16T15:00:00.000Z,,0.145038
1.038,manual,manual,17.4,,1673871300000,I8vTYp6ZZlYZ3zgAY4l88mw1WvwW67$0$manual$manual$0,bORZyPleIPx1EqWt7j1nEI6hgSzENl,2023-01-16T12:15:00.000Z,5.37,0.145038