type,comment,id,sg,temp,time,__acc_reading_doc_id,__acc_reading_data_id,timepoint,pressure,ph
manual,,manual,,16.8,1687701600000,856YWHKCtSqycaNpurbJWt70fo8yiX$0$manual$manual$0,u0rbrdmD1I9VwhYe14PAxep1tGDdla,2023-06-25T14:00:00.000Z
manual,,manual,,16.6,1687687200000,856YWHKCtSqycaNpurbJWt70fo8yiX$0$manual$manual$0,yx0FG3xeyrCXLbDtxmKRShDL9tVzWQ,2023-06-25T10:00:00.000Z
manual,,manual,,18,1687672800000,856YWHKCtSqycaNpurbJWt70fo8yiX$0$manual$manual$0,l73Rtc6wNGnOzLosViweN1KqQmQ9bN,2023-06-25T06:00:00.000Z
manual,,manual,,17,1687658400000,856YWHKCtSqycaNpurbJWt70fo8yiX$0$manual$manual$0,5NAzJL8ZktwjqMSyTIKMPH9Rs5Mget,2023-06-25T02:00:00.000Z
manual,,manual,,16.3,1687644000000,856YWHKCtSqycaNpurbJWt70fo8yiX$0$manual$manual$0,TiObjAqNCWNpLbRj7dqIeJhTapqsCV,2023-06-24T22:00:00.000Z
manual,,manual,,17,1687629600000,856YWHKCtSqycaNpurbJWt70fo8yiX$0$manual$manual$0,U6ZvLPf5pHB6yzavnfDUslvqfmPNtp,2023-06-24T18:00:00.000Z
manual,,manual,,16.7,1687615200000,856YWHKCtSqycaNpurbJWt70fo8yiX$0$manual$manual$0,yYnVv62sq3MGkcNlIz0lr6GlBo1QCS,2023-06-24T14:00:00.000Z
manual,,manual,,17.1,1687600800000,856YWHKCtSqycaNpurbJWt70fo8yiX$0$manual$manual$0,bhe4b0JPCn1GfSFN74iCbr8NSHZDHR,2023-06-24T10:00:00.000Z
manual,,manual,,16.5,1687586400000,856YWHKCtSqycaNpurbJWt70fo8yiX$0$manual$manual$0,yO86G6VVg57e3WXlflEGlUsJGx1y6k,2023-06-24T06:00:00.000Z
manual,,manual,,16.4,1687572000000,856YWHKCtSqycaNpurbJWt70fo8yiX$0$manual$manual$0,N2jutK6oLLY1HMkl95u8qnJGrgVFON,2023-06-24T02:00:00.000Z
manual,,manual,,17.4,1687557600000,856YWHKCtSqycaNpurbJWt70fo8yiX$0$manual$manual$0,TI14XBchpIUnHo9L5zmmTqyoxlJHDD,2023-06-23T22:00:00.000Z
manual,,manual,,16.4,1687543200000,856YWHKCtSqycaNpurbJWt70fo8yiX$0$manual$manual$0,PMbvwb61dabIueN4DQXkRGUOscHUb5,2023-06-23T18:00:00.000Z
manual,,manual,,17.7,1687528800000,856YWHKCtSqycaNpurbJWt70fo8yiX$0$manual$manual$0,t6un81Dc9DqJiaD4oBAJQz1HmwMu1L,2023-06-23T14:00:00.000Z
manual,,manual,,16.7,1687514400000,856YWHKCtSqycaNpurbJWt70fo8yiX$0$manual$manual$0,vKcBqXBm0MnL2Z0R9xBTuxGVwNo3ew,2023-06-23T10:00:00.000Z
manual,,manual,,16.2,1687500000000,856YWHKCtSqycaNpurbJWt70fo8yiX$0$manual$manual$0,mPBpjQnLMBr7VIEjXeSkoDHzksQW6J,2023-06-23T06:00:00.000Z
manual,,manual,,16.3,1687485600000,856YWHKCtSqycaNpurbJWt70fo8yiX$0$manual$manual$0,IGI17ukdqx7n3c0lq6PAjc0Fx5ibAv,2023-06-23T02:00:00.000Z
manual,,manual,,17.6,1687471200000,856YWHKCtSqycaNpurbJWt70fo8yiX$0$manual$manual$0,VWfflyDTmdNtiTop8PJa4BiG1kW6dC,2023-06-22T22:00:00.000Z
manual,,manual,,16.7,1687456800000,856YWHKCtSqycaNpurbJWt70fo8yiX$0$manual$manual$0,LVfd6laFTLj3muBIH2WcmTU1gBGdcb,2023-06-22T18:00:00.000Z
manual,,manual,,16.5,1687442400000,856YWHKCtSqycaNpurbJWt70fo8yiX$0$manual$manual$0,8DiUNeNlQq0lMWXVnlOJyrjtnIv5MY,2023-06-22T14:00:00.000Z
manual,,manual,,17.3,1687428000000,856YWHKCtSqycaNpurbJWt70fo8yiX$0$manual$manual$0,XRrGRAo5khofx6Kttsk8QuQhpgqpNj,2023-06-22T10:00:00.000Z
manual,,manual,,16.7,1687413600000,856YWHKCtSqycaNpurbJWt70fo8yiX$0$manual$manual$0,dqBJkNbCKj1Lx2PADA68wlp7RRg6EL,2023-06-22T06:00:00.000Z
manual,,manual,,16.3,1687399200000,856YWHKCtSqycaNpurbJWt70fo8yiX$0$manual$manual$0,lsVaYmueJoMBRVJnfs8SebqLSIT5vW,2023-06-22T02:00:00.000Z
manual,,manual,,17.7,1687384800000,856YWHKCtSqycaNpurbJWt70fo8yiX$0$manual$manual$0,p3cvDarSiJ6K3QlIPYOIG9LdHsskiM,2023-06-21T22:00:00.000Z
manual,,manual,,16.6,1687370400000,856YWHKCtSqycaNpurbJWt70fo8yiX$0$manual$manual$0,U7wrJXItkiBqtUeTKEjMl3QFggEZuk,2023-06-21T18:00:00.000Z
manual,,manual,,18,1687356000000,856YWHKCtSqycaNpurbJWt70fo8yiX$0$manual$manual$0,XXOIHB4GtMqvIzthxtVNqbZqMVMsUn,2023-06-21T14:00:00.000Z
manual,,manual,,16.9,1687341600000,856YWHKCtSqycaNpurbJWt70fo8yiX$0$manual$manual$0,f0N4TWXenxzx4vDZQwn5aNyGXYsrrp,2023-06-21T10:00:00.000Z
manual,,manual,,16.5,1687327200000,856YWHKCtSqycaNpurbJWt70fo8yiX$0$manual$manual$0,PnC3AUuNZXo851EMfgXWYwIKE3uZoL,2023-06-21T06:00:00.000Z
manual,,manual,,17.8,1687312800000,856YWHKCtSqycaNpurbJWt70fo8yiX$0$manual$manual$0,XoD3z62Q6TNu0XM9jdqyeullEASCiG,2023-06-21T02:00:00.000Z
manual,,manual,,16.8,1687298400000,856YWHKCtSqycaNpurbJWt70fo8yiX$0$manual$manual$0,UQOf4jhG6FKt35Vd8nDSua3CIMNdjY,2023-06-20T22:00:00.000Z
manual,,manual,,16.5,1687284000000,856YWHKCtSqycaNpurbJWt70fo8yiX$0$manual$manual$0,0vqL2e6muysSY34CzwTXtdHOjjXaoi,2023-06-20T18:00:00.000Z
manual,,manual,,16.8,1687269600000,856YWHKCtSqycaNpurbJWt70fo8yiX$0$manual$manual$0,VnKtEDmi4CfuGvlBMmlmg9cn1nG14z,2023-06-20T14:00:00.000Z
manual,,manual,,17.1,1687255200000,856YWHKCtSqycaNpurbJWt70fo8yiX$0$manual$manual$0,jhB5E1WZSZfDYKnuOjR43EArIXN4EX,2023-06-20T10:00:00.000Z
manual,,manual,,17.4,1687240800000,856YWHKCtSqycaNpurbJWt70fo8yiX$0$manual$manual$0,BoQnaY5QtRAyDEEjqRbcjrphdx9uAL,2023-06-20T06:00:00.000Z
manual,,manual,,16.6,1687226400000,856YWHKCtSqycaNpurbJWt70fo8yiX$0$manual$manual$0,0lloJu4g6fAwQAYbjsbrpLktGg79gJ,2023-06-20T02:00:00.000Z
manual,,manual,,16.8,1687212000000,856YWHKCtSqycaNpurbJWt70fo8yiX$0$manual$manual$0,yb26pYmuoOBkPLmPbQo940LYlH01ud,2023-06-19T22:00:00.000Z
manual,,manual,,17,1687197600000,856YWHKCtSqycaNpurbJWt70fo8yiX$0$manual$manual$0,vkGJGYe7189BSeLH6FmCgVhOo1MQga,2023-06-19T18:00:00.000Z
manual,,manual,,16.5,1687183200000,856YWHKCtSqycaNpurbJWt70fo8yiX$0$manual$manual$0,TmPVArN7oEo7Kakl5WkmfdUx2a0OFv,2023-06-19T14:00:00.000Z
manual,,manual,,17.5,1687168800000,856YWHKCtSqycaNpurbJWt70fo8yiX$0$manual$manual$0,UJg3Zygzc54eKO6IjEUPCko5phfcdr,2023-06-19T10:00:00.000Z
manual,,manual,,16.6,1687154400000,856YWHKCtSqycaNpurbJWt70fo8yiX$0$manual$manual$0,fK7SDK1ZGdSswd6RKyVfgPbBgt1WyO,2023-06-19T06:00:00.000Z
manual,,manual,,16.4,1687140000000,856YWHKCtSqycaNpurbJWt70fo8yiX$0$manual$manual$0,fCgQp9VAczRbXHsLZsUS9WbrDeSvHQ,2023-06-19T02:00:00.000Z
manual,,manual,,17.3,1687125600000,856YWHKCtSqycaNpurbJWt70fo8yiX$0$manual$manual$0,kahpriN6MCR4gx2NHMst6fzZqReTWr,2023-06-18T22:00:00.000Z
manual,,manual,,16.5,1687111200000,856YWHKCtSqycaNpurbJWt70fo8yiX$0$manual$manual$0,CRAxSm287gvJTtmE70yj9Jo7jmRrJk,2023-06-18T18:00:00.000Z
manual,,manual,,17.7,1687096800000,856YWHKCtSqycaNpurbJWt70fo8yiX$0$manual$manual$0,K49QxqHuPJ1kqsiKJw2YYKqZhfxgVu,2023-06-18T14:00:00.000Z
manual,,manual,,16.3,1687082400000,856YWHKCtSqycaNpurbJWt70fo8yiX$0$manual$manual$0,oAdtju3acqMjxaj0AbDhj13dpSSaNv,2023-06-18T10:00:00.000Z
manual,,manual,,17.7,1687068000000,856YWHKCtSqycaNpurbJWt70fo8yiX$0$manual$manual$0,ccH4coEPumru5Rw5VGgcK0ne4pvJ45,2023-06-18T06:00:00.000Z
manual,,manual,,17.1,1687053600000,856YWHKCtSqycaNpurbJWt70fo8yiX$0$manual$manual$0,DtOrRX9sN90pU1MoGr3zPjdmlPfihy,2023-06-18T02:00:00.000Z
manual,,manual,,16.3,1687039200000,856YWHKCtSqycaNpurbJWt70fo8yiX$0$manual$manual$0,Ymj7E6aHklnfQZVhr9LWaRYhIh5sv9,2023-06-17T22:00:00.000Z
manual,,manual,,17.7,1687024800000,856YWHKCtSqycaNpurbJWt70fo8yiX$0$manual$manual$0,lpUivfM1Lh6EWZbcZvnNurvnJ4V6rH,2023-06-17T18:00:00.000Z
manual,,manual,,16.4,1687010400000,856YWHKCtSqycaNpurbJWt70fo8yiX$0$manual$manual$0,izVIKCJIj3EYlghTXPzFFiEcfSFnDI,2023-06-17T14:00:00.000Z
manual,,manual,,17.9,1686996000000,856YWHKCtSqycaNpurbJWt70fo8yiX$0$manual$manual$0,nf7eDFeuPX9LALU83YiEIcd1WUkH9L,2023-06-17T10:00:00.000Z
manual,,manual,,17.4,1686981600000,856YWHKCtSqycaNpurbJWt70fo8yiX$0$manual$manual$0,qs9lK1YJQE8AIGUigEKYAmsVHVoGWW,2023-06-17T06:00:00.000Z
manual,,manual,,16.9,1686967200000,856YWHKCtSqycaNpurbJWt70fo8yiX$0$manual$manual$0,J3gUYOLdSdWa8vyfQy2aaeN1Z4IUz7,2023-06-17T02:00:00.000Z
manual,,manual,,16.5,1686952800000,856YWHKCtSqycaNpurbJWt70fo8yiX$0$manual$manual$0,XyNkzg0Qvlr5fRhUJ6YBJhHEZy1jAm,2023-06-16T22:00:00.000Z
manual,,manual,,17.5,1686938400000,856YWHKCtSqycaNpurbJWt70fo8yiX$0$manual$manual$0,S8nbLgiQM06YvyxGkHhm1Z2KI014Ex,2023-06-16T18:00:00.000Z
manual,,manual,,16.5,1686924000000,856YWHKCtSqycaNpurbJWt70fo8yiX$0$manual$manual$0,yxtPUe1ENyvAw8mGOaVF18CkoUaPDk,2023-06-16T14:00:00.000Z
manual,,manual,,17.5,1686909600000,856YWHKCtSqycaNpurbJWt70fo8yiX$0$manual$manual$0,Hs6e6xvBZwTMlykI5ME8XlADk7cJzY,2023-06-16T10:00:00.000Z
manual,,manual,,16.6,1686895200000,856YWHKCtSqycaNpurbJWt70fo8yiX$0$manual$manual$0,isPldQNsf4CYoJNfShbUiYYj2D7OFp,2023-06-16T06:00:00.000Z
manual,,manual,,16.3,1686880800000,856YWHKCtSqycaNpurbJWt70fo8yiX$0$manual$manual$0,7apdPE695YyLW5pUFYesUw53WJ5gDG,2023-06-16T02:00:00.000Z
manual,,manual,,17.7,1686866400000,856YWHKCtSqycaNpurbJWt70fo8yiX$0$manual$manual$0,1faJwVf1g9cz0JqdHC9MGAnsRUfWFE,2023-06-15T22:00:00.000Z
manual,,manual,,16.5,1686852000000,856YWHKCtSqycaNpurbJWt70fo8yiX$0$manual$manual$0,LvF3XJC8BK0QnfzYqrQ0wGXC4sNz5K,2023-06-15T18:00:00.000Z
manual,,manual,,17.8,1686837600000,856YWHKCtSqycaNpurbJWt70fo8yiX$0$manual$manual$0,CJCIrDFCTA4yExUL94jEM7WSAaz6Ud,2023-06-15T14:00:00.000Z
manual,,manual,,16.5,1686823200000,856YWHKCtSqycaNpurbJWt70fo8yiX$0$manual$manual$0,20M9QaniDEm9SpSU9dqLNMkRuB3Q94,2023-06-15T10:00:00.000Z
manual,,manual,,16.4,1686808800000,856YWHKCtSqycaNpurbJWt70fo8yiX$0$manual$manual$0,EzLrkfddMw3A2PiQn20nA1lklzzpB7,2023-06-15T06:00:00.000Z
manual,,manual,,17.4,1686794400000,856YWHKCtSqycaNpurbJWt70fo8yiX$0$manual$manual$0,Hz8vTf0cnFoq3du3XZ2hxuA547Jr2H,2023-06-15T02:00:00.000Z
manual,,manual,,16.3,1686780000000,856YWHKCtSqycaNpurbJWt70fo8yiX$0$manual$manual$0,HfVpnjLXI8sx9FBxQijgsIE0JmNCZr,2023-06-14T22:00:00.000Z
manual,,manual,,18,1686765600000,856YWHKCtSqycaNpurbJWt70fo8yiX$0$manual$manual$0,7xzjEeBsAHkAnfN5uVrqVG8k4lxcbf,2023-06-14T18:00:00.000Z
manual,,manual,,16.8,1686751200000,856YWHKCtSqycaNpurbJWt70fo8yiX$0$manual$manual$0,LSBoGmuAMgmFHFbx0hba7z5g66DDeC,2023-06-14T14:00:00.000Z
manual,,manual,,17.3,1686736800000,856YWHKCtSqycaNpurbJWt70fo8yiX$0$manual$manual$0,NCeU7W6FKn7c6zPp96usWDxYqLlIRZ,2023-06-14T10:00:00.000Z
manual,,manual,,17.5,1686722400000,856YWHKCtSqycaNpurbJWt70fo8yiX$0$manual$manual$0,9XVCI4KbINgQucCrtrkTOvNvrSusw4,2023-06-14T06:00:00.000Z
manual,,manual,,16.8,1686708000000,856YWHKCtSqycaNpurbJWt70fo8yiX$0$manual$manual$0,Q4vH7hADMzvrhiYHXz4nqxaVmWnzYt,2023-06-14T02:00:00.000Z
manual,,manual,,16.3,1686693600000,856YWHKCtSqycaNpurbJWt70fo8yiX$0$manual$manual$0,zJh66AYbO4aJP4zMQAZRliMNH7JBal,2023-06-13T22:00:00.000Z
manual,,manual,,17.1,1686679200000,856YWHKCtSqycaNpurbJWt70fo8yiX$0$manual$manual$0,e66DkB2WTiyDEA9DjDuKQwuRh6yd6L,2023-06-13T18:00:00.000Z
manual,,manual,,16.5,1686664800000,856YWHKCtSqycaNpurbJWt70fo8yiX$0$manual$manual$0,6fVkDfCbzAbcD9oORtHuKLTAqtskFt,2023-06-13T14:00:00.000Z
manual,,manual,,17.3,1686650400000,856YWHKCtSqycaNpurbJWt70fo8yiX$0$manual$manual$0,YIksVPTW2Q5UmJgDs99sFJS4OmFKnj,2023-06-13T10:00:00.000Z
manual,,manual,,16.2,1686636000000,856YWHKCtSqycaNpurbJWt70fo8yiX$0$manual$manual$0,FtnegR1Rqi1wZyivXGZZ4Kc9cIyaTK,2023-06-13T06:00:00.000Z
manual,,manual,,18.1,1686621600000,856YWHKCtSqycaNpurbJWt70fo8yiX$0$manual$manual$0,VjTUhmwZaXVi4rhJszo52qn7yaCPZ7,2023-06-13T02:00:00.000Z
manual,,manual,,16.7,1686607200000,856YWHKCtSqycaNpurbJWt70fo8yiX$0$manual$manual$0,7Cf27eaB5HAsQeh0lPTFpyBGAO4ots,2023-06-12T22:00:00.000Z
manual,,manual,,17.9,1686592800000,856YWHKCtSqycaNpurbJWt70fo8yiX$0$manual$manual$0,W3bSK8BhOUQgUxM3UXGepnW2iTIP20,2023-06-12T18:00:00.000Z
manual,,manual,,16.7,1686578400000,856YWHKCtSqycaNpurbJWt70fo8yiX$0$manual$manual$0,Bcf9qWUHIHumMDS02dfjH4YPudeC4m,2023-06-12T14:00:00.000Z
manual,,manual,,17.3,1686564000000,856YWHKCtSqycaNpurbJWt70fo8yiX$0$manual$manual$0,ETPk7wsLFUbZUC0lKbhSze7wgtzqlK,2023-06-12T10:00:00.000Z
manual,,manual,,19.3,1686549600000,856YWHKCtSqycaNpurbJWt70fo8yiX$0$manual$manual$0,OdaFKSEUHmIrkVWAyMHb8CFrX8zgf2,2023-06-12T06:00:00.000Z
manual,,manual,,20.8,1686535200000,856YWHKCtSqycaNpurbJWt70fo8yiX$0$manual$manual$0,duo4AARC8pmsHiD2bKhwYUXFPusIGS,2023-06-12T02:00:00.000Z
manual,,manual,,19.3,1686520800000,856YWHKCtSqycaNpurbJWt70fo8yiX$0$manual$manual$0,09LMO5ezVyOFgN4uWvDvFEZSlkJDwf,2023-06-11T22:00:00.000Z
manual,,manual,,20.1,1686506400000,856YWHKCtSqycaNpurbJWt70fo8yiX$0$manual$manual$0,qSsFp4QsZuvJrBjErFXYnOoXxQjP6g,2023-06-11T18:00:00.000Z
manual,,manual,,19.1,1686492000000,856YWHKCtSqycaNpurbJWt70fo8yiX$0$manual$manual$0,d5ZYMEitR40RIxZTie76jv7P8D9X2q,2023-06-11T14:00:00.000Z
manual,,manual,,20.8,1686477600000,856YWHKCtSqycaNpurbJWt70fo8yiX$0$manual$manual$0,niDVH8VAYjxzgSMIA4hOWqB3uHqa9u,2023-06-11T10:00:00.000Z
manual,,manual,,19.8,1686463200000,856YWHKCtSqycaNpurbJWt70fo8yiX$0$manual$manual$0,YYffZ2R4z0PJruAkU0rEos8fOMWC0t,2023-06-11T06:00:00.000Z
manual,,manual,,21,1686448800000,856YWHKCtSqycaNpurbJWt70fo8yiX$0$manual$manual$0,0aQ3NAuHEnMgSEsnBMAJqLHBSl0hOW,2023-06-11T02:00:00.000Z
manual,,manual,,18.9,1686434400000,856YWHKCtSqycaNpurbJWt70fo8yiX$0$manual$manual$0,wzKa8inmJJMA2LMPWDNcgdHyYzSFa8,2023-06-10T22:00:00.000Z
manual,,manual,,20.5,1686420000000,856YWHKCtSqycaNpurbJWt70fo8yiX$0$manual$manual$0,D3rr9Q2at8ZYybEVRs6dp47U9KzSQ0,2023-06-10T18:00:00.000Z
manual,,manual,,20.7,1686405600000,856YWHKCtSqycaNpurbJWt70fo8yiX$0$manual$manual$0,FwaHF2PhqAeymBtzPQenFZgq1pVmRo,2023-06-10T14:00:00.000Z
manual,,manual,,20.7,1686391200000,856YWHKCtSqycaNpurbJWt70fo8yiX$0$manual$manual$0,RxoVli292A9bdqki5xda4BtwV9CLUL,2023-06-10T10:00:00.000Z
manual,,manual,,20.7,1686376800000,856YWHKCtSqycaNpurbJWt70fo8yiX$0$manual$manual$0,ESlKE2MTKGxjP4MBvfjioxgC9eM3dr,2023-06-10T06:00:00.000Z
manual,,manual,,19,1686362400000,856YWHKCtSqycaNpurbJWt70fo8yiX$0$manual$manual$0,o2nr8wClmLbMtcyrn40MHgUwEhqpqg,2023-06-10T02:00:00.000Z
manual,,manual,,20.9,1686348000000,856YWHKCtSqycaNpurbJWt70fo8yiX$0$manual$manual$0,CzNGoLwAP4o5pQvV9A9NTmIv4dxRZp,2023-06-09T22:00:00.000Z
manual,,manual,,20.4,1686333600000,856YWHKCtSqycaNpurbJWt70fo8yiX$0$manual$manual$0,G29M4Hi6fMuZ1DcfhtpOujQ2wp3gFd,2023-06-09T18:00:00.000Z
manual,,manual,,20.3,1686319200000,856YWHKCtSqycaNpurbJWt70fo8yiX$0$manual$manual$0,mwpowEJf1RshNxh7OI8JCa68PzKdEN,2023-06-09T14:00:00.000Z
manual,,manual,,20.3,1686304800000,856YWHKCtSqycaNpurbJWt70fo8yiX$0$manual$manual$0,emENqnsz7LC8KQwiw6OnCp2QVamTHA,2023-06-09T10:00:00.000Z
manual,,manual,,19.9,1686290400000,856YWHKCtSqycaNpurbJWt70fo8yiX$0$manual$manual$0,ucnCrjpkcRcZVae1Z8Wzlradx9hUHf,2023-06-09T06:00:00.000Z
manual,,manual,,19.2,1686276000000,856YWHKCtSqycaNpurbJWt70fo8yiX$0$manual$manual$0,AUEb734L9753cswUiFcAbS0i1L6g64,2023-06-09T02:00:00.000Z
manual,,manual,,19.2,1686261600000,856YWHKCtSqycaNpurbJWt70fo8yiX$0$manual$manual$0,4CuqgKJumwLgSSR11uNAA0cH5iZOr6,2023-06-08T22:00:00.000Z
manual,,manual,,19.2,1686247200000,856YWHKCtSqycaNpurbJWt70fo8yiX$0$manual$manual$0,5XeDvBznsCjwSjo0sc1uTDU4kQPxop,2023-06-08T18:00:00.000Z
manual,,manual,,19.2,1686232800000,856YWHKCtSqycaNpurbJWt70fo8yiX$0$manual$manual$0,we1LPbNRzlnNC2l37db9aduHQHWmNC,2023-06-08T14:00:00.000Z
manual,,manual,,19.3,1686218400000,856YWHKCtSqycaNpurbJWt70fo8yiX$0$manual$manual$0,j0pNMlPSh39zmNvfXGqgQVnvnHBRv1,2023-06-08T10:00:00.000Z
manual,,manual,,20.3,1686204000000,856YWHKCtSqycaNpurbJWt70fo8yiX$0$manual$manual$0,vm4KZp26bmaAMbVRmAcUE79QEhNobh,2023-06-08T06:00:00.000Z
manual,,manual,,19.3,1686189600000,856YWHKCtSqycaNpurbJWt70fo8yiX$0$manual$manual$0,43uOvRZLdZOPpLpURCDVBMiOf1IcHt,2023-06-08T02:00:00.000Z
manual,,manual,,19.4,1686175200000,856YWHKCtSqycaNpurbJWt70fo8yiX$0$manual$manual$0,3rSDa4sDYWdoiN1B7y8CnNp0lMvIE6,2023-06-07T22:00:00.000Z
manual,,manual,,19.4,1686160800000,856YWHKCtSqycaNpurbJWt70fo8yiX$0$manual$manual$0,ZylAPnWgyXckYaCGiOnVx1M4hsTsP8,2023-06-07T18:00:00.000Z
manual,,manual,,19.4,1686146400000,856YWHKCtSqycaNpurbJWt70fo8yiX$0$manual$manual$0,JfnN82675TT160qae9fQOLyCCMshVt,2023-06-07T14:00:00.000Z
manual,,manual,,19.8,1686132000000,856YWHKCtSqycaNpurbJWt70fo8yiX$0$manual$manual$0,rgjAjJ7gisPYNAGmYoG6vtGcxDuYKQ,2023-06-07T10:00:00.000Z
manual,,manual,,20.3,1686117600000,856YWHKCtSqycaNpurbJWt70fo8yiX$0$manual$manual$0,AYYjuEf8iR3D6HVWua502ftdT3e0vE,2023-06-07T06:00:00.000Z
manual,,manual,,19,1686103200000,856YWHKCtSqycaNpurbJWt70fo8yiX$0$manual$manual$0,mhmHk1rA8rCTr5LhDPCFSnJDjsjHKN,2023-06-07T02:00:00.000Z
manual,,manual,,19.8,1686088800000,856YWHKCtSqycaNpurbJWt70fo8yiX$0$manual$manual$0,CI5l1gWC0jCFZDaQrqRMb6yyh9VWb1,2023-06-06T22:00:00.000Z
manual,,manual,,20.1,1686074400000,856YWHKCtSqycaNpurbJWt70fo8yiX$0$manual$manual$0,c8HVvZ5ZFkhT4RUeB2XX9pYXoTVi2u,2023-06-06T18:00:00.000Z
manual,,manual,,20.2,1686060000000,856YWHKCtSqycaNpurbJWt70fo8yiX$0$manual$manual$0,Nm4FHjZJkCmLFzTrxeIuZOJo9cmzep,2023-06-06T14:00:00.000Z
manual,,manual,,20.1,1686045600000,856YWHKCtSqycaNpurbJWt70fo8yiX$0$manual$manual$0,S455Db6mdtCmsphvzEBYC2gvwgUPj0,2023-06-06T10:00:00.000Z
manual,,manual,,19.2,1686031200000,856YWHKCtSqycaNpurbJWt70fo8yiX$0$manual$manual$0,hsZ0HtJKJjLlolx3d2KT6TTpbQjmP7,2023-06-06T06:00:00.000Z
manual,,manual,,20.3,1686016800000,856YWHKCtSqycaNpurbJWt70fo8yiX$0$manual$manual$0,jiUxLwYbkvQlx4ED1gD3Xr09S3rb71,2023-06-06T02:00:00.000Z
manual,,manual,,19.2,1686002400000,856YWHKCtSqycaNpurbJWt70fo8yiX$0$manual$manual$0,SKE5sSmlsE6Db3IElZtp7qROr1RTlF,2023-06-05T22:00:00.000Z
manual,,manual,,19.1,1685988000000,856YWHKCtSqycaNpurbJWt70fo8yiX$0$manual$manual$0,VwKWvQ9eQgzEAzb8lMmPkglN6kXP2J,2023-06-05T18:00:00.000Z
manual,,manual,,19.3,1685973600000,856YWHKCtSqycaNpurbJWt70fo8yiX$0$manual$manual$0,VqOAiBtYyZZHSw1tq5aGr9WZ9QIFjl,2023-06-05T14:00:00.000Z
manual,,manual,,19.7,1685959200000,856YWHKCtSqycaNpurbJWt70fo8yiX$0$manual$manual$0,t9AqqewQDXeloxW0PRdhjNUv8cLD2Z,2023-06-05T10:00:00.000Z
manual,,manual,,20.2,1685944800000,856YWHKCtSqycaNpurbJWt70fo8yiX$0$manual$manual$0,pImZcg6AtIdACD3zHBc10XKKSodLjs,2023-06-05T06:00:00.000Z
manual,,manual,,19,1685930400000,856YWHKCtSqycaNpurbJWt70fo8yiX$0$manual$manual$0,viA57RD1nUkbw8cAYkxyn0vDT5PfHU,2023-06-05T02:00:00.000Z
manual,,manual,,19.9,1685916000000,856YWHKCtSqycaNpurbJWt70fo8yiX$0$manual$manual$0,787Oob0n2ZPlwkihu00W24yhyQ1nYk,2023-06-04T22:00:00.000Z
manual,,manual,,20.4,1685901600000,856YWHKCtSqycaNpurbJWt70fo8yiX$0$manual$manual$0,YkOLJrQeu56KIZFRjliLnvupEcnhAC,2023-06-04T18:00:00.000Z
manual,,manual,,20.4,1685887200000,856YWHKCtSqycaNpurbJWt70fo8yiX$0$manual$manual$0,Pe6g3TUmuhaFPmThpGmu6VxbGwvYru,2023-06-04T14:00:00.000Z
manual,,manual,,20.1,1685872800000,856YWHKCtSqycaNpurbJWt70fo8yiX$0$manual$manual$0,i2Ckg2oabmgA1qqBKXXbJNyEKO11fV,2023-06-04T10:00:00.000Z
manual,,manual,,19.4,1685858400000,856YWHKCtSqycaNpurbJWt70fo8yiX$0$manual$manual$0,owYcubG74RjznzJN777aWYIpkz9nSb,2023-06-04T06:00:00.000Z
manual,,manual,,20.2,1685844000000,856YWHKCtSqycaNpurbJWt70fo8yiX$0$manual$manual$0,YBWr2LC4NCnFr8zcgG4cxqUw8Nc8a8,2023-06-04T02:00:00.000Z
manual,,manual,,19,1685829600000,856YWHKCtSqycaNpurbJWt70fo8yiX$0$manual$manual$0,oZAg5jVwkq9jT9A8kqqbPmdL5Si5MX,2023-06-03T22:00:00.000Z
manual,,manual,,19.1,1685815200000,856YWHKCtSqycaNpurbJWt70fo8yiX$0$manual$manual$0,sRgtbCtowdMCBo0DhOloCe6sjAZ7DG,2023-06-03T18:00:00.000Z
manual,,manual,,19.1,1685800800000,856YWHKCtSqycaNpurbJWt70fo8yiX$0$manual$manual$0,GqXxRRPE8R3BRZY4S4Ar4mQb4mUUlr,2023-06-03T14:00:00.000Z
manual,,manual,,19.7,1685786400000,856YWHKCtSqycaNpurbJWt70fo8yiX$0$manual$manual$0,lt1cEcQymVKhvPS0AFNeAXsxInPYy7,2023-06-03T10:00:00.000Z
manual,,manual,,20.1,1685772000000,856YWHKCtSqycaNpurbJWt70fo8yiX$0$manual$manual$0,Jr2JZJJBpkUqjDbp7yQ9lPf1VGd3Ie,2023-06-03T06:00:00.000Z
manual,,manual,,19.1,1685757600000,856YWHKCtSqycaNpurbJWt70fo8yiX$0$manual$manual$0,NNpAx0EJS1goxoBxDIGYrnXnYAVg4s,2023-06-03T02:00:00.000Z
manual,,manual,,20.3,1685743200000,856YWHKCtSqycaNpurbJWt70fo8yiX$0$manual$manual$0,tOxnq82SmhmDJulyagBtRGYtZMLmzH,2023-06-02T22:00:00.000Z
manual,,manual,,20.1,1685728800000,856YWHKCtSqycaNpurbJWt70fo8yiX$0$manual$manual$0,KQfIWMcvHrKTGGEQjMEWD7mEGeapdN,2023-06-02T18:00:00.000Z
manual,,manual,,19.3,1685714400000,856YWHKCtSqycaNpurbJWt70fo8yiX$0$manual$manual$0,48xpleWWrmGuEFZFxcSDrezQS9cGNF,2023-06-02T14:00:00.000Z
manual,,manual,,20.1,1685700000000,856YWHKCtSqycaNpurbJWt70fo8yiX$0$manual$manual$0,ATqOEQ57WNqMdNGCNWeTmwsUJt8F2c,2023-06-02T10:00:00.000Z
manual,,manual,,18.8,1685685600000,856YWHKCtSqycaNpurbJWt70fo8yiX$0$manual$manual$0,jQDMjvzn0HWFH6wXS3W97Op3m5orcg,2023-06-02T06:00:00.000Z
manual,,manual,,20.1,1685671200000,856YWHKCtSqycaNpurbJWt70fo8yiX$0$manual$manual$0,WG3qEEmcO4QwtVgQjRSW9bnz8cMGqO,2023-06-02T02:00:00.000Z
manual,,manual,,19,1685656800000,856YWHKCtSqycaNpurbJWt70fo8yiX$0$manual$manual$0,42SiiOjNJv1JxOCxEPgiktZFMys3Ai,2023-06-01T22:00:00.000Z
manual,,manual,,19.9,1685642400000,856YWHKCtSqycaNpurbJWt70fo8yiX$0$manual$manual$0,ohYADf7eXEb3ec6klPUnPSvf6HDJLK,2023-06-01T18:00:00.000Z
manual,,manual,,20.2,1685628000000,856YWHKCtSqycaNpurbJWt70fo8yiX$0$manual$manual$0,3t0gFdIh3zGsbeMHTaqfu0kjiPbtcW,2023-06-01T14:00:00.000Z
manual,,manual,,19.1,1685613600000,856YWHKCtSqycaNpurbJWt70fo8yiX$0$manual$manual$0,9J2USrpKwtK7mfb5Xp0M71TXS8MtYg,2023-06-01T10:00:00.000Z
manual,,manual,,20.1,1685599200000,856YWHKCtSqycaNpurbJWt70fo8yiX$0$manual$manual$0,wDIC1lNVSP3v7DPIvPEsbpIvHEbe8T,2023-06-01T06:00:00.000Z
manual,,manual,,18.9,1685584800000,856YWHKCtSqycaNpurbJWt70fo8yiX$0$manual$manual$0,ORBBt04QgxQ7k6Djw2GKCXDrO6SH36,2023-06-01T02:00:00.000Z
manual,,manual,,19.8,1685570400000,856YWHKCtSqycaNpurbJWt70fo8yiX$0$manual$manual$0,W4kmt8eFpVglq4QSYpD7bjE3J9JYlj,2023-05-31T22:00:00.000Z
manual,,manual,,20.4,1685556000000,856YWHKCtSqycaNpurbJWt70fo8yiX$0$manual$manual$0,zoLr0eXVUOSOdEJWHbpmhLCsKaef1i,2023-05-31T18:00:00.000Z
manual,,manual,,20.4,1685541600000,856YWHKCtSqycaNpurbJWt70fo8yiX$0$manual$manual$0,TdYQguC5f3wVFYF5ZR13qTw7Y9o5Km,2023-05-31T14:00:00.000Z
manual,,manual,,19,1685527200000,856YWHKCtSqycaNpurbJWt70fo8yiX$0$manual$manual$0,x5yZzv4JxMhL64UYKETbubluk7bpkq,2023-05-31T10:00:00.000Z
manual,,manual,,20.1,1685512800000,856YWHKCtSqycaNpurbJWt70fo8yiX$0$manual$manual$0,3eVBlkCWd0bHazYJ93a4nWWebrmw4K,2023-05-31T06:00:00.000Z
manual,,manual,,19,1685498400000,856YWHKCtSqycaNpurbJWt70fo8yiX$0$manual$manual$0,NC2Yw3r1Y7ROaikhn4mv4Tbo8CNQIC,2023-05-31T02:00:00.000Z
manual,,manual,,19.9,1685484000000,856YWHKCtSqycaNpurbJWt70fo8yiX$0$manual$manual$0,YcnZ9eX1ytmbJjFvc7FZhXHrj8diei,2023-05-30T22:00:00.000Z
manual,,manual,,20.2,1685469600000,856YWHKCtSqycaNpurbJWt70fo8yiX$0$manual$manual$0,oKZHalE1Bn2Y0f3x0V1ovfTSEWIYQO,2023-05-30T18:00:00.000Z
manual,,manual,,19.3,1685455200000,856YWHKCtSqycaNpurbJWt70fo8yiX$0$manual$manual$0,Gzujnhw9e7i8Qo9oopVwlm0oTSXVvM,2023-05-30T14:00:00.000Z
manual,,manual,,20.1,1685440800000,856YWHKCtSqycaNpurbJWt70fo8yiX$0$manual$manual$0,2wSmynZmPGYtUDgqs2qpRKKzuUZAO5,2023-05-30T10:00:00.000Z
manual,,manual,,19,1685426400000,856YWHKCtSqycaNpurbJWt70fo8yiX$0$manual$manual$0,GenHmLFmpZBjeGIPtAuBUhu71LWzLv,2023-05-30T06:00:00.000Z
manual,,manual,,20.1,1685412000000,856YWHKCtSqycaNpurbJWt70fo8yiX$0$manual$manual$0,jUegOJGxvfbvfQGqHMJ0RtzZtKTBLj,2023-05-30T02:00:00.000Z
manual,,manual,,19.2,1685397600000,856YWHKCtSqycaNpurbJWt70fo8yiX$0$manual$manual$0,KWNop3FXcVJJmPFOoX09Jma5VmWpgT,2023-05-29T22:00:00.000Z
manual,,manual,,19.4,1685383200000,856YWHKCtSqycaNpurbJWt70fo8yiX$0$manual$manual$0,cdxSL6ajZmx6QgDqGnY4m3lBrNdPBI,2023-05-29T18:00:00.000Z
manual,,manual,,20.2,1685368800000,856YWHKCtSqycaNpurbJWt70fo8yiX$0$manual$manual$0,jKG3dm3ZaClMgKJYjevSzGeNW3oAUD,2023-05-29T14:00:00.000Z
manual,,manual,,20.1,1685354400000,856YWHKCtSqycaNpurbJWt70fo8yiX$0$manual$manual$0,vHpFKPMA3imrJnp0ULeZR5n3Sk3tIO,2023-05-29T10:00:00.000Z
manual,,manual,,19.4,1685340000000,856YWHKCtSqycaNpurbJWt70fo8yiX$0$manual$manual$0,HCLVH8m9nh8hDKySZBcyR5A1Ky9Vo6,2023-05-29T06:00:00.000Z
manual,,manual,,20.2,1685325600000,856YWHKCtSqycaNpurbJWt70fo8yiX$0$manual$manual$0,fVBS285tYigAyGYK17PLv6muuscL3T,2023-05-29T02:00:00.000Z
manual,,manual,,19.2,1685311200000,856YWHKCtSqycaNpurbJWt70fo8yiX$0$manual$manual$0,6wQW6k7cDviFS9DBJdpvRtyzCS4LT9,2023-05-28T22:00:00.000Z
manual,,manual,,19.4,1685296800000,856YWHKCtSqycaNpurbJWt70fo8yiX$0$manual$manual$0,j7c0gmMdCfnfy3bWUqJ7K6jbi14FUT,2023-05-28T18:00:00.000Z
manual,,manual,,19.5,1685282400000,856YWHKCtSqycaNpurbJWt70fo8yiX$0$manual$manual$0,4aAiLrH5JRJ04cCAoLoxYiM2a5DKox,2023-05-28T14:00:00.000Z
manual,,manual,,20.1,1685268000000,856YWHKCtSqycaNpurbJWt70fo8yiX$0$manual$manual$0,T6OC2Zm6NaAMT6q856TBBVWSI42AbS,2023-05-28T10:00:00.000Z
manual,,manual,,19.9,1685253600000,856YWHKCtSqycaNpurbJWt70fo8yiX$0$manual$manual$0,wA6cYS4wxRxpo97hkZLKEEYVFGcZbQ,2023-05-28T06:00:00.000Z
manual,,manual,,19.4,1685239200000,856YWHKCtSqycaNpurbJWt70fo8yiX$0$manual$manual$0,rsNYbtFBHUK5YpA3QmbsvQqW0jBBww,2023-05-28T02:00:00.000Z
manual,,manual,,20.4,1685224800000,856YWHKCtSqycaNpurbJWt70fo8yiX$0$manual$manual$0,YTUp8gxEFVF1HZTwQjHOOcqyiqppIQ,2023-05-27T22:00:00.000Z
manual,,manual,,20.4,1685210400000,856YWHKCtSqycaNpurbJWt70fo8yiX$0$manual$manual$0,67nz5EH6l9KIkP0PmEkhgTRdgg3d9i,2023-05-27T18:00:00.000Z
manual,,manual,,19.1,1685196000000,856YWHKCtSqycaNpurbJWt70fo8yiX$0$manual$manual$0,P9BQjMXWQ7yndUxwu4bilSigWLpR0Y,2023-05-27T14:00:00.000Z
manual,,manual,,20.1,1685181600000,856YWHKCtSqycaNpurbJWt70fo8yiX$0$manual$manual$0,O8K6x5OgwfTySaloKF3RanXs7Lc68z,2023-05-27T10:00:00.000Z
manual,,manual,,19.2,1685167200000,856YWHKCtSqycaNpurbJWt70fo8yiX$0$manual$manual$0,jthWH2BbzHIFQRqEvZRszfb8q0Aa9i,2023-05-27T06:00:00.000Z
manual,,manual,,19.9,1685152800000,856YWHKCtSqycaNpurbJWt70fo8yiX$0$manual$manual$0,rXckOUfJV8TW4md1eYRx2YFyjcVnTF,2023-05-27T02:00:00.000Z
manual,,manual,,19.5,1685138400000,856YWHKCtSqycaNpurbJWt70fo8yiX$0$manual$manual$0,FoVIkdkO48aIJ7JvCtOFcx2ost6Fqd,2023-05-26T22:00:00.000Z
manual,,manual,,19.4,1685124000000,856YWHKCtSqycaNpurbJWt70fo8yiX$0$manual$manual$0,Zn96iNS9KwJk7iQrFUHTpqHe9TS2m7,2023-05-26T18:00:00.000Z
manual,,manual,,20.3,1685109600000,856YWHKCtSqycaNpurbJWt70fo8yiX$0$manual$manual$0,joSedUCOAfES2snu9CwimV05FrvuR2,2023-05-26T14:00:00.000Z
manual,,manual,,19.3,1685095200000,856YWHKCtSqycaNpurbJWt70fo8yiX$0$manual$manual$0,S4UC3sj7LWZWBIICXIQAzXUT7oKQ6m,2023-05-26T10:00:00.000Z
manual,,manual,,20,1685080800000,856YWHKCtSqycaNpurbJWt70fo8yiX$0$manual$manual$0,0QB2AJzNo30mR5ouW5pqcUdpZN9SGc,2023-05-26T06:00:00.000Z
manual,,manual,,19.1,1685066400000,856YWHKCtSqycaNpurbJWt70fo8yiX$0$manual$manual$0,jn5iqL8S6TKdPdtdLOSU08EPD4Ocmj,2023-05-26T02:00:00.000Z
manual,,manual,,19.9,1685052000000,856YWHKCtSqycaNpurbJWt70fo8yiX$0$manual$manual$0,t5YFM1ftZPZ4rAbCtffeTwZzKkIX7c,2023-05-25T22:00:00.000Z
manual,,manual,,20.3,1685037600000,856YWHKCtSqycaNpurbJWt70fo8yiX$0$manual$manual$0,zMqA8PzcWpyAebsmTWT7VZF6lzkcV4,2023-05-25T18:00:00.000Z
manual,,manual,,19,1685023200000,856YWHKCtSqycaNpurbJWt70fo8yiX$0$manual$manual$0,sjZTSu3d2ljyWyxhUeEgeNdAnIe2gp,2023-05-25T14:00:00.000Z
manual,,manual,,20.1,1685008800000,856YWHKCtSqycaNpurbJWt70fo8yiX$0$manual$manual$0,Q0ZfYcn02qWNbbGCTiXr9NEGQAgakU,2023-05-25T10:00:00.000Z
manual,,manual,,19.1,1684994400000,856YWHKCtSqycaNpurbJWt70fo8yiX$0$manual$manual$0,r7Z8dhaK1WET302U8bjckbkkjzg8pO,2023-05-25T06:00:00.000Z
manual,,manual,,19.9,1684980000000,856YWHKCtSqycaNpurbJWt70fo8yiX$0$manual$manual$0,9L2ALQQiLKaZzDlFhepqdw9tv94N6I,2023-05-25T02:00:00.000Z
manual,,manual,,19.6,1684965600000,856YWHKCtSqycaNpurbJWt70fo8yiX$0$manual$manual$0,ReEaKCukS0qr7EJGT4qhtbYaAwgJfL,2023-05-24T22:00:00.000Z
manual,,manual,,19.5,1684951200000,856YWHKCtSqycaNpurbJWt70fo8yiX$0$manual$manual$0,i0j6QH4bm3Pt1QSrylHACMvVQv22d0,2023-05-24T18:00:00.000Z
manual,,manual,,20.2,1684936800000,856YWHKCtSqycaNpurbJWt70fo8yiX$0$manual$manual$0,Uyu6rT4xzt8C1698BVwRL65IeDNkkq,2023-05-24T14:00:00.000Z
manual,,manual,,19,1684922400000,856YWHKCtSqycaNpurbJWt70fo8yiX$0$manual$manual$0,3FLifQUvh1cAoYAgRZdpJKfSl0a5nJ,2023-05-24T10:00:00.000Z
manual,,manual,,20.1,1684908000000,856YWHKCtSqycaNpurbJWt70fo8yiX$0$manual$manual$0,uTFNBd5wrMN2EQGAHLixI9uFmLhaHB,2023-05-24T06:00:00.000Z
manual,,manual,,19,1684893600000,856YWHKCtSqycaNpurbJWt70fo8yiX$0$manual$manual$0,Q5gFZ7hacapJU2keuZCLFwSJPwookd,2023-05-24T02:00:00.000Z
manual,,manual,,20,1684879200000,856YWHKCtSqycaNpurbJWt70fo8yiX$0$manual$manual$0,3qtOVjxooxBIN3RoYdsEFjhQv5QiO3,2023-05-23T22:00:00.000Z
manual,,manual,,20.1,1684864800000,856YWHKCtSqycaNpurbJWt70fo8yiX$0$manual$manual$0,lPZBKRPY0pby5wSsa97drSMxsez6VN,2023-05-23T18:00:00.000Z
manual,,manual,,19.2,1684850400000,856YWHKCtSqycaNpurbJWt70fo8yiX$0$manual$manual$0,sRVDg5u8kKKHJDRRCQptVBfR07KfVk,2023-05-23T14:00:00.000Z
manual,,manual,,20,1684836000000,856YWHKCtSqycaNpurbJWt70fo8yiX$0$manual$manual$0,7h0aM0rHJ8uzh0RNbGYFsnQFiETWEy,2023-05-23T10:00:00.000Z
manual,,manual,,20.1,1684821600000,856YWHKCtSqycaNpurbJWt70fo8yiX$0$manual$manual$0,GeEcSRRa6wmsYU87o8yNJTYepOH71H,2023-05-23T06:00:00.000Z
manual,,manual,,19.4,1684807200000,856YWHKCtSqycaNpurbJWt70fo8yiX$0$manual$manual$0,OMk9QxWrFvsAkVqf6YBM7qRUeqKzTS,2023-05-23T02:00:00.000Z
manual,,manual,,19.8,1684792800000,856YWHKCtSqycaNpurbJWt70fo8yiX$0$manual$manual$0,o00PL2DCt45qO1xVF91Dsg4EoBOto1,2023-05-22T22:00:00.000Z
manual,,manual,,19.8,1684778400000,856YWHKCtSqycaNpurbJWt70fo8yiX$0$manual$manual$0,XgZ2IJYsbvfabSTmgZDX50M0v8BvAD,2023-05-22T18:00:00.000Z
manual,,manual,,19.8,1684764000000,856YWHKCtSqycaNpurbJWt70fo8yiX$0$manual$manual$0,MUVnSzj8wPvH3gwkEzCLUpwFaKE68d,2023-05-22T14:00:00.000Z
manual,,manual,,20,1684749600000,856YWHKCtSqycaNpurbJWt70fo8yiX$0$manual$manual$0,pQ7O2opHWaHpPvegIGZhTDUQA0LyHy,2023-05-22T10:00:00.000Z
manual,,manual,,20.3,1684735200000,856YWHKCtSqycaNpurbJWt70fo8yiX$0$manual$manual$0,UYr1gX6Xg2dcy58FoD7n8D5iRcGy8y,2023-05-22T06:00:00.000Z
manual,,manual,,19,1684720800000,856YWHKCtSqycaNpurbJWt70fo8yiX$0$manual$manual$0,AJzqek0amOvrIacsYf80nF9tvnaI65,2023-05-22T02:00:00.000Z
manual,,manual,,19.6,1684706400000,856YWHKCtSqycaNpurbJWt70fo8yiX$0$manual$manual$0,428MduAI3JjmEWUI237oiajvfKe6R1,2023-05-21T22:00:00.000Z
manual,,manual,,19.8,1684692000000,856YWHKCtSqycaNpurbJWt70fo8yiX$0$manual$manual$0,WSHHdJeVCWjlhnOckmWe3lj75ZjJFb,2023-05-21T18:00:00.000Z
manual,,manual,,20,1684677600000,856YWHKCtSqycaNpurbJWt70fo8yiX$0$manual$manual$0,tFQ8YIjKu28YALkDtKwDIVV2AgfGjE,2023-05-21T14:00:00.000Z
manual,,manual,,20.3,1684663200000,856YWHKCtSqycaNpurbJWt70fo8yiX$0$manual$manual$0,U8tXcHf3PoMsfaBILaoR1Yu5LtoNRC,2023-05-21T10:00:00.000Z
manual,,manual,,19,1684648800000,856YWHKCtSqycaNpurbJWt70fo8yiX$0$manual$manual$0,JEzUBRthsNAk7BB8crcAgGIKUcnKjV,2023-05-21T06:00:00.000Z
manual,,manual,,19.9,1684634400000,856YWHKCtSqycaNpurbJWt70fo8yiX$0$manual$manual$0,eH012wKqVLUQLoSyku22JM5JG05En1,2023-05-21T02:00:00.000Z
manual,,manual,,20.4,1684620000000,856YWHKCtSqycaNpurbJWt70fo8yiX$0$manual$manual$0,UMrwrRBRKzB5tLa4RhyYgEy9PnBcFi,2023-05-20T22:00:00.000Z
manual,,manual,,19.1,1684605600000,856YWHKCtSqycaNpurbJWt70fo8yiX$0$manual$manual$0,pUWim5I3KSXLQqhI32PrIJ2rYgdMMW,2023-05-20T18:00:00.000Z
manual,,manual,,19.3,1684591200000,856YWHKCtSqycaNpurbJWt70fo8yiX$0$manual$manual$0,tgVPnASMb06YmzNbwuUGaWU1kvCvec,2023-05-20T14:00:00.000Z
manual,,manual,,20,1684576800000,856YWHKCtSqycaNpurbJWt70fo8yiX$0$manual$manual$0,IF6SvV1VEVTDpjNvHywM14sLr8NzoR,2023-05-20T10:00:00.000Z
manual,,manual,,19.7,1684562400000,856YWHKCtSqycaNpurbJWt70fo8yiX$0$manual$manual$0,LgmtabMIEVP4BSA254s04lIv3LpPEC,2023-05-20T06:00:00.000Z
manual,,manual,,19.5,1684548000000,856YWHKCtSqycaNpurbJWt70fo8yiX$0$manual$manual$0,LmlCVebw4YgSCZbPkIBEEfcc7kk5HJ,2023-05-20T02:00:00.000Z
manual,,manual,,20.2,1684533600000,856YWHKCtSqycaNpurbJWt70fo8yiX$0$manual$manual$0,CiMfVL13Mby02SdYU5Cl3wnvV9Nj0E,2023-05-19T22:00:00.000Z
manual,,manual,,19.1,1684519200000,856YWHKCtSqycaNpurbJWt70fo8yiX$0$manual$manual$0,9VcsXGIJlgVFDHAU4pYyvuJ7YPYGAC,2023-05-19T18:00:00.000Z
manual,,manual,,19.9,1684504800000,856YWHKCtSqycaNpurbJWt70fo8yiX$0$manual$manual$0,drItEP1sqZZRnvoFSWoMFw9Ms0um0A,2023-05-19T14:00:00.000Z
manual,,manual,,20,1684490400000,856YWHKCtSqycaNpurbJWt70fo8yiX$0$manual$manual$0,zO4kpPC8kRouBcQe7BBIbmrXCR8Opa,2023-05-19T10:00:00.000Z
manual,,manual,,19,1684476000000,856YWHKCtSqycaNpurbJWt70fo8yiX$0$manual$manual$0,eZjYxXEImj0JsdxqTd8c2pvFpyk6x6,2023-05-19T06:00:00.000Z
manual,,manual,,19.9,1684461600000,856YWHKCtSqycaNpurbJWt70fo8yiX$0$manual$manual$0,AAkPli78sBp4m8NYXw5kS9aDPKBbTv,2023-05-19T02:00:00.000Z
manual,,manual,,19.2,1684447200000,856YWHKCtSqycaNpurbJWt70fo8yiX$0$manual$manual$0,7nNgyRo3DT5L8E2GcxtQq94uU5nL3D,2023-05-18T22:00:00.000Z
manual,,manual,,20.1,1684432800000,856YWHKCtSqycaNpurbJWt70fo8yiX$0$manual$manual$0,ihwRpvwRwboQTejyH1gX6u37EXkliE,2023-05-18T18:00:00.000Z
manual,,manual,,18.9,1684418400000,856YWHKCtSqycaNpurbJWt70fo8yiX$0$manual$manual$0,OeExAfvXRtG0jN2VdEqPTjEJ6YqrYY,2023-05-18T14:00:00.000Z
manual,,manual,,20.1,1684404000000,856YWHKCtSqycaNpurbJWt70fo8yiX$0$manual$manual$0,0GwpS4MaoiF65xxo3Ugc1rIJbfmQRu,2023-05-18T10:00:00.000Z
manual,,manual,,18.9,1684389600000,856YWHKCtSqycaNpurbJWt70fo8yiX$0$manual$manual$0,jzdfTwFDKOJwcQabCR9pwDIiG0XVmJ,2023-05-18T06:00:00.000Z
manual,,manual,,20,1684375200000,856YWHKCtSqycaNpurbJWt70fo8yiX$0$manual$manual$0,xwBbIPMzXlfaa0WPhL9pQJliHn2wAc,2023-05-18T02:00:00.000Z
manual,,manual,,19,1684360800000,856YWHKCtSqycaNpurbJWt70fo8yiX$0$manual$manual$0,urN7Jcmh91DpYWZuiQ3iCfZhkfgGqE,2023-05-17T22:00:00.000Z
manual,,manual,,20.1,1684346400000,856YWHKCtSqycaNpurbJWt70fo8yiX$0$manual$manual$0,d7mc5dQLh476EXFpZ4f5P9o6Xtggqj,2023-05-17T18:00:00.000Z
manual,,manual,,19,1684332000000,856YWHKCtSqycaNpurbJWt70fo8yiX$0$manual$manual$0,7He3uoW2kBJrN9XeWCNFJwHRQkr8mQ,2023-05-17T14:00:00.000Z
manual,,manual,,20,1684317600000,856YWHKCtSqycaNpurbJWt70fo8yiX$0$manual$manual$0,3SgqAneYkKBKOuTsRPwYybKld5seZi,2023-05-17T10:00:00.000Z
manual,,manual,,19,1684303200000,856YWHKCtSqycaNpurbJWt70fo8yiX$0$manual$manual$0,T5VoFfI4wof0LwKnu9VHmFlOC2ce89,2023-05-17T06:00:00.000Z
manual,,manual,,20.1,1684288800000,856YWHKCtSqycaNpurbJWt70fo8yiX$0$manual$manual$0,u1IdkxwOU9yKAPOr6lc4svEiUgISJV,2023-05-17T02:00:00.000Z
manual,,manual,,19,1684274400000,856YWHKCtSqycaNpurbJWt70fo8yiX$0$manual$manual$0,qiRmwuy20jVB3C22tKlAozWx62sC2e,2023-05-16T22:00:00.000Z
manual,,manual,,20,1684260000000,856YWHKCtSqycaNpurbJWt70fo8yiX$0$manual$manual$0,KRpJYudNd7hbJrddGhISTSDp1EISbP,2023-05-16T18:00:00.000Z
manual,,manual,,19.8,1684245600000,856YWHKCtSqycaNpurbJWt70fo8yiX$0$manual$manual$0,elH6YX4gIKswQW9kdSTvQNiu8KYxMJ,2023-05-16T14:00:00.000Z
manual,,manual,,19.5,1684231200000,856YWHKCtSqycaNpurbJWt70fo8yiX$0$manual$manual$0,33mznw1AaoUdyidziMwIWv4qbhUhkv,2023-05-16T10:00:00.000Z
manual,,manual,,19.7,1684216800000,856YWHKCtSqycaNpurbJWt70fo8yiX$0$manual$manual$0,DEtyz294isWsDptKtVf5K213xSWmFN,2023-05-16T06:00:00.000Z
manual,,manual,,19,1684202400000,856YWHKCtSqycaNpurbJWt70fo8yiX$0$manual$manual$0,XXWvx0YNLhQVYjIvhKXlUNMkYpdK1W,2023-05-16T02:00:00.000Z
manual,,manual,,20.2,1684188000000,856YWHKCtSqycaNpurbJWt70fo8yiX$0$manual$manual$0,3R9v0yYi782BJWk6SPITGkJbPCBVMb,2023-05-15T22:00:00.000Z
manual,,manual,,19,1684173600000,856YWHKCtSqycaNpurbJWt70fo8yiX$0$manual$manual$0,3swPdx4LOPyt6HRWdNyX8holGuUNDS,2023-05-15T18:00:00.000Z
manual,,manual,,20.2,1684159200000,856YWHKCtSqycaNpurbJWt70fo8yiX$0$manual$manual$0,5JgScjX0LXJjfmgOevD5TxH6jMdgNv,2023-05-15T14:00:00.000Z
manual,,manual,,19.3,1684144800000,856YWHKCtSqycaNpurbJWt70fo8yiX$0$manual$manual$0,0uLpeCXmEgh1mkedqkDvTSI37PPCk7,2023-05-15T10:00:00.000Z
manual,,manual,,19.5,1684130400000,856YWHKCtSqycaNpurbJWt70fo8yiX$0$manual$manual$0,XU3xdmlJ1IKP9sCaOIMzp0fwmc7lcE,2023-05-15T06:00:00.000Z
manual,,manual,,20.1,1684116000000,856YWHKCtSqycaNpurbJWt70fo8yiX$0$manual$manual$0,aQ5nsLfMXOcm99zndRQsjd66wiMZ8C,2023-05-15T02:00:00.000Z
manual,,manual,,19.2,1684101600000,856YWHKCtSqycaNpurbJWt70fo8yiX$0$manual$manual$0,D9s0yQwjf8mBg42eCYVYvYV42gmYW4,2023-05-14T22:00:00.000Z
manual,,manual,,19.8,1684087200000,856YWHKCtSqycaNpurbJWt70fo8yiX$0$manual$manual$0,5QHqhIgJ61ujFUpSFK53ZG5n9YJI1G,2023-05-14T18:00:00.000Z
manual,,manual,,20.3,1684072800000,856YWHKCtSqycaNpurbJWt70fo8yiX$0$manual$manual$0,LYxxBOVHHqXgpMw6PjAbERmYaUn12I,2023-05-14T14:00:00.000Z
manual,,manual,,20.3,1684058400000,856YWHKCtSqycaNpurbJWt70fo8yiX$0$manual$manual$0,T7vkrZzryGPG5PTPHNOg8UCz7luXgB,2023-05-14T10:00:00.000Z
manual,,manual,,19.1,1684044000000,856YWHKCtSqycaNpurbJWt70fo8yiX$0$manual$manual$0,KohcxU9p7G6kDdO0ZdtqIW2WHUpHzU,2023-05-14T06:00:00.000Z
manual,,manual,,20.4,1684029600000,856YWHKCtSqycaNpurbJWt70fo8yiX$0$manual$manual$0,Uw8e5cBWA9ZyqavxBXpaMHDhjI4jec,2023-05-14T02:00:00.000Z
manual,,manual,,19,1684015200000,856YWHKCtSqycaNpurbJWt70fo8yiX$0$manual$manual$0,Tzil0hKBNudqTHTHmJWlB6fgB457PE,2023-05-13T22:00:00.000Z
manual,,manual,,19.2,1684000800000,856YWHKCtSqycaNpurbJWt70fo8yiX$0$manual$manual$0,eUXvznH08340gUChe8OnNJDrzAu4gj,2023-05-13T18:00:00.000Z
manual,,manual,,19.4,1683986400000,856YWHKCtSqycaNpurbJWt70fo8yiX$0$manual$manual$0,aVvxprAstnEAdA2cHGBBGsIs4Konj5,2023-05-13T14:00:00.000Z
manual,,manual,,20.1,1683972000000,856YWHKCtSqycaNpurbJWt70fo8yiX$0$manual$manual$0,Lrw4LHLK6HPQUcMgpdjLnh9JM0T2Wp,2023-05-13T10:00:00.000Z
manual,,manual,,19.4,1683957600000,856YWHKCtSqycaNpurbJWt70fo8yiX$0$manual$manual$0,XaTCEu78q00XACa29kDQ54qcppmeSa,2023-05-13T06:00:00.000Z
manual,,manual,,19.8,1683943200000,856YWHKCtSqycaNpurbJWt70fo8yiX$0$manual$manual$0,2tBG0rtOwj4MDYkiW2nAkV8VBIhelK,2023-05-13T02:00:00.000Z
manual,,manual,,20.2,1683928800000,856YWHKCtSqycaNpurbJWt70fo8yiX$0$manual$manual$0,7K6Fwn0ot8eNCDpIcpIMSZU07alQdJ,2023-05-12T22:00:00.000Z
manual,,manual,1.01,17.5,1683911400000,856YWHKCtSqycaNpurbJWt70fo8yiX$0$manual$manual$0,wq5EWygVwIAAX2F0wMT2C3f64ekct7,2023-05-12T17:10:00.000Z,0.145038,4.51
manual,,manual,,19.1,1683900000000,856YWHKCtSqycaNpurbJWt70fo8yiX$0$manual$manual$0,sxxYRSpXPtzbqCxN1RyyxkJheiiyiZ,2023-05-12T14:00:00.000Z,0.145038,
manual,,manual,,19.3,1683885600000,856YWHKCtSqycaNpurbJWt70fo8yiX$0$manual$manual$0,GZ4KecJh0jPm03pzh5nKlnRw75VqXG,2023-05-12T10:00:00.000Z,0.145038,
manual,,manual,,20.5,1683869400000,856YWHKCtSqycaNpurbJWt70fo8yiX$0$manual$manual$0,PwhiDIjyTFcaiNIRG7cOBUB0C9MHaQ,2023-05-12T05:30:00.000Z,0.145038,
manual,,manual,,19.3,1683856800000,856YWHKCtSqycaNpurbJWt70fo8yiX$0$manual$manual$0,mOXB3OoZy15rKIx5q9dDncwrIb8OmK,2023-05-12T02:00:00.000Z,0.145038,
manual,,manual,,19.6,1683842400000,856YWHKCtSqycaNpurbJWt70fo8yiX$0$manual$manual$0,4WQYsJip9DvqXk7FwuCyy5CS4DgzEd,2023-05-11T22:00:00.000Z,0.145038,
manual,,manual,,19.2,1683833400000,856YWHKCtSqycaNpurbJWt70fo8yiX$0$manual$manual$0,tDBjLGghR34nOVR03lve75PirCnWeO,2023-05-11T19:30:00.000Z,0.145038,
manual,,manual,,19,1683824400000,856YWHKCtSqycaNpurbJWt70fo8yiX$0$manual$manual$0,MhdaIxbNU5dJ5591nbje5rHEy3McId,2023-05-11T17:00:00.000Z,0.145038,
manual,,manual,,20.2,1683813600000,856YWHKCtSqycaNpurbJWt70fo8yiX$0$manual$manual$0,WhI9eYZN17B9oCI2EAUik3oZZnCFr8,2023-05-11T14:00:00.000Z,0.145038,
manual,,manual,,19,1683799200000,856YWHKCtSqycaNpurbJWt70fo8yiX$0$manual$manual$0,ehDDGUa0aiCGLITjpBMNu6b2gQGiEp,2023-05-11T10:00:00.000Z,0.145038,
manual,,manual,,19.7,1683781200000,856YWHKCtSqycaNpurbJWt70fo8yiX$0$manual$manual$0,kksEJrnHRV0CpfTOgukzZgvlsQ4koC,2023-05-11T05:00:00.000Z,0.145038,
manual,,manual,,19.7,1683770400000,856YWHKCtSqycaNpurbJWt70fo8yiX$0$manual$manual$0,jnDLRdeyRvHOwGw1oyJabQfxcug6LC,2023-05-11T02:00:00.000Z,0.145038,
manual,,manual,,19.7,1683756000000,856YWHKCtSqycaNpurbJWt70fo8yiX$0$manual$manual$0,FibNJflKodJkltorpIWyKDq5hOQtiL,2023-05-10T22:00:00.000Z,0.145038,
manual,,manual,,20.3,1683747900000,856YWHKCtSqycaNpurbJWt70fo8yiX$0$manual$manual$0,4v5VCvOp6AoC3TDNsHnxB8GgiiCiUM,2023-05-10T19:45:00.000Z,0.145038,
manual,,manual,,19.5,1683745200000,856YWHKCtSqycaNpurbJWt70fo8yiX$0$manual$manual$0,5nLNCUn3a9jTo7FB4Io8jyky9qv50k,2023-05-10T19:00:00.000Z,0.145038,
manual,,manual,,19.4,1683737100000,856YWHKCtSqycaNpurbJWt70fo8yiX$0$manual$manual$0,xwCzAkBppme0y86fyslSF8nwuEMc6A,2023-05-10T16:45:00.000Z,0.145038,
manual,,manual,,20.3,1683727200000,856YWHKCtSqycaNpurbJWt70fo8yiX$0$manual$manual$0,e6H3IoIbkjCdtXU6R7dTdwIZt61ORk,2023-05-10T14:00:00.000Z,0.145038,
manual,,manual,,20.4,1683712800000,856YWHKCtSqycaNpurbJWt70fo8yiX$0$manual$manual$0,HsmFk8LJlghf6Qos1DTcghJs6xje83,2023-05-10T10:00:00.000Z,0.145038,
manual,,manual,,19.2,1683696600000,856YWHKCtSqycaNpurbJWt70fo8yiX$0$manual$manual$0,hUnJL134yBNpKB6KW5ul2DD81O5UaN,2023-05-10T05:30:00.000Z,0.145038,
manual,,manual,,19.3,1683684000000,856YWHKCtSqycaNpurbJWt70fo8yiX$0$manual$manual$0,CcQbcvRa1zhKmUxn235QJj1cVizPqG,2023-05-10T02:00:00.000Z,0.145038,
manual,,manual,,19.1,1683669600000,856YWHKCtSqycaNpurbJWt70fo8yiX$0$manual$manual$0,hGvVE1uqdo3KNU0rYyKmsUGjMQyB2h,2023-05-09T22:00:00.000Z,0.145038,
manual,,manual,,19.1,1683656100000,856YWHKCtSqycaNpurbJWt70fo8yiX$0$manual$manual$0,ScarVmojYRW5RRlKJAAJpujMRZyd7R,2023-05-09T18:15:00.000Z,0.145038,
manual,,manual,,20,1683650700000,856YWHKCtSqycaNpurbJWt70fo8yiX$0$manual$manual$0,Qp157pxOZirk9xFkZCEr9w9dCfsI2N,2023-05-09T16:45:00.000Z,0.145038,
manual,,manual,,19.3,1683640800000,856YWHKCtSqycaNpurbJWt70fo8yiX$0$manual$manual$0,wXpuREiG8IDaF5KUOdXf0kyLpwnDSo,2023-05-09T14:00:00.000Z,0.145038,
manual,,manual,,19,1683626400000,856YWHKCtSqycaNpurbJWt70fo8yiX$0$manual$manual$0,UgQ6xryJipEuqvRupZLbzii5Pkq0oO,2023-05-09T10:00:00.000Z,0.145038,
manual,,manual,,20.4,1683608400000,856YWHKCtSqycaNpurbJWt70fo8yiX$0$manual$manual$0,kQ8giQWxcG4Vgy7uGFPZl5U0a7nEtv,2023-05-09T05:00:00.000Z,0.145038,
manual,,manual,,19.8,1683597600000,856YWHKCtSqycaNpurbJWt70fo8yiX$0$manual$manual$0,waaqEX5JLaEI6X0yMoRV2WYy15PXRC,2023-05-09T02:00:00.000Z,0.145038,
manual,,manual,,19,1683583200000,856YWHKCtSqycaNpurbJWt70fo8yiX$0$manual$manual$0,8i58lGQpbfOo7pZGSIkqvzIYN2Rn7h,2023-05-08T22:00:00.000Z,0.145038,
manual,,manual,,19.1,1683568800000,856YWHKCtSqycaNpurbJWt70fo8yiX$0$manual$manual$0,FiQmlc4NzPPdrkSeg1T3F3lY2EtEMY,2023-05-08T18:00:00.000Z,0.145038,
manual,,manual,,19.3,1683554400000,856YWHKCtSqycaNpurbJWt70fo8yiX$0$manual$manual$0,AOHagjIlYLQjmWRoyPI56m1iT3HjUo,2023-05-08T14:00:00.000Z,0.145038,
manual,,manual,,19.1,1683540000000,856YWHKCtSqycaNpurbJWt70fo8yiX$0$manual$manual$0,tX2QIOKQYn6fN5z60g3HslCP7GEnSf,2023-05-08T10:00:00.000Z,0.145038,
manual,,manual,,19,1683525600000,856YWHKCtSqycaNpurbJWt70fo8yiX$0$manual$manual$0,KT7mwxpsgwv64Q3gCAsoQ0k2a43fBt,2023-05-08T06:00:00.000Z,0.145038,
manual,,manual,,19.8,1683511200000,856YWHKCtSqycaNpurbJWt70fo8yiX$0$manual$manual$0,emVs9iHr7SJjlqO4b2topQE5gQ0UhJ,2023-05-08T02:00:00.000Z,0.145038,
manual,,manual,,19.9,1683496800000,856YWHKCtSqycaNpurbJWt70fo8yiX$0$manual$manual$0,EbnWNL5p8hx5WjBYpH8vewJgNOaLqN,2023-05-07T22:00:00.000Z,0.145038,
manual,,manual,,19.1,1683482400000,856YWHKCtSqycaNpurbJWt70fo8yiX$0$manual$manual$0,zxoPnu80UUpb7iQTDbPvCyvQYbd0PA,2023-05-07T18:00:00.000Z,0.145038,
manual,,manual,,19.5,1683471600000,856YWHKCtSqycaNpurbJWt70fo8yiX$0$manual$manual$0,sFqSUiuBGSyFxju3rXLZK903sx9iOY,2023-05-07T15:00:00.000Z,0.145038,
manual,,manual,,19.1,1683468000000,856YWHKCtSqycaNpurbJWt70fo8yiX$0$manual$manual$0,OOcofWd2CVrNo5l4irt1pQ42S3kPtu,2023-05-07T14:00:00.000Z,0.145038,
manual,,manual,,20.4,1683453600000,856YWHKCtSqycaNpurbJWt70fo8yiX$0$manual$manual$0,zYZwLLsxXx07r4JyDPB6ZymPH3q2GT,2023-05-07T10:00:00.000Z,0.145038,
manual,,manual,,20.3,1683437400000,856YWHKCtSqycaNpurbJWt70fo8yiX$0$manual$manual$0,Y7Dv7YoLFwuoKKrwUc4yiijn6rw1Qd,2023-05-07T05:30:00.000Z,0.145038,
manual,,manual,,19.2,1683424800000,856YWHKCtSqycaNpurbJWt70fo8yiX$0$manual$manual$0,9F3twBPtQ2M0FKPDhHzbfG8A3B1AVb,2023-05-07T02:00:00.000Z,0.145038,
manual,,manual,,20.1,1683410400000,856YWHKCtSqycaNpurbJWt70fo8yiX$0$manual$manual$0,tCL1CiY6lK6UR0psCcM3j6z9JGC4Xg,2023-05-06T22:00:00.000Z,0.145038,
manual,,manual,,19.2,1683396000000,856YWHKCtSqycaNpurbJWt70fo8yiX$0$manual$manual$0,tAwZpYWQlFEIM5oUEj5OfjnqpJBjub,2023-05-06T18:00:00.000Z,0.145038,
manual,,manual,,19.2,1683381600000,856YWHKCtSqycaNpurbJWt70fo8yiX$0$manual$manual$0,338B2ObgAlLFgXMsPhNtFkWmJI0fkU,2023-05-06T14:00:00.000Z,0.145038,
manual,,manual,,19.5,1683373500000,856YWHKCtSqycaNpurbJWt70fo8yiX$0$manual$manual$0,Jba0IE6z1wvaWLRPDqmFqPRsxHbid6,2023-05-06T11:45:00.000Z,0.145038,
manual,,manual,,19.2,1683367200000,856YWHKCtSqycaNpurbJWt70fo8yiX$0$manual$manual$0,1G8qPT2H8ocLdJPA32BbPw3RBfLDwu,2023-05-06T10:00:00.000Z,0.145038,
manual,,manual,,18.9,1683356400000,856YWHKCtSqycaNpurbJWt70fo8yiX$0$manual$manual$0,h00MJPzPWBjBLNLFRJS8bV3CzSfAIX,2023-05-06T07:00:00.000Z,0.145038,
manual,,manual,,19.3,1683339300000,856YWHKCtSqycaNpurbJWt70fo8yiX$0$manual$manual$0,7E8LUfmfJpxPGURMGZsyUoFC5rEz4a,2023-05-06T02:15:00.000Z,0.145038,
manual,,manual,,20.1,1683324000000,856YWHKCtSqycaNpurbJWt70fo8yiX$0$manual$manual$0,XukQ5vU0wGCf1iHbh5FfHxqDDO77Xs,2023-05-05T22:00:00.000Z,0.145038,
manual,,manual,,19.1,1683316800000,856YWHKCtSqycaNpurbJWt70fo8yiX$0$manual$manual$0,2l8iWdo6g6pMAuk23iKnoRy2ncKv3d,2023-05-05T20:00:00.000Z,0.145038,
manual,,manual,,19.4,1683309600000,856YWHKCtSqycaNpurbJWt70fo8yiX$0$manual$manual$0,bamLh8nixx4d8GA3yqX5dMfE9h5Nq4,2023-05-05T18:00:00.000Z,0.145038,
manual,,manual,,19.3,1683296100000,856YWHKCtSqycaNpurbJWt70fo8yiX$0$manual$manual$0,UuXnO2Ji1GEzctGkCCpH5pXqXiV9OA,2023-05-05T14:15:00.000Z,0.145038,
manual,,manual,,19.2,1683280800000,856YWHKCtSqycaNpurbJWt70fo8yiX$0$manual$manual$0,HVuCV5NAZyvKv69DkTvlsRe8E0kUQV,2023-05-05T10:00:00.000Z,0.145038,
manual,,manual,,19,1683266400000,856YWHKCtSqycaNpurbJWt70fo8yiX$0$manual$manual$0,E5pK2t1Mj1RKY4AX7llr5v2UGkrsUC,2023-05-05T06:00:00.000Z,0.145038,
manual,,manual,,19.1,1683252000000,856YWHKCtSqycaNpurbJWt70fo8yiX$0$manual$manual$0,ftvoEDtyuDoUxEAytFv4zfvop1xTki,2023-05-05T02:00:00.000Z,0.145038,
manual,,manual,,19.1,1683237600000,856YWHKCtSqycaNpurbJWt70fo8yiX$0$manual$manual$0,iadWvPFZqG9jIjEKP0OUJ8kagJoaiE,2023-05-04T22:00:00.000Z,0.145038,
manual,,manual,,19.2,1683223200000,856YWHKCtSqycaNpurbJWt70fo8yiX$0$manual$manual$0,43XaPF4AJIR4TOxcqL97BiULNwnum2,2023-05-04T18:00:00.000Z,0.145038,
manual,,manual,,19.4,1683208800000,856YWHKCtSqycaNpurbJWt70fo8yiX$0$manual$manual$0,TIO4xwIAeCWnXFXsx58XlLGte5JNWM,2023-05-04T14:00:00.000Z,0.145038,
manual,,manual,,19.7,1683194400000,856YWHKCtSqycaNpurbJWt70fo8yiX$0$manual$manual$0,Q9sOYsUIAdjdTV8vTkSQ3RL8vXwSk5,2023-05-04T10:00:00.000Z,0.145038,
manual,,manual,,20.2,1683180000000,856YWHKCtSqycaNpurbJWt70fo8yiX$0$manual$manual$0,R4mermU18rTdQMyMtzOtzwZFBM1iOn,2023-05-04T06:00:00.000Z,0.145038,
manual,,manual,,19.2,1683165600000,856YWHKCtSqycaNpurbJWt70fo8yiX$0$manual$manual$0,48TmZ1zYiB1j0dVySDwh3axb6SNuM9,2023-05-04T02:00:00.000Z,0.145038,
manual,,manual,,19.4,1683151200000,856YWHKCtSqycaNpurbJWt70fo8yiX$0$manual$manual$0,BVzhdvShtq0yRsbdNwIZpNuu9FfgGC,2023-05-03T22:00:00.000Z,0.145038,
manual,,manual,,20.1,1683147600000,856YWHKCtSqycaNpurbJWt70fo8yiX$0$manual$manual$0,tVRMOz7UcwKKda5CQHM7i4W67tnIwv,2023-05-03T21:00:00.000Z,0.145038,
manual,,manual,,19.3,1683129600000,856YWHKCtSqycaNpurbJWt70fo8yiX$0$manual$manual$0,tURNck8lvLm56LbHytEm9mNUVA1FSX,2023-05-03T16:00:00.000Z,0.145038,
manual,,manual,,19.3,1683118800000,856YWHKCtSqycaNpurbJWt70fo8yiX$0$manual$manual$0,UROIczstOO207lUomRTMwa21izq0Mk,2023-05-03T13:00:00.000Z,0.145038,
manual,,manual,,19.1,1683108000000,856YWHKCtSqycaNpurbJWt70fo8yiX$0$manual$manual$0,pKNc3XR6x1Ayqv5DaMFL17qHtpCfx4,2023-05-03T10:00:00.000Z,0.145038,
manual,,manual,,19.3,1683100800000,856YWHKCtSqycaNpurbJWt70fo8yiX$0$manual$manual$0,y2PDP3DRjXvvmFOhdm2QT41weaA77a,2023-05-03T08:00:00.000Z,0.145038,
manual,,manual,,20,1683086400000,856YWHKCtSqycaNpurbJWt70fo8yiX$0$manual$manual$0,ZbcBd47ErSniUq0RSFB8P37DSpskiv,2023-05-03T04:00:00.000Z,0.145038,
manual,,manual,,19,1683072000000,856YWHKCtSqycaNpurbJWt70fo8yiX$0$manual$manual$0,fh8bjPNNefZ1zxGHJBbYzdtNNs0aQJ,2023-05-03T00:00:00.000Z,0.145038,
manual,,manual,,19.1,1683050400000,856YWHKCtSqycaNpurbJWt70fo8yiX$0$manual$manual$0,MzIF1rorpg4PC0sgj0I2Z4nEXEjplf,2023-05-02T18:00:00.000Z,0.145038,
manual,,manual,,19.4,1683035100000,856YWHKCtSqycaNpurbJWt70fo8yiX$0$manual$manual$0,E9Qw54IRUTUAKDnAnLjjZSA1VmQ6LL,2023-05-02T13:45:00.000Z,0.145038,
manual,,manual,,19.1,1683021600000,856YWHKCtSqycaNpurbJWt70fo8yiX$0$manual$manual$0,dQ8dB5xiBYv8rpA5yTpcCGtmNljBgs,2023-05-02T10:00:00.000Z,0.145038,
manual,,manual,,19.6,1683007200000,856YWHKCtSqycaNpurbJWt70fo8yiX$0$manual$manual$0,1gjhIPc6OAoxnP3cClZFpTDjE3A7ZY,2023-05-02T06:00:00.000Z,0.145038,
manual,,manual,,20.1,1682992800000,856YWHKCtSqycaNpurbJWt70fo8yiX$0$manual$manual$0,nemdWx39N5EstL5pTqBK71ugwNJPwO,2023-05-02T02:00:00.000Z,0.145038,
manual,,manual,,19.8,1682973000000,856YWHKCtSqycaNpurbJWt70fo8yiX$0$manual$manual$0,5t5PcgwlrFwllqGljp80bhRdRpbwPb,2023-05-01T20:30:00.000Z,0.145038,
manual,,manual,,19,1682964900000,856YWHKCtSqycaNpurbJWt70fo8yiX$0$manual$manual$0,sUD8OACeZANjDO03dr5K7uFObm3DFk,2023-05-01T18:15:00.000Z,0.145038,
manual,,manual,,19.5,1682936100000,856YWHKCtSqycaNpurbJWt70fo8yiX$0$manual$manual$0,HHt5S51AanscmZHjEMsOOa6nWuMLEo,2023-05-01T10:15:00.000Z,0.145038,
manual,,manual,1.044,20.4,1682922360000,856YWHKCtSqycaNpurbJWt70fo8yiX$0$manual$manual$0,p9zXgElxNEIx9EgMlfa5WS84uQz6SM,2023-05-01T06:26:00.000Z,0.145038,5.43